id,uuid,observed_on_string,observed_on,time_observed_at,time_zone,user_id,user_login,user_name,created_at,updated_at,quality_grade,license,url,image_url,sound_url,tag_list,description,num_identification_agreements,num_identification_disagreements,captive_cultivated,oauth_application_id,place_guess,latitude,longitude,positional_accuracy,private_place_guess,private_latitude,private_longitude,public_positional_accuracy,geoprivacy,taxon_geoprivacy,coordinates_obscured,positioning_method,positioning_device,species_guess,scientific_name,common_name,iconic_taxon_name,taxon_id,assigned_zone
89666827,123168e9-b3dc-4f3e-b456-693f50616c05,Mon Aug 02 2021 13:42:51 GMT-0400 (EDT),2021-08-02,2021-08-02 17:42:51 UTC,Eastern Time (US & Canada),2365055,kleonffu,,2021-08-02 17:42:59 UTC,2024-03-20 16:25:41 UTC,research,CC-BY-NC,https://www.inaturalist.org/observations/89666827,https://inaturalist-open-data.s3.amazonaws.com/photos/148098262/medium.jpg,,,,2,0,False,3,"Eastern St, New Haven, CT, US",41.3144549994,-72.873803372,8.0,,,,8.0,,open,False,,,spotted horse mint,Monarda punctata,spotted horsemint,Plantae,118776.0,C
90275831,b598f754-aa5a-44f9-b1c4-314ff62e2570,Fri Aug 06 2021 18:31:01 GMT -0400 (EDT),2021-08-06,2021-08-06 22:31:01 UTC,Eastern Time (US & Canada),2365055,kleonffu,,2021-08-07 16:21:37 UTC,2021-08-19 02:17:24 UTC,research,CC-BY-NC,https://www.inaturalist.org/observations/90275831,https://inaturalist-open-data.s3.amazonaws.com/photos/150506828/medium.jpeg,,,,1,0,False,333,New Haven,41.3143997192,-72.8737564087,4.0,,,,4.0,,,False,,,Small Milkweed Bug,Lygaeus kalmii,Small Milkweed Bug,Insecta,62045.0,Garden Boundary
115734820,bb821201-8d2d-4153-9b85-e84fc9f77160,2022-03-31 17:08:05,2022-03-31,2022-03-31 21:08:05 UTC,Eastern Time (US & Canada),5637772,kat361,Kat Calhoun,2022-05-06 14:23:34 UTC,2026-04-15 01:27:54 UTC,needs_id,,https://www.inaturalist.org/observations/115734820,https://static.inaturalist.org/photos/195334462/medium.jpeg,,,Bee baln ??  ,0,0,False,2,"Fair Haven Heights, New Haven, CT, USA",41.31439612,-72.87381227,9.0,,,,9.0,,,False,,,,Magnoliopsida,Dicots,Plantae,47124.0,A
115734858,354eb51f-6eaf-4245-8353-85c602a8e9d0,2022-03-31 17:10:39,2022-03-31,2022-03-31 21:10:39 UTC,Eastern Time (US & Canada),5637772,kat361,Kat Calhoun,2022-05-06 14:23:56 UTC,2022-05-06 14:24:13 UTC,needs_id,,https://www.inaturalist.org/observations/115734858,https://static.inaturalist.org/photos/195334541/medium.jpeg,,,,0,0,False,2,"Fair Haven Heights, New Haven, CT, USA",41.3145057,-72.87376414,7.0,,,,7.0,,,False,,,garden parsley,Petroselinum crispum,garden parsley,Plantae,78465.0,F
115734888,bf418433-695f-49b3-b01b-331b8922732c,2022-03-31 17:11:22,2022-03-31,2022-03-31 21:11:22 UTC,Eastern Time (US & Canada),5637772,kat361,Kat Calhoun,2022-05-06 14:24:15 UTC,2026-04-15 01:27:42 UTC,needs_id,,https://www.inaturalist.org/observations/115734888,https://static.inaturalist.org/photos/195334620/medium.jpeg,,,Some groundcover,0,0,False,2,"Fair Haven Heights, New Haven, CT, USA",41.31448279,-72.87378748,9.0,,,,9.0,,,False,,,,Magnoliopsida,Dicots,Plantae,47124.0,C
115734927,e6bebff6-d4aa-4a3f-be43-4ad2690605a4,2022-03-31 17:12:41,2022-03-31,2022-03-31 21:12:41 UTC,Eastern Time (US & Canada),5637772,kat361,Kat Calhoun,2022-05-06 14:24:32 UTC,2022-12-13 12:31:21 UTC,research,,https://www.inaturalist.org/observations/115734927,https://static.inaturalist.org/photos/195334686/medium.jpeg,,,,2,0,False,2,"Fair Haven Heights, New Haven, CT, USA",41.31447275,-72.87383437,7.0,,,,7.0,,,False,,,white clover,Trifolium repens,white clover,Plantae,55745.0,C
115734963,ecf1ef66-5fc3-43a1-879e-78869dd110c2,2022-03-31 17:13:32,2022-03-31,2022-03-31 21:13:32 UTC,Eastern Time (US & Canada),5637772,kat361,Kat Calhoun,2022-05-06 14:24:48 UTC,2026-04-15 01:27:24 UTC,needs_id,,https://www.inaturalist.org/observations/115734963,https://static.inaturalist.org/photos/195334782/medium.jpeg,,,,0,0,False,2,"New Haven County, US-CT, US",41.31442116,-72.8738544,8.0,,,,8.0,,,False,,,,Magnoliopsida,Dicots,Plantae,47124.0,Garden Boundary
115735016,a6a09298-9fce-45cf-bf3a-612fed725d16,2022-03-31 17:14:34,2022-03-31,2022-03-31 21:14:34 UTC,Eastern Time (US & Canada),5637772,kat361,Kat Calhoun,2022-05-06 14:25:12 UTC,2022-10-19 22:03:38 UTC,needs_id,,https://www.inaturalist.org/observations/115735016,https://static.inaturalist.org/photos/195334894/medium.jpeg,,,,2,0,False,2,"Fair Haven Heights, New Haven, CT, USA",41.31435373,-72.87375887,8.0,,,,8.0,,,False,,,"evening primroses, sundrops, and beeblossoms",Oenothera,"evening primroses, sundrops, and beeblossoms",Plantae,48626.0,Garden Boundary
115735057,1dc80f8e-8ff9-4be7-aef7-71b4e62530f3,2022-03-31 17:15:52,2022-03-31,2022-03-31 21:15:52 UTC,Eastern Time (US & Canada),5637772,kat361,Kat Calhoun,2022-05-06 14:25:39 UTC,2026-04-15 01:27:12 UTC,needs_id,,https://www.inaturalist.org/observations/115735057,https://static.inaturalist.org/photos/195334945/medium.jpeg,,,,0,0,False,2,"Fair Haven Heights, New Haven, CT, USA",41.31436653,-72.87375796,8.0,,,,8.0,,,False,,,,Magnoliopsida,Dicots,Plantae,47124.0,Garden Boundary
115735093,61957044-f9da-49ef-93e9-7952978dfebf,2022-03-31 17:16:27,2022-03-31,2022-03-31 21:16:27 UTC,Eastern Time (US & Canada),5637772,kat361,Kat Calhoun,2022-05-06 14:25:55 UTC,2026-04-15 01:27:00 UTC,needs_id,,https://www.inaturalist.org/observations/115735093,https://static.inaturalist.org/photos/195335012/medium.jpeg,,,,0,0,False,2,"Fair Haven Heights, New Haven, CT, USA",41.31437927,-72.87377143,9.0,,,,9.0,,,False,,,,Magnoliopsida,Dicots,Plantae,47124.0,A
117920955,b5691ff5-c906-461d-88cc-95e675d72a83,2022-05-20 17:18:14,2022-05-20,2022-05-20 21:18:14 UTC,Eastern Time (US & Canada),5637772,kat361,Kat Calhoun,2022-05-20 21:40:13 UTC,2025-10-02 21:33:52 UTC,needs_id,,https://www.inaturalist.org/observations/117920955,https://static.inaturalist.org/photos/199187502/medium.jpeg,,,,1,0,False,2,"Fair Haven Heights, New Haven, CT, USA",41.31445409,-72.87379582,7.0,,,,7.0,,,False,,,White Wood Aster,Eurybia divaricata,White Wood Aster,Plantae,127685.0,C
117921037,1ee9ecce-6c25-4371-97ed-fa6eb7c31a71,2022-05-20 17:40:33,2022-05-20,2022-05-20 21:40:33 UTC,Eastern Time (US & Canada),5637772,kat361,Kat Calhoun,2022-05-20 21:41:05 UTC,2026-04-11 05:29:57 UTC,needs_id,,https://www.inaturalist.org/observations/117921037,https://static.inaturalist.org/photos/199187671/medium.jpeg,,,,0,0,False,2,"Fair Haven Heights, New Haven, CT, USA",41.31444257,-72.87385867,7.0,,,,7.0,,,False,,,,Magnoliopsida,Dicots,Plantae,47124.0,D
117921077,7d21eb47-f575-4302-a926-542330e8814c,2022-05-20 17:41:10,2022-05-20,2022-05-20 21:41:10 UTC,Eastern Time (US & Canada),5637772,kat361,Kat Calhoun,2022-05-20 21:41:25 UTC,2025-12-30 13:23:04 UTC,needs_id,,https://www.inaturalist.org/observations/117921077,https://static.inaturalist.org/photos/199187746/medium.jpeg,,,,2,0,False,2,"Fair Haven Heights, New Haven, CT, USA",41.31443974,-72.87383318,8.0,,,,8.0,,,False,,,meadowsweets,Spiraea,meadowsweets,Plantae,48681.0,Garden Boundary
117921207,c5e477a2-cb33-4572-b1c6-8c4603e6cad5,2022-05-20 17:41:39,2022-05-20,2022-05-20 21:41:39 UTC,Eastern Time (US & Canada),5637772,kat361,Kat Calhoun,2022-05-20 21:42:42 UTC,2026-04-11 05:29:39 UTC,needs_id,,https://www.inaturalist.org/observations/117921207,https://static.inaturalist.org/photos/199188099/medium.jpeg,,,,0,0,False,2,"Fair Haven Heights, New Haven, CT, USA",41.31443067,-72.87385467,7.0,,,,7.0,,,False,,,,Magnoliopsida,Dicots,Plantae,47124.0,D
117921281,9bb4ac51-627a-456f-9432-e7792838eae7,2022-05-20 17:42:47,2022-05-20,2022-05-20 21:42:47 UTC,Eastern Time (US & Canada),5637772,kat361,Kat Calhoun,2022-05-20 21:43:41 UTC,2023-03-08 21:31:46 UTC,research,,https://www.inaturalist.org/observations/117921281,https://static.inaturalist.org/photos/199188119/medium.jpeg,,,,2,0,False,2,"Fair Haven Heights, New Haven, CT, USA",41.31439286,-72.87389991,8.0,,,,8.0,,,False,,,ribwort plantain,Plantago lanceolata,ribwort plantain,Plantae,53178.0,Garden Boundary
117921298,38a35c54-92fb-41ea-9aa3-7dd5a6bd272c,2022-05-20 17:43:18,2022-05-20,2022-05-20 21:43:18 UTC,Eastern Time (US & Canada),5637772,kat361,Kat Calhoun,2022-05-20 21:43:52 UTC,2022-05-21 13:16:15 UTC,needs_id,,https://www.inaturalist.org/observations/117921298,https://static.inaturalist.org/photos/199188171/medium.jpeg,,,,0,0,False,2,"Fair Haven Heights, New Haven, CT, USA",41.31438036,-72.87386957,7.0,,,,7.0,,,False,,,,Cornus,dogwoods,Plantae,47193.0,Garden Boundary
117921334,d00a526a-d8a7-4c06-a209-d4c5ffc99077,2022-05-20 17:43:50,2022-05-20,2022-05-20 21:43:50 UTC,Eastern Time (US & Canada),5637772,kat361,Kat Calhoun,2022-05-20 21:44:08 UTC,2026-03-09 23:10:15 UTC,research,,https://www.inaturalist.org/observations/117921334,https://static.inaturalist.org/photos/199188205/medium.jpeg,,,,2,0,False,2,"Fair Haven Heights, New Haven, CT, USA",41.31439537,-72.8738902,4.0,,,,4.0,,open,False,,,pineapple-weed,Matricaria discoidea,pineapple-weed,Plantae,52992.0,B
117921524,c04ddb3a-18b4-4d1d-b881-8bf1c6faff7c,2022-05-20 17:44:49,2022-05-20,2022-05-20 21:44:49 UTC,Eastern Time (US & Canada),5637772,kat361,Kat Calhoun,2022-05-20 21:46:13 UTC,2022-05-23 16:43:32 UTC,research,,https://www.inaturalist.org/observations/117921524,https://static.inaturalist.org/photos/199188631/medium.jpeg,,,Going to flower soo - getting it OUT,1,0,False,2,"Fair Haven Heights, New Haven, CT, USA",41.31434967,-72.87381855,5.0,,,,5.0,,,False,,,common mugwort,Artemisia vulgaris,common mugwort,Plantae,52856.0,Garden Boundary
117922109,cdfda7b8-d0b5-4653-8b55-9a17b287036c,2022-05-20 17:51:38,2022-05-20,2022-05-20 21:51:38 UTC,Eastern Time (US & Canada),5637772,kat361,Kat Calhoun,2022-05-20 21:52:03 UTC,2022-05-21 13:15:28 UTC,needs_id,,https://www.inaturalist.org/observations/117922109,https://static.inaturalist.org/photos/199189819/medium.jpeg,,,,0,0,False,2,"Fair Haven Heights, New Haven, CT, USA",41.31444864,-72.87376516,8.0,,,,8.0,,,False,,,,Rumex crispus,curly dock,Plantae,53197.0,Garden Boundary
117923876,4d0f681a-21dc-4869-9bfb-d2c8cfa30f82,2022-05-20 18:06:41,2022-05-20,2022-05-20 22:06:41 UTC,Eastern Time (US & Canada),5637772,kat361,Kat Calhoun,2022-05-20 22:07:11 UTC,2026-04-11 05:27:39 UTC,needs_id,,https://www.inaturalist.org/observations/117923876,https://static.inaturalist.org/photos/199192646/medium.jpeg,,,,0,0,False,2,"Fair Haven Heights, New Haven, CT, USA",41.31429972,-72.87380392,7.0,,,,7.0,,,False,,,,Magnoliopsida,Dicots,Plantae,47124.0,Garden Boundary
117934968,d796b957-47ad-40cb-9cf2-b0843042676e,2022-05-20 19:14:19,2022-05-20,2022-05-20 23:14:19 UTC,Eastern Time (US & Canada),5637772,kat361,Kat Calhoun,2022-05-20 23:48:16 UTC,2022-05-22 18:41:51 UTC,research,,https://www.inaturalist.org/observations/117934968,https://static.inaturalist.org/photos/199212649/medium.jpeg,,,,2,0,False,2,"Fair Haven Heights, New Haven, CT, USA",41.31429363,-72.87390805,9.0,,,,9.0,,open,False,,,American beech,Fagus grandifolia,American beech,Plantae,49202.0,Garden Boundary
117937703,ebe8fb7f-c277-48d5-b71d-640c41f40d4b,2022-05-20 19:20:20,2022-05-20,2022-05-20 23:20:20 UTC,Eastern Time (US & Canada),5637772,kat361,Kat Calhoun,2022-05-21 00:17:52 UTC,2026-04-11 05:01:21 UTC,needs_id,,https://www.inaturalist.org/observations/117937703,https://static.inaturalist.org/photos/199217412/medium.jpeg,,,Lots in garden path ... new England aster from windblown seed?,0,0,False,2,"Fair Haven Heights, New Haven, CT, USA",41.3143142777,-72.8738372773,232.0,,,,232.0,,,False,gps,gps,,Magnoliopsida,Dicots,Plantae,47124.0,Garden Boundary
118388848,1766445f-e8b1-486e-bc14-4999b8914146,2022-05-23 12:40:22,2022-05-23,2022-05-23 16:40:22 UTC,Eastern Time (US & Canada),5637772,kat361,Kat Calhoun,2022-05-23 16:41:35 UTC,2025-04-29 10:36:39 UTC,needs_id,,https://www.inaturalist.org/observations/118388848,https://static.inaturalist.org/photos/200018209/medium.jpeg,,,I'm guessing,1,0,False,2,"Fair Haven Heights, New Haven, CT, USA",41.31442798,-72.87381735,9.0,,,,9.0,,,False,,,German Chamomile,Matricaria chamomilla,German Chamomile,Plantae,77965.0,Garden Boundary
118389009,eabfb18b-add1-4332-872d-6146113b9f69,2022-05-23 12:42:08,2022-05-23,2022-05-23 16:42:08 UTC,Eastern Time (US & Canada),5637772,kat361,Kat Calhoun,2022-05-23 16:42:35 UTC,2026-04-10 13:37:27 UTC,needs_id,,https://www.inaturalist.org/observations/118389009,https://static.inaturalist.org/photos/200018456/medium.jpeg,,,This will have a small yellow flower in late summer or is it?,0,0,False,2,"Fair Haven Heights, New Haven, CT, USA",41.31443591,-72.87373617,6.0,,,,6.0,,,False,,,,Tracheophyta,Vascular Plants,Plantae,211194.0,Garden Boundary
121305802,a2571f29-2482-4b1a-ac2d-b752679ca7eb,2022-06-11 17:07:14,2022-06-11,2022-06-11 21:07:14 UTC,Eastern Time (US & Canada),5637772,kat361,Kat Calhoun,2022-06-11 21:11:44 UTC,2022-07-27 03:10:36 UTC,research,,https://www.inaturalist.org/observations/121305802,https://static.inaturalist.org/photos/205254812/medium.jpeg,,,Plant -  The 8th is silvery underside as mudwart,1,0,False,2,"Fair Haven Heights, New Haven, CT, USA",41.314584,-72.87387735,7.0,,,,7.0,,,False,,,Silvery Cinquefoil,Potentilla argentea,Silvery Cinquefoil,Plantae,124552.0,outside
122016714,83dd0050-5706-4875-8b71-1870a412b706,2022-06-16 09:55:49,2022-06-16,2022-06-16 13:55:49 UTC,Eastern Time (US & Canada),5637772,kat361,Kat Calhoun,2022-06-16 13:57:52 UTC,2025-10-26 21:14:54 UTC,needs_id,,https://www.inaturalist.org/observations/122016714,https://static.inaturalist.org/photos/206541370/medium.jpeg,,,Fungus looks like shrimp tail,1,0,False,2,"Fair Haven Heights, New Haven, CT, USA",41.31429566,-72.87374473,8.0,,,,8.0,,,False,,,stinkhorns and allies,Satyrus rugulosus,Wrinkly Stinkhorn,Fungi,1649482.0,Garden Boundary
123888799,a0274a25-fb44-4f86-94a7-71e4ca3faa52,2022-06-28 17:42:06,2022-06-28,2022-06-28 21:42:06 UTC,Eastern Time (US & Canada),5637772,kat361,Kat Calhoun,2022-06-28 21:43:18 UTC,2024-03-25 20:29:50 UTC,needs_id,,https://www.inaturalist.org/observations/123888799,https://static.inaturalist.org/photos/209927338/medium.jpeg,,,Plant,1,0,False,2,"Fair Haven Heights, New Haven, CT, USA",41.31440222,-72.87384103,4.0,,,,4.0,,,False,,,Oriental bittersweet,Celastrus orbiculatus,Asian bittersweet,Plantae,64540.0,A
123888946,f64bc2b2-a9f8-4296-bb3c-7e26c8d1fa00,2022-06-28 17:43:34,2022-06-28,2022-06-28 21:43:34 UTC,Eastern Time (US & Canada),5637772,kat361,Kat Calhoun,2022-06-28 21:44:26 UTC,2026-03-30 01:26:15 UTC,needs_id,,https://www.inaturalist.org/observations/123888946,https://static.inaturalist.org/photos/209927612/medium.jpeg,,,Plant,0,0,False,2,"Fair Haven Heights, New Haven, CT, USA",41.31442768,-72.87386862,6.0,,,,6.0,,,False,,,,Magnoliopsida,Dicots,Plantae,47124.0,D
123889251,b4023edf-4717-4374-8e6c-1048fe2711eb,2022-06-28 17:46:23,2022-06-28,2022-06-28 21:46:23 UTC,Eastern Time (US & Canada),5637772,kat361,Kat Calhoun,2022-06-28 21:47:19 UTC,2022-06-28 21:47:26 UTC,needs_id,,https://www.inaturalist.org/observations/123889251,https://static.inaturalist.org/photos/209928211/medium.jpeg,,,,0,0,False,2,"Fair Haven Heights, New Haven, CT, USA",41.31441364,-72.8738764,5.0,,,,5.0,,,False,,,common evening-primrose,Oenothera biennis,common evening-primrose,Plantae,62207.0,Garden Boundary
123889516,ad4f19da-b54c-47b2-a27b-cf3295406e41,2022-06-28 17:47:24,2022-06-28,2022-06-28 21:47:24 UTC,Eastern Time (US & Canada),5637772,kat361,Kat Calhoun,2022-06-28 21:49:50 UTC,2026-02-13 00:56:13 UTC,research,,https://www.inaturalist.org/observations/123889516,https://static.inaturalist.org/photos/209928645/medium.jpeg,,,Plant w sm  Fern like leaves,2,0,False,2,"Fair Haven Heights, New Haven, CT, USA",41.31447348,-72.87386286,8.0,,,,8.0,,,False,,,sweet annie,Artemisia annua,sweet annie,Plantae,75584.0,Garden Boundary
123889714,208dc1f5-82a5-4407-941e-f020a1fce45d,2022-06-28 17:49:55,2022-06-28,2022-06-28 21:49:55 UTC,Eastern Time (US & Canada),5637772,kat361,Kat Calhoun,2022-06-28 21:50:42 UTC,2026-03-30 01:25:33 UTC,needs_id,,https://www.inaturalist.org/observations/123889714,https://static.inaturalist.org/photos/209928832/medium.jpeg,,,Plant,0,0,False,2,"Fair Haven Heights, New Haven, CT, USA",41.3144332,-72.87379884,5.0,,,,5.0,,,False,,,,Magnoliopsida,Dicots,Plantae,47124.0,Garden Boundary
124029719,076f9451-d285-4384-9f69-27343f7eaaa7,2022-06-29 18:05:01,2022-06-29,2022-06-29 22:05:01 UTC,Eastern Time (US & Canada),5637772,kat361,Kat Calhoun,2022-06-29 22:06:10 UTC,2022-06-30 11:10:01 UTC,research,,https://www.inaturalist.org/observations/124029719,https://static.inaturalist.org/photos/210183761/medium.jpeg,,,,1,0,False,2,"Fair Haven Heights, New Haven, CT, USA",41.31424302,-72.87373081,10.0,,,,10.0,,open,False,,,Common Yarrow,Achillea millefolium,common yarrow,Plantae,52821.0,Garden Boundary
124030011,42829a5f-ba7c-4546-a543-6e11c2491472,2022-06-29 18:06:36,2022-06-29,2022-06-29 22:06:36 UTC,Eastern Time (US & Canada),5637772,kat361,Kat Calhoun,2022-06-29 22:08:40 UTC,2025-03-16 22:28:44 UTC,research,,https://www.inaturalist.org/observations/124030011,https://static.inaturalist.org/photos/210184216/medium.jpeg,,,,2,0,False,2,"Fair Haven Heights, New Haven, CT, USA",41.31436567,-72.87375327,9.0,,,,9.0,,open,False,,,Brown-belted Bumble Bee,Bombus griseocollis,Brown-belted Bumble Bee,Insecta,120215.0,Garden Boundary
124030506,d7790271-ea02-4088-841a-59dccb4ef9a2,2022-06-29 18:12:28,2022-06-29,2022-06-29 22:12:28 UTC,Eastern Time (US & Canada),5637772,kat361,Kat Calhoun,2022-06-29 22:14:33 UTC,2022-06-30 11:09:58 UTC,research,,https://www.inaturalist.org/observations/124030506,https://static.inaturalist.org/photos/210185263/medium.jpeg,,,,1,0,False,2,"Fair Haven Heights, New Haven, CT, USA",41.31437746,-72.87373442,8.0,,,,8.0,,open,False,,,Common Yarrow,Achillea millefolium,common yarrow,Plantae,52821.0,Garden Boundary
124583591,ad988b44-ff24-4aff-b60a-c32c3e50c96a,2022-07-03 12:58:22,2022-07-03,2022-07-03 16:58:22 UTC,Eastern Time (US & Canada),5637772,kat361,Kat Calhoun,2022-07-03 16:59:54 UTC,2022-07-03 21:07:52 UTC,research,,https://www.inaturalist.org/observations/124583591,https://static.inaturalist.org/photos/211177573/medium.jpeg,,,,1,0,False,2,"Fair Haven Heights, New Haven, CT, USA",41.31451633,-72.87385729,5.0,,,,5.0,,,False,,,Silvery Cinquefoil,Potentilla argentea,Silvery Cinquefoil,Plantae,124552.0,outside
125311064,3083b7ff-c47c-495c-ac02-a40975c3e694,2022-07-08 11:15:25,2022-07-08,2022-07-08 15:15:25 UTC,Eastern Time (US & Canada),5637772,kat361,Kat Calhoun,2022-07-08 15:16:08 UTC,2022-07-22 11:02:31 UTC,research,,https://www.inaturalist.org/observations/125311064,https://static.inaturalist.org/photos/212497625/medium.jpeg,,,,1,0,False,2,"Fair Haven Heights, New Haven, CT, USA",41.31439703,-72.87381555,16.0,,,,16.0,,,False,,,white meadowsweet,Spiraea alba,white meadowsweet,Plantae,126823.0,A
125366804,601d01e5-2055-43da-b905-fe9463ade72d,Fri Jul 08 2022 18:11:17 GMT -0400 (EDT),2022-07-08,2022-07-08 22:11:17 UTC,Eastern Time (US & Canada),2365055,kleonffu,,2022-07-08 22:11:34 UTC,2025-10-26 21:16:31 UTC,needs_id,CC-BY-NC,https://www.inaturalist.org/observations/125366804,https://inaturalist-open-data.s3.amazonaws.com/photos/212596061/medium.jpeg,,,,2,0,False,333,New Haven,41.3143157959,-72.8736801147,4.0,,,,4.0,,,False,,,Satyrus,Satyrus,,Fungi,1649481.0,Garden Boundary
126201357,60b43af9-2be6-4ca1-a562-49b2a07183bb,2022-07-14 09:38:05,2022-07-14,2022-07-14 13:38:05 UTC,Eastern Time (US & Canada),5637772,kat361,Kat Calhoun,2022-07-14 13:40:21 UTC,2022-07-14 15:20:15 UTC,research,,https://www.inaturalist.org/observations/126201357,https://static.inaturalist.org/photos/214105006/medium.jpeg,,,Flower Blue,1,0,False,2,"Fair Haven Heights, New Haven, CT, USA",41.31440647,-72.87377566,7.0,,,,7.0,,,False,,,chicory,Cichorium intybus,chicory,Plantae,52913.0,A
128458812,8fe82194-9861-4601-bf05-c51149105e05,2022-07-29 11:14:33,2022-07-29,2022-07-29 15:14:33 UTC,Eastern Time (US & Canada),5637772,kat361,Kat Calhoun,2022-07-29 15:15:56 UTC,2022-09-26 15:11:19 UTC,research,,https://www.inaturalist.org/observations/128458812,https://static.inaturalist.org/photos/218200672/medium.jpeg,,,Jumped from black eyed Susan to my leg and in the ground . Surprised me!,2,0,False,2,"Fair Haven Heights, New Haven, CT, USA",41.31438313,-72.87380567,9.0,,,,9.0,,open,False,,,Brown-belted Bumble Bee,Bombus griseocollis,Brown-belted Bumble Bee,Insecta,120215.0,A
130535262,219b6f08-99d5-42e2-ab27-2b359bbb3333,2022-08-12 15:19:01,2022-08-12,2022-08-12 19:19:01 UTC,Eastern Time (US & Canada),5637772,kat361,Kat Calhoun,2022-08-12 19:20:42 UTC,2026-03-22 18:53:31 UTC,needs_id,,https://www.inaturalist.org/observations/130535262,https://static.inaturalist.org/photos/222007303/medium.jpeg,,,Plant- wild by creek,0,0,False,2,"Fair Haven Heights, New Haven, CT, USA",41.31433895,-72.87385819,8.0,,,,8.0,,,False,,,,Magnoliopsida,Dicots,Plantae,47124.0,B
132059493,33f7b231-02ee-4d84-a28f-a23f6d0320b3,2022-08-23 16:58:16,2022-08-23,2022-08-23 20:58:16 UTC,Eastern Time (US & Canada),5637772,kat361,Kat Calhoun,2022-08-23 20:59:53 UTC,2022-08-24 07:31:08 UTC,research,,https://www.inaturalist.org/observations/132059493,https://static.inaturalist.org/photos/224832255/medium.jpeg,,,Plant my Creek purple stock of flowers,1,0,False,2,"Fair Haven Heights, New Haven, CT, USA",41.31439743,-72.87392498,9.0,,,,9.0,,open,False,,,purple loosestrife,Lythrum salicaria,purple loosestrife,Plantae,61321.0,Garden Boundary
132993906,27c74218-a713-4abd-a835-f0076f3e2ca0,2022-08-30 14:53:44,2022-08-30,2022-08-30 18:53:44 UTC,Eastern Time (US & Canada),5637772,kat361,Kat Calhoun,2022-08-30 20:11:16 UTC,2022-09-03 10:51:42 UTC,needs_id,,https://www.inaturalist.org/observations/132993906,https://static.inaturalist.org/photos/226889151/medium.jpeg,,,Praying mantis on milkweed?,1,0,False,2,"Fair Haven Heights, New Haven, CT, USA",41.3144613437,-72.8736153245,96.0,,,,96.0,,,False,gps,gps,Mantids,Mantidae,Mantids,Insecta,48111.0,Garden Boundary
136815705,208f0350-74dc-40df-b445-64ca33000c4c,2022-09-28 12:30:40,2022-09-28,2022-09-28 16:30:40 UTC,Eastern Time (US & Canada),5637772,kat361,Kat Calhoun,2022-09-28 16:31:54 UTC,2023-03-09 04:10:26 UTC,needs_id,,https://www.inaturalist.org/observations/136815705,https://static.inaturalist.org/photos/233561391/medium.jpeg,,,Plant - maybe aster,3,0,False,2,"Fair Haven Heights, New Haven, CT, USA",41.31441898,-72.87378503,7.0,,,,7.0,,,False,,,virguloid asters,Virgulus,virguloid asters,Plantae,1416871.0,Garden Boundary
137879458,bade46fa-b94d-4270-84e2-3471ca424b0b,2022-10-07 13:25:11,2022-10-07,2022-10-07 17:25:11 UTC,Eastern Time (US & Canada),5637772,kat361,Kat Calhoun,2022-10-07 17:27:11 UTC,2022-10-11 17:27:23 UTC,research,,https://www.inaturalist.org/observations/137879458,https://static.inaturalist.org/photos/235560520/medium.jpeg,,,Something on Joe pie weed - looks like insect and closure,1,0,False,2,"Fair Haven Heights, New Haven, CT, USA",41.31450175,-72.87380797,5.0,,,,5.0,,,False,,,Chinese Mantis,Tenodera sinensis,Chinese Mantis,Insecta,71034.0,outside
138406519,149808d1-1863-4e84-8d75-59c494358b1a,2022-10-11 13:24:18,2022-10-11,2022-10-11 17:24:18 UTC,Eastern Time (US & Canada),5637772,kat361,Kat Calhoun,2022-10-11 17:27:25 UTC,2022-10-11 17:27:30 UTC,needs_id,,https://www.inaturalist.org/observations/138406519,https://static.inaturalist.org/photos/236557987/medium.jpeg,,,Plant - volunteered near other weeds and blooming mid-october,0,0,False,2,"Fair Haven Heights, New Haven, CT, USA",41.3144275,-72.87383573,3.0,,,,3.0,,open,False,,,New York aster,Symphyotrichum novi-belgii,New York aster,Plantae,169474.0,Garden Boundary
138752918,b21c5c86-de84-4072-8fd3-d19c34cf1a22,2022-10-14 15:27:11,2022-10-14,2022-10-14 19:27:11 UTC,Eastern Time (US & Canada),5637772,kat361,Kat Calhoun,2022-10-14 19:29:29 UTC,2022-10-23 12:41:19 UTC,needs_id,,https://www.inaturalist.org/observations/138752918,https://static.inaturalist.org/photos/237201298/medium.jpeg,,,"Plants, obviously goldenrod, but what variety?",1,0,False,2,"Fair Haven Heights, New Haven, CT, USA",41.31437961,-72.87377398,5.0,,,,5.0,,,False,,,goldenrods,Solidago,goldenrods,Plantae,48678.0,A
150148371,4fe6b67a-ca8e-447e-98da-552abd8246e7,2023-03-03 14:33:54,2023-03-03,2023-03-03 19:33:54 UTC,Eastern Time (US & Canada),5637772,kat361,Kat Calhoun,2023-03-03 19:35:54 UTC,2025-07-13 21:37:02 UTC,needs_id,,https://www.inaturalist.org/observations/150148371,https://static.inaturalist.org/photos/258844623/medium.jpeg,,,"Plant, broad crinkly leaves with red tips, not dandelion",1,0,False,2,"Fair Haven Heights, New Haven, CT, USA",41.31423712,-72.8736609,9.0,,,,9.0,,,False,,,Oenothera sect. Oenothera,Oenothera,Oenothera sect. Oenothera,Plantae,914077.0,outside
152725387,6fe60ef1-97c0-4b34-9fd1-e76105c376da,2023-03-29 09:48:03,2023-03-29,2023-03-29 13:48:03 UTC,Eastern Time (US & Canada),5637772,kat361,Kat Calhoun,2023-03-29 13:52:12 UTC,2023-03-31 04:28:30 UTC,research,,https://www.inaturalist.org/observations/152725387,https://static.inaturalist.org/photos/263683567/medium.jpeg,,,"Plant, early spring, leaves are not pointed like garlic mustard, very round sculpted edges",2,0,False,2,"Fair Haven Heights, New Haven, CT, USA",41.314217,-72.87389729,5.0,,,,5.0,,,False,,,garlic mustard,Alliaria petiolata,garlic mustard,Plantae,56061.0,Garden Boundary
160896662,8380478d-e998-4d17-adc0-893514bd4b6b,2023-04-26 18:03:17,2023-04-26,2023-04-26 22:03:17 UTC,Eastern Time (US & Canada),5082106,mariposasquimnipiac,,2023-05-10 12:44:19 UTC,2023-05-10 12:44:40 UTC,needs_id,,https://www.inaturalist.org/observations/160896662,https://static.inaturalist.org/photos/278070660/medium.jpeg,,,"Plant, abundant growth in early spring. They are popping up all over.  Please confirm if you think it is evening primrose..
",0,0,False,2,"Fair Haven Heights, New Haven, CT, USA",41.31447378,-72.87384718,9.0,,,,9.0,,,False,,,common evening-primrose,Oenothera biennis,common evening-primrose,Plantae,62207.0,Garden Boundary
160896725,e9f8c546-e389-47e5-8e16-99d3421fc297,2023-05-09 15:26:39,2023-05-09,2023-05-09 19:26:39 UTC,Eastern Time (US & Canada),5082106,mariposasquimnipiac,,2023-05-10 12:45:02 UTC,2024-05-19 21:40:05 UTC,research,CC-BY-NC,https://www.inaturalist.org/observations/160896725,https://static.inaturalist.org/photos/278070769/medium.jpeg,,,"Plant about to flour, looks like a weed
",1,0,False,2,"Fair Haven Heights, New Haven, CT, USA",41.31450467,-72.87388857,6.0,,,,6.0,,,False,,,ribwort plantain,Plantago lanceolata,ribwort plantain,Plantae,53178.0,outside
160896735,118bd2b0-3cf7-486b-a613-e9113757f8dd,2023-05-09 15:33:56,2023-05-09,2023-05-09 19:33:56 UTC,Eastern Time (US & Canada),5082106,mariposasquimnipiac,,2023-05-10 12:45:12 UTC,2025-04-24 12:14:40 UTC,research,CC-BY-NC,https://www.inaturalist.org/observations/160896735,https://static.inaturalist.org/photos/278070801/medium.jpeg,,,Plant - weed?  May Bloom with yellow flowers soon,2,0,False,2,"Fair Haven Heights, New Haven, CT, USA",41.31442955,-72.87372492,5.0,,,,5.0,,,False,,,common groundsel,Senecio vulgaris,common groundsel,Plantae,53211.0,Garden Boundary
169769524,2eaed57c-ae11-4584-8e8d-b221fc3c72dc,2023-06-27 10:05:32,2023-06-27,2023-06-27 14:05:32 UTC,Eastern Time (US & Canada),5082106,mariposasquimnipiac,,2023-06-27 14:06:46 UTC,2024-11-25 06:45:21 UTC,research,CC-BY-NC,https://www.inaturalist.org/observations/169769524,,https://static.inaturalist.org/sounds/752995.wav?1687874809,,Animal. Frog?,2,0,False,2,"Fair Haven Heights, New Haven, CT, USA",41.31441037,-72.87390346,7.0,,,,7.0,,,False,,,Green Frog,Lithobates clamitans,Green Frog,Amphibia,65982.0,Garden Boundary
169772138,90286431-dc9c-4c1b-924e-c560f4fff85a,2023-06-27 10:21:41,2023-06-27,2023-06-27 14:21:41 UTC,Eastern Time (US & Canada),5082106,mariposasquimnipiac,,2023-06-27 14:22:30 UTC,2023-06-27 14:22:37 UTC,needs_id,CC-BY-NC,https://www.inaturalist.org/observations/169772138,https://inaturalist-open-data.s3.amazonaws.com/photos/294366085/medium.jpeg,,,Plant - primrose or weed?,0,0,False,2,"Fair Haven Heights, New Haven, CT, USA",41.31441819,-72.87387668,7.0,,,,7.0,,,False,,,common evening-primrose,Oenothera biennis,common evening-primrose,Plantae,62207.0,Garden Boundary
170332019,89aa33a0-f140-450c-9e96-076b511b9a27,2023-06-30 16:08:11,2023-06-30,2023-06-30 20:08:11 UTC,Eastern Time (US & Canada),5082106,mariposasquimnipiac,,2023-06-30 20:09:45 UTC,2023-06-30 20:09:53 UTC,needs_id,CC-BY-NC,https://www.inaturalist.org/observations/170332019,https://inaturalist-open-data.s3.amazonaws.com/photos/295408843/medium.jpeg,,,,0,0,False,2,"Fair Haven Heights, New Haven, CT, USA",41.31437823,-72.873928,6.0,,,,6.0,,,False,,,New York ironweed,Vernonia noveboracensis,New York ironweed,Plantae,142979.0,Garden Boundary
170549921,2ff79228-149e-4c58-a8c4-17a22f6909c7,2023-07-01 19:45:00,2023-07-01,2023-07-01 23:45:00 UTC,Eastern Time (US & Canada),5082106,mariposasquimnipiac,,2023-07-01 23:47:12 UTC,2024-05-19 21:42:45 UTC,research,CC-BY-NC,https://www.inaturalist.org/observations/170549921,https://inaturalist-open-data.s3.amazonaws.com/photos/295820877/medium.jpeg,,,Plant - long thin straight leaves,2,0,False,2,"Fair Haven Heights, New Haven, CT, USA",41.3144193,-72.87386103,4.0,,,,4.0,,,False,,,horseweed,Erigeron canadensis,horseweed,Plantae,76907.0,Garden Boundary
170842203,2da07693-9932-4e53-b32c-dc4af7293036,2023-07-03 10:40:37,2023-07-03,2023-07-03 14:40:37 UTC,Eastern Time (US & Canada),5082106,mariposasquimnipiac,,2023-07-03 14:41:14 UTC,2023-07-03 14:41:20 UTC,needs_id,CC-BY-NC,https://www.inaturalist.org/observations/170842203,https://inaturalist-open-data.s3.amazonaws.com/photos/296378700/medium.jpeg,,,,0,0,False,2,"Fair Haven Heights, New Haven, CT, USA",41.31439706,-72.87385607,6.0,,,,6.0,,,False,,,common wrinkle-leaved goldenrod,Solidago rugosa,common wrinkle-leaved goldenrod,Plantae,128551.0,A
170842633,fa8e1b88-418e-410c-aee9-46112849fc8e,2023-07-03 10:41:25,2023-07-03,2023-07-03 14:41:25 UTC,Eastern Time (US & Canada),5082106,mariposasquimnipiac,,2023-07-03 14:43:26 UTC,2025-05-04 18:24:41 UTC,research,CC-BY-NC,https://www.inaturalist.org/observations/170842633,https://inaturalist-open-data.s3.amazonaws.com/photos/296379356/medium.jpeg,,,Plant - maybe slender golden top? It has tiny little yellow flowers late in the summer.,1,0,False,2,"Fair Haven Heights, New Haven, CT, USA",41.31437183,-72.87382598,4.0,,,,4.0,,open,False,,,slender goldentop,Euthamia caroliniana,slender goldentop,Plantae,129032.0,Garden Boundary
170847876,b1e53db2-3c17-4f50-80cc-da73b0bad36c,2023-07-03 11:15:22,2023-07-03,2023-07-03 15:15:22 UTC,Eastern Time (US & Canada),5082106,mariposasquimnipiac,,2023-07-03 15:15:47 UTC,2023-07-03 15:15:54 UTC,needs_id,CC-BY-NC,https://www.inaturalist.org/observations/170847876,https://inaturalist-open-data.s3.amazonaws.com/photos/296389061/medium.jpeg,,,,0,0,False,2,"Fair Haven Heights, New Haven, CT, USA",41.31449449,-72.87378238,6.0,,,,6.0,,,False,,,stiff-leaved goldenrod,Solidago rigida,stiff-leaved goldenrod,Plantae,125721.0,Garden Boundary
170848044,126f54f4-415f-4931-9958-d2383c4b6b35,2023-07-03 11:15:59,2023-07-03,2023-07-03 15:15:59 UTC,Eastern Time (US & Canada),5082106,mariposasquimnipiac,,2023-07-03 15:16:36 UTC,2023-07-03 15:16:42 UTC,needs_id,CC-BY-NC,https://www.inaturalist.org/observations/170848044,https://inaturalist-open-data.s3.amazonaws.com/photos/296389265/medium.jpeg,,,,0,0,False,2,"Fair Haven Heights, New Haven, CT, USA",41.31449796,-72.87379129,4.0,,,,4.0,,,False,,,early goldenrod,Solidago juncea,early goldenrod,Plantae,135261.0,Garden Boundary
170849568,6bf0533a-3e48-4dd6-9856-23f88cbe8e62,2023-07-03 11:24:43,2023-07-03,2023-07-03 15:24:43 UTC,Eastern Time (US & Canada),5082106,mariposasquimnipiac,,2023-07-03 15:25:08 UTC,2023-07-03 15:25:14 UTC,needs_id,CC-BY-NC,https://www.inaturalist.org/observations/170849568,https://inaturalist-open-data.s3.amazonaws.com/photos/296392105/medium.jpeg,,,,0,0,False,2,"Fair Haven Heights, New Haven, CT, USA",41.31443675,-72.87388984,5.0,,,,5.0,,,False,,,Beggarticks,Bidens,Beggarticks,Plantae,50204.0,D
170849880,a5fea036-bcd8-4f2d-88de-221df5525552,2023-07-03 11:26:35,2023-07-03,2023-07-03 15:26:35 UTC,Eastern Time (US & Canada),5082106,mariposasquimnipiac,,2023-07-03 15:27:03 UTC,2023-07-03 16:56:44 UTC,research,CC-BY-NC,https://www.inaturalist.org/observations/170849880,https://inaturalist-open-data.s3.amazonaws.com/photos/296392773/medium.jpeg,,,,1,0,False,2,"Fair Haven Heights, New Haven, CT, USA",41.31448673,-72.87396908,5.0,,,,5.0,,open,False,,,common jewelweed,Impatiens capensis,common jewelweed,Plantae,47888.0,outside
170939445,cd618c7e-9b16-4de1-9571-9fa66450fabd,2023-07-03 20:26:05,2023-07-03,2023-07-04 00:26:05 UTC,Eastern Time (US & Canada),5082106,mariposasquimnipiac,,2023-07-04 00:28:09 UTC,2023-07-04 00:28:16 UTC,needs_id,CC-BY-NC,https://www.inaturalist.org/observations/170939445,https://inaturalist-open-data.s3.amazonaws.com/photos/296559869/medium.jpeg,,,"Plant - some type of bee balm that came up on its own, not to planted here",0,0,False,2,"Fair Haven Heights, New Haven, CT, USA",41.31439379,-72.8738298,6.0,,,,6.0,,,False,,,"balms, mints, and thymes",Menthinae,"balms, mints, and thymes",Plantae,919178.0,A
171577698,b18384f8-47e7-4d57-899c-5831ab6da3ec,2023-07-07 12:13:17,2023-07-07,2023-07-07 16:13:17 UTC,Eastern Time (US & Canada),5082106,mariposasquimnipiac,,2023-07-07 16:14:43 UTC,2024-08-01 04:16:43 UTC,needs_id,CC-BY-NC,https://www.inaturalist.org/observations/171577698,https://inaturalist-open-data.s3.amazonaws.com/photos/297746390/medium.jpeg,,,Plant - volunteer among milkweed and balloon flower ,0,0,False,2,"Fair Haven Heights, New Haven, CT, USA",41.31439662,-72.87384309,6.0,,,,6.0,,,False,,,,Magnoliopsida,Dicots,Plantae,47124.0,A
171579716,b9f59393-4f7e-4fbe-850a-f4f081202faa,2023-07-07 12:25:35,2023-07-07,2023-07-07 16:25:35 UTC,Eastern Time (US & Canada),5082106,mariposasquimnipiac,,2023-07-07 16:26:23 UTC,2023-07-07 16:26:29 UTC,needs_id,CC-BY-NC,https://www.inaturalist.org/observations/171579716,https://inaturalist-open-data.s3.amazonaws.com/photos/297750306/medium.jpeg,,,"Plant, a lot of this coming up. Is it invasive?",0,0,False,2,"Fair Haven Heights, New Haven, CT, USA",41.31443945,-72.87386485,7.0,,,,7.0,,,False,,,Beggarticks,Bidens,Beggarticks,Plantae,50204.0,D
171631067,21becfbb-4a03-46bd-abc3-d6d065ae7dba,2023-07-07 17:43:07,2023-07-07,2023-07-07 21:43:07 UTC,Eastern Time (US & Canada),5082106,mariposasquimnipiac,,2023-07-07 21:47:39 UTC,2023-07-07 21:47:45 UTC,needs_id,CC-BY-NC,https://www.inaturalist.org/observations/171631067,https://inaturalist-open-data.s3.amazonaws.com/photos/297845161/medium.jpeg,,,Plant volunteer between goldenrod and comfrey,0,0,False,2,"Fair Haven Heights, New Haven, CT, USA",41.31440008,-72.87379774,3.0,,,,3.0,,,False,,,Melissas,Melissa,Melissas,Plantae,59902.0,A
172157610,ea2290da-0919-4107-9efb-fcf9f3f69c8f,2023-07-10 10:13:25,2023-07-10,2023-07-10 14:13:25 UTC,Eastern Time (US & Canada),5082106,mariposasquimnipiac,,2023-07-10 14:14:34 UTC,2025-05-02 01:39:03 UTC,research,CC-BY-NC,https://www.inaturalist.org/observations/172157610,https://inaturalist-open-data.s3.amazonaws.com/photos/298822882/medium.jpeg,,,"Plant, no flowers. Coming up among knotweed",2,0,False,2,"Fair Haven Heights, New Haven, CT, USA",41.31445345,-72.87390973,7.0,,,,7.0,,,False,,,horseweed,Erigeron canadensis,horseweed,Plantae,76907.0,Garden Boundary
172660574,f943f4bd-b26b-4a4e-aebf-7a9e13111bba,2023-07-13 07:59:12,2023-07-13,2023-07-13 11:59:12 UTC,Eastern Time (US & Canada),5082106,mariposasquimnipiac,,2023-07-13 12:00:14 UTC,2023-07-13 12:00:20 UTC,needs_id,CC-BY-NC,https://www.inaturalist.org/observations/172660574,https://inaturalist-open-data.s3.amazonaws.com/photos/299763079/medium.jpeg,,,Plant - volunteer ,0,0,False,2,"Fair Haven Heights, New Haven, CT, USA",41.31435208,-72.87386876,4.0,,,,4.0,,,False,,,Papavereae,Papavereae,,Plantae,1453811.0,B
172662016,6fb01bef-a1bd-4ee7-bc09-7df9523b0372,2023-07-13 08:10:32,2023-07-13,2023-07-13 12:10:32 UTC,Eastern Time (US & Canada),5082106,mariposasquimnipiac,,2023-07-13 12:12:14 UTC,2026-05-12 01:58:31 UTC,needs_id,CC-BY-NC,https://www.inaturalist.org/observations/172662016,https://inaturalist-open-data.s3.amazonaws.com/photos/299765250/medium.jpeg,,,Plant - volunteer - Marsh elder? Boneset? Plain old weed?,1,0,False,2,"Fair Haven Heights, New Haven, CT, USA",41.31435435,-72.87375924,8.0,,,,8.0,,open,False,,,New England aster,Symphyotrichum novae-angliae,New England aster,Plantae,117443.0,Garden Boundary
172761970,d5df1576-1066-425b-9942-a440a99eb4a6,2023-07-13 19:23:33,2023-07-13,2023-07-13 23:23:33 UTC,Eastern Time (US & Canada),5082106,mariposasquimnipiac,,2023-07-13 23:24:29 UTC,2026-01-15 14:57:54 UTC,research,CC-BY-NC,https://www.inaturalist.org/observations/172761970,https://inaturalist-open-data.s3.amazonaws.com/photos/299948291/medium.jpeg,,,"Plant - similar to one I found in another area, but this one seems a little more clearly identifiable",2,0,False,2,"Fair Haven Heights, New Haven, CT, USA",41.31442597,-72.87386231,5.0,,,,5.0,,,False,,,white meadowsweet,Spiraea alba,white meadowsweet,Plantae,126823.0,D
172762834,e1d30b73-653e-4f18-979a-d29186f510d0,2023-07-13 19:30:58,2023-07-13,2023-07-13 23:30:58 UTC,Eastern Time (US & Canada),5082106,mariposasquimnipiac,,2023-07-13 23:31:29 UTC,2023-08-01 21:57:39 UTC,research,CC-BY-NC,https://www.inaturalist.org/observations/172762834,https://inaturalist-open-data.s3.amazonaws.com/photos/299949844/medium.jpeg,,,,2,0,False,2,"Fair Haven Heights, New Haven, CT, USA",41.31458122,-72.87368447,7.0,,,,7.0,,open,False,,,common yarrow,Achillea millefolium,common yarrow,Plantae,52821.0,outside
174094772,ad8b4531-87e2-48b4-9aa7-92b64e0d4efe,2023-07-21 09:48:23,2023-07-21,2023-07-21 13:48:23 UTC,Eastern Time (US & Canada),5082106,mariposasquimnipiac,,2023-07-21 13:51:15 UTC,2023-07-21 13:51:21 UTC,needs_id,CC-BY-NC,https://www.inaturalist.org/observations/174094772,https://inaturalist-open-data.s3.amazonaws.com/photos/302414281/medium.jpeg,,,"Plant, very thin leaves alternating, very tall and narrow plant",0,0,False,2,"Fair Haven Heights, New Haven, CT, USA",41.31457077,-72.87386551,5.0,,,,5.0,,,False,,,Sweet Goldenrod,Solidago odora,Sweet Goldenrod,Plantae,131183.0,outside
174095138,432f53a6-5e76-4a93-960c-d2b6509ebdb2,2023-07-21 09:51:27,2023-07-21,2023-07-21 13:51:27 UTC,Eastern Time (US & Canada),5082106,mariposasquimnipiac,,2023-07-21 13:53:27 UTC,2023-07-21 13:53:33 UTC,needs_id,CC-BY-NC,https://www.inaturalist.org/observations/174095138,https://inaturalist-open-data.s3.amazonaws.com/photos/302414943/medium.jpeg,,,"Plant, maybe goldenrod, fine sharp tooth edges",0,0,False,2,"Fair Haven Heights, New Haven, CT, USA",41.31447309,-72.87383427,4.0,,,,4.0,,,False,,,common wrinkle-leaved goldenrod,Solidago rugosa,common wrinkle-leaved goldenrod,Plantae,128551.0,C
174096028,c5084aa2-2603-42f6-8f77-84d88400a2f5,2023-07-21 09:58:01,2023-07-21,2023-07-21 13:58:01 UTC,Eastern Time (US & Canada),5082106,mariposasquimnipiac,,2023-07-21 13:59:08 UTC,2023-07-21 14:00:17 UTC,needs_id,CC-BY-NC,https://www.inaturalist.org/observations/174096028,https://inaturalist-open-data.s3.amazonaws.com/photos/302417060/medium.jpeg,,,,0,0,False,2,"Fair Haven Heights, New Haven, CT, USA",41.31433537,-72.87378973,4.0,,,,4.0,,,False,,,mountain mint,Pycnanthemum,mountain mints,Plantae,72327.0,Garden Boundary
174096215,6bc77a5c-5528-48f9-a677-9d2af1b76461,2023-07-21 09:59:09,2023-07-21,2023-07-21 13:59:09 UTC,Eastern Time (US & Canada),5082106,mariposasquimnipiac,,2023-07-21 14:00:19 UTC,2023-07-21 14:00:27 UTC,needs_id,CC-BY-NC,https://www.inaturalist.org/observations/174096215,https://inaturalist-open-data.s3.amazonaws.com/photos/302417108/medium.jpeg,,,,0,0,False,2,"Fair Haven Heights, New Haven, CT, USA",41.31434417,-72.87379755,9.0,,,,9.0,,open,False,,,narrowleaf mountainmint,Pycnanthemum tenuifolium,narrowleaf mountainmint,Plantae,126891.0,Garden Boundary
175426454,d203a2f2-2d96-4355-9ee5-8124e71e2867,2023-07-28 16:12:04,2023-07-28,2023-07-28 20:12:04 UTC,Eastern Time (US & Canada),5082106,mariposasquimnipiac,,2023-07-28 20:13:16 UTC,2024-05-19 21:37:12 UTC,research,CC-BY-NC,https://www.inaturalist.org/observations/175426454,https://inaturalist-open-data.s3.amazonaws.com/photos/305446161/medium.jpeg,,,"Plant, vine, invading riparian area where we have removed knotwed. what is it?",1,0,False,2,"Fair Haven Heights, New Haven, CT, USA",41.31449175,-72.87373827,4.0,,,,4.0,,,False,,,Porcelain Berry,Ampelopsis glandulosa,Porcelain Berry,Plantae,204237.0,F
175763008,7820be77-7d11-4664-9297-121d6d2a0f33,2023-07-30 12:18:27,2023-07-30,2023-07-30 16:18:27 UTC,Eastern Time (US & Canada),5082106,mariposasquimnipiac,,2023-07-30 16:58:29 UTC,2025-03-22 20:31:54 UTC,research,CC-BY-NC,https://www.inaturalist.org/observations/175763008,https://inaturalist-open-data.s3.amazonaws.com/photos/307741960/medium.jpeg,,,Insect - ¿Sand wasp or aphid eater or some kind of wasp?,1,0,False,2,"Fair Haven Heights, New Haven, CT, USA",41.3142510694,-72.8737615049,73.0,,,,73.0,,,False,gps,gps,American Sand Wasp,Bembix americana,American Sand Wasp,Insecta,53072.0,Garden Boundary
177217484,27d9ebbc-19c1-4c41-8857-16eb8697f1ea,2023-08-07 15:01:17,2023-08-07,2023-08-07 19:01:17 UTC,Eastern Time (US & Canada),5082106,mariposasquimnipiac,,2023-08-07 19:02:58 UTC,2023-10-24 16:00:23 UTC,needs_id,CC-BY-NC,https://www.inaturalist.org/observations/177217484,https://inaturalist-open-data.s3.amazonaws.com/photos/308190548/medium.jpeg,,,"Plant, quite different from our other bone set.  ",2,0,False,2,"Fair Haven Heights, New Haven, CT, USA",41.31441899,-72.87383852,8.0,,,,8.0,,open,False,,,"bonesets, blazingstars, and allies",Eupatorieae,"bonesets, blazingstars, and allies",Plantae,153419.0,A
177347665,c8e9e916-a3a2-43db-9639-6de2a10e4c88,2023-08-08 10:39:10,2023-08-08,2023-08-08 14:39:10 UTC,Eastern Time (US & Canada),5082106,mariposasquimnipiac,,2023-08-08 14:41:03 UTC,2023-08-08 14:41:09 UTC,needs_id,CC-BY-NC,https://www.inaturalist.org/observations/177347665,https://inaturalist-open-data.s3.amazonaws.com/photos/308436152/medium.jpeg,,,"Plant, volunteer in our garden more than 20 ft from other Joe high weed. It's very small and the others are more than 6 ft tall.",0,0,False,2,"Fair Haven Heights, New Haven, CT, USA",41.31437583,-72.87385954,3.0,,,,3.0,,,False,,,Joe-Pye weeds,Eutrochium,Joe-Pye weeds,Plantae,85380.0,Garden Boundary
177884874,b0ae19d6-b703-4f63-bab0-184aa629074e,2023-08-11 16:39:27,2023-08-11,2023-08-11 20:39:27 UTC,Eastern Time (US & Canada),5082106,mariposasquimnipiac,,2023-08-11 20:40:11 UTC,2023-08-11 20:47:39 UTC,needs_id,CC-BY-NC,https://www.inaturalist.org/observations/177884874,https://inaturalist-open-data.s3.amazonaws.com/photos/309445736/medium.jpeg,,,,0,0,False,2,"Fair Haven Heights, New Haven, CT, USA",41.31437339,-72.87378825,7.0,,,,7.0,,,False,,,Clustered Mountainmint,Pycnanthemum muticum,Clustered Mountainmint,Plantae,126768.0,A
177886320,33b3138f-0d6e-4a24-8b3c-88c1ac38cca1,2023-08-11 16:49:29,2023-08-11,2023-08-11 20:49:29 UTC,Eastern Time (US & Canada),5082106,mariposasquimnipiac,,2023-08-11 20:50:17 UTC,2023-08-11 20:50:45 UTC,needs_id,CC-BY-NC,https://www.inaturalist.org/observations/177886320,https://inaturalist-open-data.s3.amazonaws.com/photos/309446606/medium.jpeg,,,,0,0,False,2,"Fair Haven Heights, New Haven, CT, USA",41.31448876,-72.87377561,4.0,,,,4.0,,,False,,,showy goldenrod,Solidago speciosa,showy goldenrod,Plantae,130376.0,F
177887712,bbc097c7-3bc6-4c37-b47f-c77938c6830b,2023-08-11 16:58:22,2023-08-11,2023-08-11 20:58:22 UTC,Eastern Time (US & Canada),5082106,mariposasquimnipiac,,2023-08-11 20:58:56 UTC,2023-08-11 21:15:18 UTC,needs_id,CC-BY-NC,https://www.inaturalist.org/observations/177887712,https://inaturalist-open-data.s3.amazonaws.com/photos/309454034/medium.jpeg,,,,0,0,False,2,"Fair Haven Heights, New Haven, CT, USA",41.31444668,-72.87384544,4.0,,,,4.0,,,False,,,common wrinkle-leaved goldenrod,Solidago rugosa,common wrinkle-leaved goldenrod,Plantae,128551.0,Garden Boundary
180966775,2bf002f5-388b-409d-bcd9-f424cd378335,2023-08-30 16:38:54,2023-08-30,2023-08-30 20:38:54 UTC,Eastern Time (US & Canada),5082106,mariposasquimnipiac,,2023-08-30 20:39:28 UTC,2023-08-30 20:39:36 UTC,needs_id,CC-BY-NC,https://www.inaturalist.org/observations/180966775,https://inaturalist-open-data.s3.amazonaws.com/photos/315319619/medium.jpeg,,,,0,0,False,2,"Fair Haven Heights, New Haven, CT, USA",41.31445178,-72.87357926,6.0,,,,6.0,,,False,,,New York ironweed,Vernonia noveboracensis,New York ironweed,Plantae,142979.0,outside
180987685,6f1f604f-f9eb-47cc-8adc-97e69dcb5abb,2023-08-30 19:45:37,2023-08-30,2023-08-30 23:45:37 UTC,Eastern Time (US & Canada),5082106,mariposasquimnipiac,,2023-08-30 23:45:57 UTC,2023-08-30 23:46:05 UTC,needs_id,CC-BY-NC,https://www.inaturalist.org/observations/180987685,https://inaturalist-open-data.s3.amazonaws.com/photos/315362275/medium.jpeg,,,,0,0,False,2,"Fair Haven Heights, New Haven, CT, USA",41.31446847,-72.87383777,7.0,,,,7.0,,,False,,,New York ironweed,Vernonia noveboracensis,New York ironweed,Plantae,142979.0,C
180987816,4ddb6708-693c-42fe-ba1c-464ceecdea44,2023-08-30 19:46:55,2023-08-30,2023-08-30 23:46:55 UTC,Eastern Time (US & Canada),5082106,mariposasquimnipiac,,2023-08-30 23:47:33 UTC,2023-11-05 12:34:12 UTC,research,CC-BY-NC,https://www.inaturalist.org/observations/180987816,https://inaturalist-open-data.s3.amazonaws.com/photos/315362549/medium.jpeg,,,,1,0,False,2,"Fair Haven Heights, New Haven, CT, USA",41.31435884,-72.87401239,7.0,,,,7.0,,open,False,,,white turtlehead,Chelone glabra,white turtlehead,Plantae,82316.0,Garden Boundary
180988235,79d516fc-cd24-43c4-a1ff-ac4146005495,2023-08-30 19:49:49,2023-08-30,2023-08-30 23:49:49 UTC,Eastern Time (US & Canada),5082106,mariposasquimnipiac,,2023-08-30 23:51:00 UTC,2023-08-30 23:51:08 UTC,needs_id,CC-BY-NC,https://www.inaturalist.org/observations/180988235,https://inaturalist-open-data.s3.amazonaws.com/photos/315363209/medium.jpeg,,,,0,0,False,2,"Fair Haven Heights, New Haven, CT, USA",41.31421196,-72.87379619,9.0,,,,9.0,,,False,,,Common Snowberry,Symphoricarpos albus,Common Snowberry,Plantae,48523.0,Garden Boundary
181127415,1ca1728c-37b8-435e-be45-0d1ed9008f33,2023-08-31 19:18:44,2023-08-31,2023-08-31 23:18:44 UTC,Eastern Time (US & Canada),5082106,mariposasquimnipiac,,2023-08-31 23:22:44 UTC,2025-05-03 19:10:00 UTC,needs_id,CC-BY-NC,https://www.inaturalist.org/observations/181127415,https://inaturalist-open-data.s3.amazonaws.com/photos/315626209/medium.jpeg,,,"Plant, not Joe pie weed, flowers not open in the evening. I will check in the daytime to see if they are open. Leaves have more crinkles than Joe pie weed and occur much closer together on the stems",1,0,False,2,"Fair Haven Heights, New Haven, CT, USA",41.3144064,-72.87383662,6.0,,,,6.0,,,False,,,"bonesets, blazingstars, and allies",Eupatorieae,"bonesets, blazingstars, and allies",Plantae,153419.0,A
181128016,62b35341-d736-46ad-8e24-1a80101712f0,2023-08-31 19:27:29,2023-08-31,2023-08-31 23:27:29 UTC,Eastern Time (US & Canada),5082106,mariposasquimnipiac,,2023-08-31 23:28:43 UTC,2025-01-16 11:53:21 UTC,research,CC-BY-NC,https://www.inaturalist.org/observations/181128016,https://inaturalist-open-data.s3.amazonaws.com/photos/315627543/medium.jpeg,,,,2,0,False,2,"Fair Haven Heights, New Haven, CT, USA",41.3144265,-72.87390565,6.0,,,,6.0,,,False,,,horseweed,Erigeron canadensis,horseweed,Plantae,76907.0,D
181128208,a377663d-5649-48e0-b7d2-0f88af80b8e9,2023-08-31 19:28:44,2023-08-31,2023-08-31 23:28:44 UTC,Eastern Time (US & Canada),5082106,mariposasquimnipiac,,2023-08-31 23:30:42 UTC,2023-09-01 00:29:36 UTC,research,CC-BY-NC,https://www.inaturalist.org/observations/181128208,https://inaturalist-open-data.s3.amazonaws.com/photos/315627945/medium.jpeg,,,,1,0,False,2,"Fair Haven Heights, New Haven, CT, USA",41.31439414,-72.87386493,4.0,,,,4.0,,open,False,,,broadleaf arrowhead,Sagittaria latifolia,broadleaf arrowhead,Plantae,48070.0,Garden Boundary
181737383,bbcecf47-b19d-4a84-ac26-4a4c960ddfe8,2023-09-04 10:01:00,2023-09-04,2023-09-04 14:01:00 UTC,Eastern Time (US & Canada),5082106,mariposasquimnipiac,,2023-09-04 14:01:27 UTC,2023-09-04 14:01:33 UTC,needs_id,CC-BY-NC,https://www.inaturalist.org/observations/181737383,https://inaturalist-open-data.s3.amazonaws.com/photos/316736839/medium.jpeg,,,,0,0,False,2,"Fair Haven Heights, New Haven, CT, USA",41.31444881,-72.87394654,7.0,,,,7.0,,open,False,,,Devil's Beggarticks,Bidens frondosa,Devil's Beggarticks,Plantae,51712.0,outside
183209193,1baffdfa-2c22-4246-a658-0c152abf6dd2,2023-09-14 09:29:47,2023-09-14,2023-09-14 13:29:47 UTC,Eastern Time (US & Canada),5082106,mariposasquimnipiac,,2023-09-14 13:31:00 UTC,2023-09-14 23:31:32 UTC,research,CC-BY-NC,https://www.inaturalist.org/observations/183209193,https://inaturalist-open-data.s3.amazonaws.com/photos/319596292/medium.jpeg,,,,1,0,False,2,"Fair Haven Heights, New Haven, CT, USA",41.31436715,-72.87375072,3.0,,,,3.0,,,False,,,onion-stalk parasol,Leucocoprinus cepistipes,onion-stalk parasol,Fungi,328202.0,Garden Boundary
183210068,61a85f25-4e9f-4041-8efe-12d3762f037e,2023-09-14 09:36:16,2023-09-14,2023-09-14 13:36:16 UTC,Eastern Time (US & Canada),5082106,mariposasquimnipiac,,2023-09-14 13:39:05 UTC,2023-09-14 13:39:12 UTC,needs_id,CC-BY-NC,https://www.inaturalist.org/observations/183210068,https://inaturalist-open-data.s3.amazonaws.com/photos/319597968/medium.jpeg,,,"Plant, maybe jewelweed? Invasive! Too early to tell without flowers.",0,0,False,2,"Fair Haven Heights, New Haven, CT, USA",41.31435069,-72.87384233,5.0,,,,5.0,,,False,,,Garden balsam,Impatiens balsamina,Garden balsam,Plantae,133350.0,Garden Boundary
183210505,4f23a9df-2e4a-4125-b53b-7ddf7e4313c8,2023-09-14 09:40:05,2023-09-14,2023-09-14 13:40:05 UTC,Eastern Time (US & Canada),5082106,mariposasquimnipiac,,2023-09-14 13:42:22 UTC,2023-09-15 15:06:48 UTC,research,CC-BY-NC,https://www.inaturalist.org/observations/183210505,https://inaturalist-open-data.s3.amazonaws.com/photos/319598640/medium.jpeg,,,"Plant, nearby abundant invasive, so maybe this is a baby plant. Definitely not an intentional plant",1,0,False,2,"Fair Haven Heights, New Haven, CT, USA",41.31428695,-72.87380727,7.0,,,,7.0,,,False,,,American pokeweed,Phytolacca americana,American pokeweed,Plantae,48599.0,Garden Boundary
183399123,85bdff2c-d193-480c-bd8e-a8e351cceee0,2023-09-15 15:24:34,2023-09-15,2023-09-15 19:24:34 UTC,Eastern Time (US & Canada),5082106,mariposasquimnipiac,,2023-09-15 19:25:44 UTC,2025-09-21 03:13:22 UTC,research,CC-BY-NC,https://www.inaturalist.org/observations/183399123,https://inaturalist-open-data.s3.amazonaws.com/photos/319955512/medium.jpeg,,,,1,0,False,2,"Fair Haven Heights, New Haven, CT, USA",41.31434502,-72.87370689,4.0,,,,4.0,,,False,,,Porcelain Berry,Ampelopsis glandulosa,Porcelain Berry,Plantae,204237.0,Garden Boundary
183399562,7ded64e4-a764-4e80-8e62-c968b5758b30,2023-09-15 15:28:16,2023-09-15,2023-09-15 19:28:16 UTC,Eastern Time (US & Canada),5082106,mariposasquimnipiac,,2023-09-15 19:29:42 UTC,2023-09-15 19:29:48 UTC,needs_id,CC-BY-NC,https://www.inaturalist.org/observations/183399562,https://inaturalist-open-data.s3.amazonaws.com/photos/319956334/medium.jpeg,,,"Plant - we didn't plant it, but maybe a bird dropped a seed or somehow it got here. Is it a small white aster?",0,0,False,2,"Fair Haven Heights, New Haven, CT, USA",41.31443262,-72.87387952,6.0,,,,6.0,,,False,,,Small White Aster,Symphyotrichum racemosum,Small White Aster,Plantae,169483.0,D
183401037,59a929e9-f8ef-4c2e-bff9-f1130ebf8739,2023-09-15 15:40:36,2023-09-15,2023-09-15 19:40:36 UTC,Eastern Time (US & Canada),5082106,mariposasquimnipiac,,2023-09-15 19:41:03 UTC,2023-09-15 19:41:10 UTC,needs_id,CC-BY-NC,https://www.inaturalist.org/observations/183401037,https://inaturalist-open-data.s3.amazonaws.com/photos/319959095/medium.jpeg,,,,0,0,False,2,"Fair Haven Heights, New Haven, CT, USA",41.31444348,-72.87380882,8.0,,,,8.0,,,False,,,White Wood Aster,Eurybia divaricata,White Wood Aster,Plantae,127685.0,C
185760661,f4028505-26ae-43e3-8e9a-7c1c55fa5470,2023-10-01 12:50:39,2023-10-01,2023-10-01 16:50:39 UTC,Eastern Time (US & Canada),5082106,mariposasquimnipiac,,2023-10-01 16:51:22 UTC,2023-10-01 16:51:28 UTC,needs_id,CC-BY-NC,https://www.inaturalist.org/observations/185760661,https://inaturalist-open-data.s3.amazonaws.com/photos/324482776/medium.jpeg,,,,0,0,False,2,"Fair Haven Heights, New Haven, CT, USA",41.31447147,-72.87387762,8.0,,,,8.0,,,False,,,common evening-primrose,Oenothera biennis,common evening-primrose,Plantae,62207.0,outside
185760947,600b2ae4-ef62-4d6b-b941-3825f5f4cb0c,2023-10-01 12:52:21,2023-10-01,2023-10-01 16:52:21 UTC,Eastern Time (US & Canada),5082106,mariposasquimnipiac,,2023-10-01 16:52:54 UTC,2023-10-01 20:34:49 UTC,research,CC-BY-NC,https://www.inaturalist.org/observations/185760947,https://inaturalist-open-data.s3.amazonaws.com/photos/324483313/medium.jpeg,,,,1,0,False,2,"Fair Haven Heights, New Haven, CT, USA",41.3144905,-72.87383056,8.0,,,,8.0,,,False,,,white meadowsweet,Spiraea alba,white meadowsweet,Plantae,126823.0,Garden Boundary
185761260,e3a1bbd9-3d2d-496d-8bed-f8845e502452,2023-10-01 12:53:10,2023-10-01,2023-10-01 16:53:10 UTC,Eastern Time (US & Canada),5082106,mariposasquimnipiac,,2023-10-01 16:55:02 UTC,2023-10-01 16:55:10 UTC,needs_id,CC-BY-NC,https://www.inaturalist.org/observations/185761260,https://inaturalist-open-data.s3.amazonaws.com/photos/324483924/medium.jpeg,,,,0,0,False,2,"Fair Haven Heights, New Haven, CT, USA",41.31447727,-72.87383804,3.0,,,,3.0,,,False,,,Small White Aster,Symphyotrichum racemosum,Small White Aster,Plantae,169483.0,C
185761831,8efbdfd7-8857-4f36-a576-3457b7e23e81,2023-10-01 12:55:16,2023-10-01,2023-10-01 16:55:16 UTC,Eastern Time (US & Canada),5082106,mariposasquimnipiac,,2023-10-01 16:58:13 UTC,2023-10-01 16:58:21 UTC,needs_id,CC-BY-NC,https://www.inaturalist.org/observations/185761831,https://inaturalist-open-data.s3.amazonaws.com/photos/324484797/medium.jpeg,,,,0,0,False,2,"Fair Haven Heights, New Haven, CT, USA",41.3143403,-72.87382901,4.0,,,,4.0,,,False,,,bluestem goldenrod,Solidago caesia,bluestem goldenrod,Plantae,120005.0,Garden Boundary
185966484,2521d32a-c447-483d-abec-d14e29895bbe,2023-10-02 18:16:25,2023-10-02,2023-10-02 22:16:25 UTC,Eastern Time (US & Canada),5082106,mariposasquimnipiac,,2023-10-02 22:18:41 UTC,2023-10-02 22:18:47 UTC,needs_id,CC-BY-NC,https://www.inaturalist.org/observations/185966484,https://inaturalist-open-data.s3.amazonaws.com/photos/324883705/medium.jpeg,,,"Plant we did not plant, but we do have wood asters in New England asters so maybe this is a different pastor.",0,0,False,2,"Fair Haven Heights, New Haven, CT, USA",41.31445894,-72.87374458,5.0,,,,5.0,,,False,,,American asters,Symphyotrichum,American asters,Plantae,56112.0,Garden Boundary
185967979,41e6f257-b8e7-4e2f-ad24-fa60b27a4c5e,2023-10-02 18:30:03,2023-10-02,2023-10-02 22:30:03 UTC,Eastern Time (US & Canada),5082106,mariposasquimnipiac,,2023-10-02 22:32:02 UTC,2023-10-02 22:32:11 UTC,needs_id,CC-BY-NC,https://www.inaturalist.org/observations/185967979,https://inaturalist-open-data.s3.amazonaws.com/photos/324887038/medium.jpeg,,,"Plant volunteered in the garden, fall",0,0,False,2,"Fair Haven Heights, New Haven, CT, USA",41.31440179,-72.87388324,4.0,,,,4.0,,,False,,,lemon balm,Melissa officinalis,lemon balm,Plantae,59901.0,Garden Boundary
185968086,360e4583-1b5a-4288-b2f6-f64ab73db6f1,2023-10-02 18:32:18,2023-10-02,2023-10-02 22:32:18 UTC,Eastern Time (US & Canada),5082106,mariposasquimnipiac,,2023-10-02 22:33:05 UTC,2023-10-02 22:33:12 UTC,needs_id,CC-BY-NC,https://www.inaturalist.org/observations/185968086,https://inaturalist-open-data.s3.amazonaws.com/photos/324887339/medium.jpeg,,,Plant volunteered in the garden ,0,0,False,2,"Fair Haven Heights, New Haven, CT, USA",41.31434851,-72.87393055,6.0,,,,6.0,,,False,,,common wrinkle-leaved goldenrod,Solidago rugosa,common wrinkle-leaved goldenrod,Plantae,128551.0,Garden Boundary
185970659,deaadc54-e829-4ed9-bee3-8a401d6df684,2023-10-02 18:53:54,2023-10-02,2023-10-02 22:53:54 UTC,Eastern Time (US & Canada),5082106,mariposasquimnipiac,,2023-10-02 22:55:27 UTC,2023-10-04 15:17:02 UTC,research,CC-BY-NC,https://www.inaturalist.org/observations/185970659,https://inaturalist-open-data.s3.amazonaws.com/photos/324893146/medium.jpeg,,,,2,0,False,2,"Fair Haven Heights, New Haven, CT, USA",41.31464716,-72.87399201,8.0,,,,8.0,,,False,,,common soapwort,Saponaria officinalis,common soapwort,Plantae,56154.0,outside
185970814,872243ee-51d5-45d3-b2b6-72e18efe9aaf,2023-10-02 18:55:45,2023-10-02,2023-10-02 22:55:45 UTC,Eastern Time (US & Canada),5082106,mariposasquimnipiac,,2023-10-02 22:56:14 UTC,2023-10-02 22:56:19 UTC,needs_id,CC-BY-NC,https://www.inaturalist.org/observations/185970814,https://inaturalist-open-data.s3.amazonaws.com/photos/324893312/medium.jpeg,,,,0,0,False,2,"Fair Haven Heights, New Haven, CT, USA",41.3146349,-72.8738453,4.0,,,,4.0,,open,False,,,Jerusalem artichoke,Helianthus tuberosus,Jerusalem artichoke,Plantae,122970.0,outside
186328500,d57fb4f1-947f-4be5-b368-0f9b0ca5854e,2023-10-05 16:45:27,2023-10-05,2023-10-05 20:45:27 UTC,Eastern Time (US & Canada),5082106,mariposasquimnipiac,,2023-10-05 20:47:34 UTC,2023-10-05 20:47:40 UTC,needs_id,CC-BY-NC,https://www.inaturalist.org/observations/186328500,https://inaturalist-open-data.s3.amazonaws.com/photos/325600581/medium.jpeg,,,,0,0,False,2,"Fair Haven Heights, New Haven, CT, USA",41.31442555,-72.87384499,3.0,,,,3.0,,,False,,,Small White Aster,Symphyotrichum racemosum,Small White Aster,Plantae,169483.0,Garden Boundary
186328781,d24e09d8-7a43-4c11-9fc8-97ce6f126e92,2023-10-05 16:47:45,2023-10-05,2023-10-05 20:47:45 UTC,Eastern Time (US & Canada),5082106,mariposasquimnipiac,,2023-10-05 20:48:48 UTC,2023-10-05 20:48:54 UTC,needs_id,CC-BY-NC,https://www.inaturalist.org/observations/186328781,https://inaturalist-open-data.s3.amazonaws.com/photos/325600844/medium.jpeg,,,,0,0,False,2,"Fair Haven Heights, New Haven, CT, USA",41.31444158,-72.87375894,6.0,,,,6.0,,,False,,,New England aster,Symphyotrichum novae-angliae,New England aster,Plantae,117443.0,Garden Boundary
186328998,0f09942c-e2f7-4c73-a7a6-29526d90a347,2023-10-05 16:49:12,2023-10-05,2023-10-05 20:49:12 UTC,Eastern Time (US & Canada),5082106,mariposasquimnipiac,,2023-10-05 20:51:03 UTC,2023-10-05 20:51:08 UTC,needs_id,CC-BY-NC,https://www.inaturalist.org/observations/186328998,https://inaturalist-open-data.s3.amazonaws.com/photos/325601393/medium.jpeg,,,3 different colors have popped up near our main group,0,0,False,2,"Fair Haven Heights, New Haven, CT, USA",41.31441811,-72.87378841,3.0,,,,3.0,,,False,,,American asters,Symphyotrichum,American asters,Plantae,56112.0,Garden Boundary
186329662,d7848b18-5a2b-4dad-a6dc-1754cace77a2,2023-10-05 16:55:13,2023-10-05,2023-10-05 20:55:13 UTC,Eastern Time (US & Canada),5082106,mariposasquimnipiac,,2023-10-05 20:55:56 UTC,2023-10-05 20:56:03 UTC,needs_id,CC-BY-NC,https://www.inaturalist.org/observations/186329662,https://inaturalist-open-data.s3.amazonaws.com/photos/325602484/medium.jpeg,,,,0,0,False,2,"Fair Haven Heights, New Haven, CT, USA",41.31443719,-72.87387814,4.0,,,,4.0,,,False,,,American asters,Symphyotrichum,American asters,Plantae,56112.0,D
189479322,ba198d8f-79eb-4b80-b704-991ea3f97cfd,2023-10-30 12:09:40,2023-10-30,2023-10-30 16:09:40 UTC,Eastern Time (US & Canada),5082106,mariposasquimnipiac,,2023-10-30 16:10:20 UTC,2023-11-24 15:57:40 UTC,research,CC-BY-NC,https://www.inaturalist.org/observations/189479322,https://inaturalist-open-data.s3.amazonaws.com/photos/331943541/medium.jpeg,,,,3,1,False,2,"Fair Haven Heights, New Haven, CT, USA",41.31463923,-72.87400456,8.0,,,,8.0,,open,False,,,staghorn sumac,Rhus typhina,staghorn sumac,Plantae,167829.0,outside
189479382,68ebe5c3-7e0b-4951-99ac-537ddc0d9750,2023-10-30 12:10:17,2023-10-30,2023-10-30 16:10:17 UTC,Eastern Time (US & Canada),5082106,mariposasquimnipiac,,2023-10-30 16:10:56 UTC,2024-06-23 03:19:13 UTC,research,CC-BY-NC,https://www.inaturalist.org/observations/189479382,https://inaturalist-open-data.s3.amazonaws.com/photos/331943684/medium.jpeg,,,,3,0,False,2,"Fair Haven Heights, New Haven, CT, USA",41.31461951,-72.87392089,7.0,,,,7.0,,,False,,,Common American Pokeweed,Phytolacca americana americana,Common American Pokeweed,Plantae,81245.0,outside
193423350,abcd8088-230a-4b68-86e1-a97973d99eff,2023-12-08 16:45:28,2023-12-08,2023-12-08 21:45:28 UTC,Eastern Time (US & Canada),5082106,mariposasquimnipiac,,2023-12-08 21:47:04 UTC,2023-12-08 21:47:21 UTC,needs_id,CC-BY-NC,https://www.inaturalist.org/observations/193423350,https://inaturalist-open-data.s3.amazonaws.com/photos/339779994/medium.jpeg,,,,0,0,False,2,"Fair Haven Heights, New Haven, CT, USA",41.31419544,-72.87378641,12.0,,,,12.0,,,False,,,Hackberry Gall Psyllids,Pachypsylla,Hackberry Gall Psyllids,Insecta,322304.0,E
199498012,b0c51e8d-9f4b-45f2-ae26-d2e6b66407b1,2024-02-16 16:49:11,2024-02-16,2024-02-16 21:49:11 UTC,Eastern Time (US & Canada),5082106,mariposasquimnipiac,,2024-02-16 21:50:54 UTC,2024-02-24 18:14:19 UTC,research,CC-BY-NC,https://www.inaturalist.org/observations/199498012,https://inaturalist-open-data.s3.amazonaws.com/photos/351827694/medium.jpeg,,,,1,0,False,2,"Fair Haven Heights, New Haven, CT, USA",41.31432385,-72.87393133,8.0,,,,8.0,,open,False,,,Eastern Cottonwood,Populus deltoides,Eastern Cottonwood,Plantae,52119.0,G
199498166,24ffd128-4981-4765-bdf1-1b4b6d47e828,2024-02-16 16:51:23,2024-02-16,2024-02-16 21:51:23 UTC,Eastern Time (US & Canada),5082106,mariposasquimnipiac,,2024-02-16 21:53:01 UTC,2025-12-07 22:17:51 UTC,needs_id,CC-BY-NC,https://www.inaturalist.org/observations/199498166,https://inaturalist-open-data.s3.amazonaws.com/photos/351827955/medium.jpeg,,,Tree was buried in J knotweed... Not sumac,0,0,False,2,"Fair Haven Heights, New Haven, CT, USA",41.31430482,-72.8738653,6.0,,,,6.0,,,False,,,,Magnoliopsida,Dicots,Plantae,47124.0,Garden Boundary
203505716,5310f2ee-f488-403f-a4ec-99e0125652b3,2024-03-13 11:56:52,2024-03-13,2024-03-13 15:56:52 UTC,Eastern Time (US & Canada),5082106,mariposasquimnipiac,,2024-03-22 19:59:20 UTC,2024-03-23 13:56:28 UTC,research,CC-BY-NC,https://www.inaturalist.org/observations/203505716,https://inaturalist-open-data.s3.amazonaws.com/photos/359568154/medium.jpeg,,,,1,0,False,2,"Fair Haven Heights, New Haven, CT, USA",41.31445758,-72.87379322,5.0,,,,5.0,,,False,,,wild garlic,Allium vineale,wild garlic,Plantae,75371.0,C
203505876,c0a03e2a-b3e4-4a8e-ae4d-04bce66d4a9d,2024-03-22 15:59:11,2024-03-22,2024-03-22 19:59:11 UTC,Eastern Time (US & Canada),5082106,mariposasquimnipiac,,2024-03-22 20:00:31 UTC,2024-03-22 20:00:39 UTC,needs_id,CC-BY-NC,https://www.inaturalist.org/observations/203505876,https://inaturalist-open-data.s3.amazonaws.com/photos/359568513/medium.jpeg,,,"Plant - both comfrey and Joe high weed are adjacent to this and goldenrod not too far, but I can't tell them apart yet",0,0,False,2,"Fair Haven Heights, New Haven, CT, USA",41.31446173,-72.87383768,6.0,,,,6.0,,,False,,,common comfrey,Symphytum officinale,common comfrey,Plantae,55724.0,C
203926371,0a1184a1-6417-436f-b984-2c5fac08b9a6,2024-03-25 15:39:46,2024-03-25,2024-03-25 19:39:46 UTC,Eastern Time (US & Canada),5082106,mariposasquimnipiac,,2024-03-25 19:40:42 UTC,2025-11-30 21:18:06 UTC,needs_id,CC-BY-NC,https://www.inaturalist.org/observations/203926371,https://inaturalist-open-data.s3.amazonaws.com/photos/360372120/medium.jpeg,,,"Tree - I was told it was poplar or cottonwood, but I'd like to clarify",0,0,False,2,"Fair Haven Heights, New Haven, CT, USA",41.31447212,-72.87396388,7.0,,,,7.0,,,False,,,,Tracheophyta,Vascular Plants,Plantae,211194.0,outside
203927238,d78017da-aa48-4a28-8022-e9fb68fe4c13,2024-03-25 15:44:07,2024-03-25,2024-03-25 19:44:07 UTC,Eastern Time (US & Canada),5082106,mariposasquimnipiac,,2024-03-25 19:47:17 UTC,2024-07-31 21:08:56 UTC,needs_id,CC-BY-NC,https://www.inaturalist.org/observations/203927238,https://inaturalist-open-data.s3.amazonaws.com/photos/360373633/medium.jpeg,,,"Tree - I don't know how long this has been growing near the base of a tall tree, probably cottonwood or poplar",0,0,False,2,"Fair Haven Heights, New Haven, CT, USA",41.31421171,-72.87387591,9.0,,,,9.0,,,False,,,,,,,,Garden Boundary
204451763,feff8fac-de9b-449e-b563-b784a035fb39,2024-03-29 16:57:32,2024-03-29,2024-03-29 20:57:32 UTC,Eastern Time (US & Canada),5082106,mariposasquimnipiac,,2024-03-29 20:58:25 UTC,2024-03-31 18:35:22 UTC,needs_id,CC-BY-NC,https://www.inaturalist.org/observations/204451763,https://inaturalist-open-data.s3.amazonaws.com/photos/361998639/medium.jpeg,,,,0,0,False,2,"Fair Haven Heights, New Haven, CT, USA",41.31436791,-72.87377334,8.0,,,,8.0,,,False,,,common evening-primrose,Oenothera biennis,common evening-primrose,Plantae,62207.0,Garden Boundary
204781468,d9fac8f5-d13d-4ad1-b2f7-f89f3233b727,2024-03-31 14:40:11,2024-03-31,2024-03-31 18:40:11 UTC,Eastern Time (US & Canada),5082106,mariposasquimnipiac,,2024-03-31 18:41:24 UTC,2024-03-31 18:41:40 UTC,needs_id,CC-BY-NC,https://www.inaturalist.org/observations/204781468,https://inaturalist-open-data.s3.amazonaws.com/photos/362000970/medium.jpeg,,,Plant - it's coming up everywhere! Usually we only have a dozen or so...,0,0,False,2,"Fair Haven Heights, New Haven, CT, USA",41.31432379,-72.87385404,7.0,,,,7.0,,,False,,,common evening-primrose,Oenothera biennis,common evening-primrose,Plantae,62207.0,B
204784721,51a410e5-83d0-4c8a-b84c-43a756979cba,2024-03-31 14:56:43,2024-03-31,2024-03-31 18:56:43 UTC,Eastern Time (US & Canada),5082106,mariposasquimnipiac,,2024-03-31 18:57:49 UTC,2024-03-31 18:58:00 UTC,needs_id,CC-BY-NC,https://www.inaturalist.org/observations/204784721,https://inaturalist-open-data.s3.amazonaws.com/photos/362006505/medium.jpeg,,,,0,0,False,2,"Fair Haven Heights, New Haven, CT, USA",41.31437429,-72.87380725,8.0,,,,8.0,,,False,,,St. John's worts,Hypericum,St. John's worts,Plantae,52761.0,A
204787250,3f296b54-bec7-4485-9d1a-cd4ffa15011e,2024-03-31 15:10:28,2024-03-31,2024-03-31 19:10:28 UTC,Eastern Time (US & Canada),5082106,mariposasquimnipiac,,2024-03-31 19:11:06 UTC,2024-03-31 19:11:14 UTC,needs_id,CC-BY-NC,https://www.inaturalist.org/observations/204787250,https://inaturalist-open-data.s3.amazonaws.com/photos/362010739/medium.jpeg,,,,0,0,False,2,"Fair Haven Heights, New Haven, CT, USA",41.3143998,-72.8737568,8.0,,,,8.0,,,False,,,common comfrey,Symphytum officinale,common comfrey,Plantae,55724.0,Garden Boundary
204788237,3324c847-b808-4d2d-be08-6c3173937185,2024-03-31 15:14:45,2024-03-31,2024-03-31 19:14:45 UTC,Eastern Time (US & Canada),5082106,mariposasquimnipiac,,2024-03-31 19:15:17 UTC,2024-03-31 19:15:29 UTC,needs_id,CC-BY-NC,https://www.inaturalist.org/observations/204788237,https://inaturalist-open-data.s3.amazonaws.com/photos/362012319/medium.jpeg,,,,0,0,False,2,"Fair Haven Heights, New Haven, CT, USA",41.31440264,-72.8738989,7.0,,,,7.0,,,False,,,Bittercresses and Toothworts,Cardamine,Bittercresses and Toothworts,Plantae,49652.0,B
204788878,c7ec089e-37f2-4058-b0e1-dbd76852a8a6,2024-03-31 15:18:12,2024-03-31,2024-03-31 19:18:12 UTC,Eastern Time (US & Canada),5082106,mariposasquimnipiac,,2024-03-31 19:18:40 UTC,2024-03-31 19:18:50 UTC,needs_id,CC-BY-NC,https://www.inaturalist.org/observations/204788878,https://inaturalist-open-data.s3.amazonaws.com/photos/362013446/medium.jpeg,,,,0,0,False,2,"Fair Haven Heights, New Haven, CT, USA",41.31430283,-72.87383429,5.0,,,,5.0,,,False,,,Common St. John's Wort,Hypericum perforatum,Common St. John's Wort,Plantae,56077.0,Garden Boundary
204789079,ae49afe8-23e3-41ba-866d-85326759b30f,2024-03-31 15:19:25,2024-03-31,2024-03-31 19:19:25 UTC,Eastern Time (US & Canada),5082106,mariposasquimnipiac,,2024-03-31 19:19:46 UTC,2024-05-19 21:36:25 UTC,research,CC-BY-NC,https://www.inaturalist.org/observations/204789079,https://inaturalist-open-data.s3.amazonaws.com/photos/362013841/medium.jpeg,,,,1,0,False,2,"Fair Haven Heights, New Haven, CT, USA",41.31434611,-72.87375813,5.0,,,,5.0,,,False,,,Hyacinth,Hyacinthus orientalis,Hyacinth,Plantae,126637.0,Garden Boundary
205557842,40851b11-aa88-43bb-9a57-b02eb6303204,2024-04-05 15:31:38,2024-04-05,2024-04-05 19:31:38 UTC,Eastern Time (US & Canada),5082106,mariposasquimnipiac,,2024-04-05 19:32:38 UTC,2025-11-28 14:53:54 UTC,needs_id,CC-BY-NC,https://www.inaturalist.org/observations/205557842,https://inaturalist-open-data.s3.amazonaws.com/photos/363477312/medium.jpeg,,,Plant - mint? Rosemary?,3,0,False,2,"Fair Haven Heights, New Haven, CT, USA",41.31435454,-72.87381988,3.0,,,,3.0,,,False,,,dicots,Magnoliopsida,Dicots,Plantae,47124.0,Garden Boundary
205563530,d2556f52-d97b-4406-ba44-1a5ba8af936c,2024-04-05 16:16:54,2024-04-05,2024-04-05 20:16:54 UTC,Eastern Time (US & Canada),5082106,mariposasquimnipiac,,2024-04-05 20:17:21 UTC,2024-04-05 20:54:24 UTC,needs_id,CC-BY-NC,https://www.inaturalist.org/observations/205563530,https://inaturalist-open-data.s3.amazonaws.com/photos/363497080/medium.jpeg,,,,0,0,False,2,"Fair Haven Heights, New Haven, CT, USA",41.31441684,-72.87389461,3.0,,,,3.0,,,False,,,common comfrey,Symphytum officinale,common comfrey,Plantae,55724.0,D
205568047,1c399f29-ea13-4789-876d-50672bb42e8c,2024-04-05 16:53:44,2024-04-05,2024-04-05 20:53:44 UTC,Eastern Time (US & Canada),5082106,mariposasquimnipiac,,2024-04-05 20:54:26 UTC,2024-04-05 20:54:33 UTC,needs_id,CC-BY-NC,https://www.inaturalist.org/observations/205568047,https://inaturalist-open-data.s3.amazonaws.com/photos/363497116/medium.jpeg,,,,0,0,False,2,"Fair Haven Heights, New Haven, CT, USA",41.3144231,-72.8738899,4.0,,,,4.0,,,False,,,Bittercresses and Toothworts,Cardamine,Bittercresses and Toothworts,Plantae,49652.0,D
205568908,3b25a70e-7588-47db-b65e-a0e1a110c71b,2024-04-05 17:00:12,2024-04-05,2024-04-05 21:00:12 UTC,Eastern Time (US & Canada),5082106,mariposasquimnipiac,,2024-04-05 21:00:50 UTC,2024-05-19 21:46:19 UTC,needs_id,CC-BY-NC,https://www.inaturalist.org/observations/205568908,https://inaturalist-open-data.s3.amazonaws.com/photos/363498824/medium.jpeg,,,,0,0,False,2,"Fair Haven Heights, New Haven, CT, USA",41.31438003,-72.87391514,5.0,,,,5.0,,,False,,,lemon balm,Melissa officinalis,lemon balm,Plantae,59901.0,Garden Boundary
206241577,112e961b-b9fc-443c-bf81-b98511b9e618,2024-04-09 09:21:22,2024-04-09,2024-04-09 13:21:22 UTC,Eastern Time (US & Canada),5082106,mariposasquimnipiac,,2024-04-09 13:22:23 UTC,2025-11-27 19:36:48 UTC,needs_id,CC-BY-NC,https://www.inaturalist.org/observations/206241577,https://inaturalist-open-data.s3.amazonaws.com/photos/364758951/medium.jpeg,,,"Plant, looks like this, but we didn't plant it. Is it invasive in connecticut?",2,0,False,2,"Fair Haven Heights, New Haven, CT, USA",41.31423022,-72.87380562,8.0,,,,8.0,,open,False,,,dicots,Magnoliopsida,Dicots,Plantae,47124.0,Garden Boundary
206242207,cb1413bc-9b65-469c-a8cf-772dbb9d0a1b,2024-04-09 09:26:39,2024-04-09,2024-04-09 13:26:39 UTC,Eastern Time (US & Canada),5082106,mariposasquimnipiac,,2024-04-09 13:27:47 UTC,2024-04-09 13:27:56 UTC,needs_id,CC-BY-NC,https://www.inaturalist.org/observations/206242207,https://inaturalist-open-data.s3.amazonaws.com/photos/364760155/medium.jpeg,,,Tree by Hemingway Creek,0,0,False,2,"Fair Haven Heights, New Haven, CT, USA",41.31435517,-72.87379428,6.0,,,,6.0,,open,False,,,Eastern Cottonwood,Populus deltoides,Eastern Cottonwood,Plantae,52119.0,Garden Boundary
206303157,b8992904-ef61-49b1-9e17-7cb8dfb0c964,2024-04-09 16:06:13,2024-04-09,2024-04-09 20:06:13 UTC,Eastern Time (US & Canada),5082106,mariposasquimnipiac,,2024-04-09 20:07:45 UTC,2024-04-09 20:07:57 UTC,needs_id,CC-BY-NC,https://www.inaturalist.org/observations/206303157,https://inaturalist-open-data.s3.amazonaws.com/photos/364872168/medium.jpeg,,,"Plant - this is at the edge of a goldenrod patch, but none is coming up in the center",0,0,False,2,"Fair Haven Heights, New Haven, CT, USA",41.31439798,-72.87393778,5.0,,,,5.0,,,False,,,common wrinkle-leaved goldenrod,Solidago rugosa,common wrinkle-leaved goldenrod,Plantae,128551.0,Garden Boundary
206303783,9aff6580-d993-41b1-9ac8-c878ccfef8fd,2024-04-09 16:11:45,2024-04-09,2024-04-09 20:11:45 UTC,Eastern Time (US & Canada),5082106,mariposasquimnipiac,,2024-04-09 20:12:26 UTC,2024-04-12 20:23:42 UTC,needs_id,CC-BY-NC,https://www.inaturalist.org/observations/206303783,https://inaturalist-open-data.s3.amazonaws.com/photos/365789701/medium.jpeg,,,,0,0,False,2,"Fair Haven Heights, New Haven, CT, USA",41.31441027,-72.87388784,7.0,,,,7.0,,open,False,,,northern bayberry,Morella pensylvanica,northern bayberry,Plantae,64544.0,Garden Boundary
206836619,a87c2422-e69b-4655-adb7-9edc1d6ffa27,2024-04-12 16:07:07,2024-04-12,2024-04-12 20:07:07 UTC,Eastern Time (US & Canada),5082106,mariposasquimnipiac,,2024-04-12 20:23:46 UTC,2024-04-12 20:23:53 UTC,needs_id,CC-BY-NC,https://www.inaturalist.org/observations/206836619,https://inaturalist-open-data.s3.amazonaws.com/photos/365789774/medium.jpeg,,,,0,0,False,2,"Fair Haven Heights, New Haven, CT, USA",41.31445839,-72.87393504,8.0,,,,8.0,,,False,,,beardtongues,Penstemon,beardtongues,Plantae,48367.0,outside
206836721,07acf0f4-483b-4ad1-bf25-d8b0c70d5a77,2024-04-12 16:23:22,2024-04-12,2024-04-12 20:23:22 UTC,Eastern Time (US & Canada),5082106,mariposasquimnipiac,,2024-04-12 20:24:29 UTC,2024-04-12 20:24:35 UTC,needs_id,CC-BY-NC,https://www.inaturalist.org/observations/206836721,https://inaturalist-open-data.s3.amazonaws.com/photos/365790007/medium.jpeg,,,"Plant - we didn't plant it, but rather looks like some kind of juniper",0,0,False,2,"Fair Haven Heights, New Haven, CT, USA",41.31435197,-72.87386023,6.0,,,,6.0,,,False,,,junipers,Juniperus,junipers,Plantae,47574.0,Garden Boundary
206837218,f9d4dde1-9935-45c4-a657-7eb8a7090733,2024-04-12 16:26:43,2024-04-12,2024-04-12 20:26:43 UTC,Eastern Time (US & Canada),5082106,mariposasquimnipiac,,2024-04-12 20:27:47 UTC,2025-04-05 12:25:12 UTC,research,CC-BY-NC,https://www.inaturalist.org/observations/206837218,https://inaturalist-open-data.s3.amazonaws.com/photos/365790979/medium.jpeg,,,Plant - I hope it is not Japanese barberry. It is where we planted meadowsweet something.,1,0,False,2,"Fair Haven Heights, New Haven, CT, USA",41.31440095,-72.8738745,8.0,,,,8.0,,,False,,,Japanese barberry,Berberis thunbergii,Japanese barberry,Plantae,58727.0,Garden Boundary
207479092,6434992d-5857-4d3d-b3c0-70f36c7f53b1,2024-04-15 18:33:18,2024-04-15,2024-04-15 22:33:18 UTC,Eastern Time (US & Canada),5082106,mariposasquimnipiac,,2024-04-15 22:33:48 UTC,2024-04-15 22:33:56 UTC,needs_id,CC-BY-NC,https://www.inaturalist.org/observations/207479092,https://inaturalist-open-data.s3.amazonaws.com/photos/366998242/medium.jpeg,,,,0,0,False,2,"Fair Haven Heights, New Haven, CT, USA",41.31441364,-72.87383694,7.0,,,,7.0,,,False,,,beebalms and bergamots,Monarda,beebalms and bergamots,Plantae,52736.0,A
207479241,392f90f5-994f-4402-af9c-152cf244e1cf,2024-04-15 18:33:57,2024-04-15,2024-04-15 22:33:57 UTC,Eastern Time (US & Canada),5082106,mariposasquimnipiac,,2024-04-15 22:34:54 UTC,2024-04-15 22:37:28 UTC,needs_id,CC-BY-NC,https://www.inaturalist.org/observations/207479241,https://inaturalist-open-data.s3.amazonaws.com/photos/366999407/medium.jpeg,,,,0,0,False,2,"Fair Haven Heights, New Haven, CT, USA",41.31441479,-72.87383749,5.0,,,,5.0,,,False,,,Comfrey,Symphytum,Comfreys,Plantae,55725.0,A
207479352,6089f5d2-0802-4517-80cf-73d0474171d5,2024-04-15 18:34:28,2024-04-15,2024-04-15 22:34:28 UTC,Eastern Time (US & Canada),5082106,mariposasquimnipiac,,2024-04-15 22:35:40 UTC,2024-04-15 22:35:47 UTC,needs_id,CC-BY-NC,https://www.inaturalist.org/observations/207479352,https://inaturalist-open-data.s3.amazonaws.com/photos/366998866/medium.jpeg,,,,0,0,False,2,"Fair Haven Heights, New Haven, CT, USA",41.3144141,-72.87383685,4.0,,,,4.0,,,False,,,White Wood Aster,Eurybia divaricata,White Wood Aster,Plantae,127685.0,A
207479622,175f5ca9-2d42-47e9-89a0-0bb241e245bf,2024-04-15 18:35:27,2024-04-15,2024-04-15 22:35:27 UTC,Eastern Time (US & Canada),5082106,mariposasquimnipiac,,2024-04-15 22:37:30 UTC,2026-02-22 11:50:29 UTC,research,CC-BY-NC,https://www.inaturalist.org/observations/207479622,https://inaturalist-open-data.s3.amazonaws.com/photos/367000307/medium.jpeg,,,Plant -. Is this meadow suite or the invasive Japanese barberry,1,0,False,2,"Fair Haven Heights, New Haven, CT, USA",41.31441703,-72.87383577,9.0,,,,9.0,,,False,,,white meadowsweet,Spiraea alba,white meadowsweet,Plantae,126823.0,A
207762308,242e69c6-9f94-421e-90a6-8f237b611dd9,2024-04-17 10:44:47,2024-04-17,2024-04-17 14:44:47 UTC,Eastern Time (US & Canada),5082106,mariposasquimnipiac,,2024-04-17 14:45:56 UTC,2024-04-17 14:53:05 UTC,needs_id,CC-BY-NC,https://www.inaturalist.org/observations/207762308,https://inaturalist-open-data.s3.amazonaws.com/photos/367532300/medium.jpeg,,,,0,0,False,2,"Fair Haven Heights, New Haven, CT, USA",41.3144279,-72.87387071,5.0,,,,5.0,,,False,,,common wrinkle-leaved goldenrod,Solidago rugosa,common wrinkle-leaved goldenrod,Plantae,128551.0,D
207763413,622c344d-f580-40f4-a252-eef68e9c8bb6,2024-04-17 10:52:01,2024-04-17,2024-04-17 14:52:01 UTC,Eastern Time (US & Canada),5082106,mariposasquimnipiac,,2024-04-17 14:53:08 UTC,2026-02-22 11:50:22 UTC,research,CC-BY-NC,https://www.inaturalist.org/observations/207763413,https://inaturalist-open-data.s3.amazonaws.com/photos/367532368/medium.jpeg,,,,1,0,False,2,"Fair Haven Heights, New Haven, CT, USA",41.31444247,-72.87383246,7.0,,,,7.0,,,False,,,white meadowsweet,Spiraea alba,white meadowsweet,Plantae,126823.0,C
207763633,92fae58c-8e41-4566-bd5d-2ca59aeeeec2,2024-04-17 10:54:28,2024-04-17,2024-04-17 14:54:28 UTC,Eastern Time (US & Canada),5082106,mariposasquimnipiac,,2024-04-17 14:54:55 UTC,2024-04-17 14:55:02 UTC,needs_id,CC-BY-NC,https://www.inaturalist.org/observations/207763633,https://inaturalist-open-data.s3.amazonaws.com/photos/367532817/medium.jpeg,,,,0,0,False,2,"Fair Haven Heights, New Haven, CT, USA",41.31437382,-72.87380631,8.0,,,,8.0,,,False,,,pussytoes,Antennaria,pussytoes,Plantae,51901.0,A
207767567,420d37b5-6f76-4eb2-9361-00242a835d74,2024-04-17 11:22:17,2024-04-17,2024-04-17 15:22:17 UTC,Eastern Time (US & Canada),5082106,mariposasquimnipiac,,2024-04-17 15:22:44 UTC,2024-04-19 20:13:18 UTC,needs_id,CC-BY-NC,https://www.inaturalist.org/observations/207767567,https://inaturalist-open-data.s3.amazonaws.com/photos/368251408/medium.jpeg,,,,0,0,False,2,"Fair Haven Heights, New Haven, CT, USA",41.31444715,-72.87382886,6.0,,,,6.0,,,False,,,lemon balm,Melissa officinalis,lemon balm,Plantae,59901.0,C
212269012,7024817f-86ca-4946-b45f-ae9cc66bb070,2024-04-30 11:02:09,2024-04-30,2024-04-30 15:02:09 UTC,Eastern Time (US & Canada),5082106,mariposasquimnipiac,,2024-04-30 15:02:31 UTC,2024-04-30 15:02:39 UTC,needs_id,CC-BY-NC,https://www.inaturalist.org/observations/212269012,https://inaturalist-open-data.s3.amazonaws.com/photos/375126238/medium.jpeg,,,,0,0,False,2,"Fair Haven Heights, New Haven, CT, USA",41.3144107,-72.87375069,6.0,,,,6.0,,,False,,,orange coneflower,Rudbeckia fulgida,orange coneflower,Plantae,142654.0,Garden Boundary
212275611,8f2f4e44-fece-425c-910e-be31af5560d6,2024-04-30 11:23:00,2024-04-30,2024-04-30 15:23:00 UTC,Eastern Time (US & Canada),5082106,mariposasquimnipiac,,2024-04-30 15:23:32 UTC,2024-04-30 15:23:38 UTC,needs_id,CC-BY-NC,https://www.inaturalist.org/observations/212275611,https://inaturalist-open-data.s3.amazonaws.com/photos/375137950/medium.jpeg,,,,0,0,False,2,"Fair Haven Heights, New Haven, CT, USA",41.31425389,-72.87388535,5.0,,,,5.0,,,False,,,elms,Ulmus,elms,Plantae,53549.0,Garden Boundary
212277552,8b362340-73db-416b-82f4-c91c20abab63,2024-04-30 11:28:58,2024-04-30,2024-04-30 15:28:58 UTC,Eastern Time (US & Canada),5082106,mariposasquimnipiac,,2024-04-30 15:29:57 UTC,2024-08-04 14:20:23 UTC,research,CC-BY-NC,https://www.inaturalist.org/observations/212277552,https://inaturalist-open-data.s3.amazonaws.com/photos/375141520/medium.jpeg,,,,2,0,False,2,"Fair Haven Heights, New Haven, CT, USA",41.31441154,-72.87389085,4.0,,,,4.0,,,False,,,Jacob's ladder,Polemonium reptans,Jacob's ladder,Plantae,67524.0,B
212278137,faa16b1c-0475-413d-9504-8273e20d94e2,2024-04-30 11:30:24,2024-04-30,2024-04-30 15:30:24 UTC,Eastern Time (US & Canada),5082106,mariposasquimnipiac,,2024-04-30 15:31:39 UTC,2024-04-30 15:32:08 UTC,needs_id,CC-BY-NC,https://www.inaturalist.org/observations/212278137,https://inaturalist-open-data.s3.amazonaws.com/photos/375142651/medium.jpeg,,,,0,0,False,2,"Fair Haven Heights, New Haven, CT, USA",41.31442149,-72.87382759,4.0,,,,4.0,,,False,,,Common Blue Wood Aster,Symphyotrichum cordifolium,Common Blue Wood Aster,Plantae,153441.0,A
213005327,ad5fc090-abf4-4e57-b88f-57b36b8ae650,2024-05-02 18:06:56,2024-05-02,2024-05-02 22:06:56 UTC,Eastern Time (US & Canada),5082106,mariposasquimnipiac,,2024-05-02 22:27:37 UTC,2025-04-05 21:58:53 UTC,research,CC-BY-NC,https://www.inaturalist.org/observations/213005327,https://inaturalist-open-data.s3.amazonaws.com/photos/376422840/medium.jpeg,,,,1,0,False,2,"Fair Haven Heights, New Haven, CT, USA",41.3144322,-72.8739206,5.0,,,,5.0,,,False,,,ribwort plantain,Plantago lanceolata,ribwort plantain,Plantae,53178.0,Garden Boundary
214249800,a8745541-4f0d-4301-a154-8ccb32f06759,2024-05-07 15:42:41,2024-05-07,2024-05-07 19:42:41 UTC,Eastern Time (US & Canada),5082106,mariposasquimnipiac,,2024-05-07 19:43:42 UTC,2024-05-10 14:15:53 UTC,needs_id,CC-BY-NC,https://www.inaturalist.org/observations/214249800,https://inaturalist-open-data.s3.amazonaws.com/photos/379688445/medium.jpeg,,,Plant seems to be coming up everywhere!,0,0,False,2,"Fair Haven Heights, New Haven, CT, USA",41.31441538,-72.87388299,4.0,,,,4.0,,,False,,,plantains,Plantago,plantains,Plantae,50636.0,Garden Boundary
214790345,34088f96-aca1-48fb-9c8f-a5153a8d345f,2024-05-07 15:48:30,2024-05-07,2024-05-07 19:48:30 UTC,Eastern Time (US & Canada),5082106,mariposasquimnipiac,,2024-05-10 14:16:38 UTC,2024-05-10 14:16:47 UTC,needs_id,CC-BY-NC,https://www.inaturalist.org/observations/214790345,https://inaturalist-open-data.s3.amazonaws.com/photos/379688728/medium.jpeg,,,,0,0,False,2,"Fair Haven Heights, New Haven, CT, USA",41.31439894,-72.8739385,8.0,,,,8.0,,,False,,,common evening-primrose,Oenothera biennis,common evening-primrose,Plantae,62207.0,Garden Boundary
215769531,30b89865-1616-4216-a2b8-299777827efb,2024-05-14 15:40:19,2024-05-14,2024-05-14 19:40:19 UTC,Eastern Time (US & Canada),5082106,mariposasquimnipiac,,2024-05-14 19:42:02 UTC,2024-05-14 19:47:12 UTC,needs_id,CC-BY-NC,https://www.inaturalist.org/observations/215769531,https://inaturalist-open-data.s3.amazonaws.com/photos/381519451/medium.jpeg,,,Plant - significant succer growth 6' and more from 1st planting,0,0,False,2,"Fair Haven Heights, New Haven, CT, USA",41.31432751,-72.87384735,5.0,,,,5.0,,,False,,,gray dogwood,Cornus racemosa,gray dogwood,Plantae,320160.0,Garden Boundary
215773140,0f46ea62-7490-46f3-8683-7de4dcb93540,2024-05-14 16:04:08,2024-05-14,2024-05-14 20:04:08 UTC,Eastern Time (US & Canada),5082106,mariposasquimnipiac,,2024-05-14 20:04:40 UTC,2024-07-04 14:46:36 UTC,research,CC-BY-NC,https://www.inaturalist.org/observations/215773140,https://inaturalist-open-data.s3.amazonaws.com/photos/381525571/medium.jpeg,,,,1,0,False,2,"Fair Haven Heights, New Haven, CT, USA",41.3145118,-72.87385036,8.0,,,,8.0,,,False,,,Jacob's ladder,Polemonium reptans,Jacob's ladder,Plantae,67524.0,outside
215773294,421e7b35-2080-459c-aa45-ac589e4ae47b,2024-05-14 16:04:49,2024-05-14,2024-05-14 20:04:49 UTC,Eastern Time (US & Canada),5082106,mariposasquimnipiac,,2024-05-14 20:05:45 UTC,2024-05-14 20:05:52 UTC,needs_id,CC-BY-NC,https://www.inaturalist.org/observations/215773294,https://inaturalist-open-data.s3.amazonaws.com/photos/381525947/medium.jpeg,,,Plant- we didn't plant it but I'm guessing we will need it.,0,0,False,2,"Fair Haven Heights, New Haven, CT, USA",41.31448844,-72.87383269,5.0,,,,5.0,,,False,,,common sneezeweed,Helenium autumnale,common sneezeweed,Plantae,77349.0,Garden Boundary
215773459,721c400f-ad3c-4e59-8da4-0a521f34164a,2024-05-14 16:05:57,2024-05-14,2024-05-14 20:05:57 UTC,Eastern Time (US & Canada),5082106,mariposasquimnipiac,,2024-05-14 20:06:41 UTC,2024-05-14 20:12:37 UTC,needs_id,CC-BY-NC,https://www.inaturalist.org/observations/215773459,https://inaturalist-open-data.s3.amazonaws.com/photos/381528309/medium.jpeg,,,Plant - I forgot we planted it years ago in an open vacant lot community pollinator garden,0,0,False,2,"Fair Haven Heights, New Haven, CT, USA",41.31445786,-72.87386402,4.0,,,,4.0,,,False,,,pussytoes,Antennaria,pussytoes,Plantae,51901.0,Garden Boundary
215774693,7b0046f0-cb44-4fc7-84e2-778b497def4d,2024-05-14 16:12:24,2024-05-14,2024-05-14 20:12:24 UTC,Eastern Time (US & Canada),5082106,mariposasquimnipiac,,2024-05-14 20:13:17 UTC,2025-09-21 03:05:40 UTC,research,CC-BY-NC,https://www.inaturalist.org/observations/215774693,https://inaturalist-open-data.s3.amazonaws.com/photos/381530491/medium.jpeg,,,Oh no ... Another invasive plant to tackle,1,0,False,2,"Fair Haven Heights, New Haven, CT, USA",41.31436384,-72.87371187,6.0,,,,6.0,,,False,,,Porcelain Berry,Ampelopsis glandulosa,Porcelain Berry,Plantae,204237.0,Garden Boundary
215776147,0db7daaa-d43c-4ccb-a42c-e76a7086b53f,2024-05-14 16:16:33,2024-05-14,2024-05-14 20:16:33 UTC,Eastern Time (US & Canada),5082106,mariposasquimnipiac,,2024-05-14 20:19:31 UTC,2024-05-14 20:21:01 UTC,needs_id,CC-BY-NC,https://www.inaturalist.org/observations/215776147,https://inaturalist-open-data.s3.amazonaws.com/photos/381531015/medium.jpeg,,,"Plant - I'm thinking this is a very aggressive, almost invasive ground cover in connecticut. Yes?",0,0,False,2,"Fair Haven Heights, New Haven, CT, USA",41.31443059,-72.87384839,6.0,,,,6.0,,,False,,,slender yellow woodsorrel,Oxalis dillenii,slender yellow woodsorrel,Plantae,84772.0,Garden Boundary
215778181,4ff21202-a53a-4a86-a790-70e4002b28c5,2024-05-14 16:25:53,2024-05-14,2024-05-14 20:25:53 UTC,Eastern Time (US & Canada),5082106,mariposasquimnipiac,,2024-05-14 20:31:01 UTC,2024-05-14 20:31:16 UTC,needs_id,CC-BY-NC,https://www.inaturalist.org/observations/215778181,https://inaturalist-open-data.s3.amazonaws.com/photos/381534645/medium.jpeg,,,Plant - I planted the little guy a couple weeks ago and it is blooming!,0,0,False,2,"Fair Haven Heights, New Haven, CT, USA",41.31436021,-72.87367362,6.0,,,,6.0,,,False,,,robin's-plantain,Erigeron pulchellus,robin's-plantain,Plantae,59753.0,Garden Boundary
216816064,fcc21e76-ccbc-4bbf-b555-8ea146b11411,2024-05-19 11:59:17,2024-05-19,2024-05-19 15:59:17 UTC,Eastern Time (US & Canada),5082106,mariposasquimnipiac,,2024-05-19 16:00:59 UTC,2025-02-28 15:48:43 UTC,needs_id,CC-BY-NC,https://www.inaturalist.org/observations/216816064,https://inaturalist-open-data.s3.amazonaws.com/photos/383487829/medium.jpeg,,,,0,0,False,2,"Fair Haven Heights, New Haven, CT, USA",41.31420089,-72.87373391,6.0,,,,6.0,,,False,,,,Magnoliopsida,Dicots,Plantae,47124.0,Garden Boundary
216825030,285dd2de-2514-4fd0-a211-1204324c0a1b,2024-05-19 12:30:13,2024-05-19,2024-05-19 16:30:13 UTC,Eastern Time (US & Canada),5082106,mariposasquimnipiac,,2024-05-19 16:31:38 UTC,2024-05-19 16:31:46 UTC,needs_id,CC-BY-NC,https://www.inaturalist.org/observations/216825030,https://inaturalist-open-data.s3.amazonaws.com/photos/383504159/medium.jpeg,,,"Plant - fifth summer we've had a pollinator garden on the vacant lot and this year first time a whole bunch of weed, invasive, is coming up in places.",0,0,False,2,"Fair Haven Heights, New Haven, CT, USA",41.31443941,-72.87383013,6.0,,,,6.0,,,False,,,slender yellow woodsorrel,Oxalis dillenii,slender yellow woodsorrel,Plantae,84772.0,Garden Boundary
217505776,394c78fb-f9a1-4458-9922-9622b0a0bb4c,2024-05-22 11:30:46,2024-05-22,2024-05-22 15:30:46 UTC,Eastern Time (US & Canada),5082106,mariposasquimnipiac,,2024-05-22 15:31:51 UTC,2024-05-22 15:31:58 UTC,needs_id,CC-BY-NC,https://www.inaturalist.org/observations/217505776,https://inaturalist-open-data.s3.amazonaws.com/photos/384793455/medium.jpeg,,,Plant - a new volunteer in our butterfly garden. There is a chokecherry tree nearby I'm not sure this is the same any other cherry,0,0,False,2,"Fair Haven Heights, New Haven, CT, USA",41.31453482,-72.87370661,7.0,,,,7.0,,open,False,,,wild cherry,Prunus avium,wild cherry,Plantae,61964.0,outside
218504613,f4ab3b76-90cd-42df-a22b-7229fe85a9ca,2024-05-26 18:38:11,2024-05-26,2024-05-26 22:38:11 UTC,Eastern Time (US & Canada),5082106,mariposasquimnipiac,,2024-05-26 22:38:36 UTC,2024-05-26 22:38:43 UTC,needs_id,CC-BY-NC,https://www.inaturalist.org/observations/218504613,https://inaturalist-open-data.s3.amazonaws.com/photos/386657379/medium.jpeg,,,,0,0,False,2,"Fair Haven Heights, New Haven, CT, USA",41.31442455,-72.87394246,5.0,,,,5.0,,,False,,,foxglove beardtongue,Penstemon digitalis,foxglove beardtongue,Plantae,81942.0,Garden Boundary
219111578,b03b96a5-7819-4aa8-843c-f627abc70123,2024-05-29 10:14:02,2024-05-29,2024-05-29 14:14:02 UTC,Eastern Time (US & Canada),5082106,mariposasquimnipiac,,2024-05-29 14:14:16 UTC,2024-08-16 00:51:34 UTC,research,CC-BY-NC,https://www.inaturalist.org/observations/219111578,https://inaturalist-open-data.s3.amazonaws.com/photos/387797911/medium.jpeg,,,,1,0,False,2,"Fair Haven Heights, New Haven, CT, USA",41.31435823,-72.87416309,3.0,,,,3.0,,,False,,,tree-of-heaven,Ailanthus altissima,tree-of-heaven,Plantae,57278.0,outside
219114285,d9fb377f-2b7d-4dbe-823d-92628afdeabb,2024-05-29 10:27:24,2024-05-29,2024-05-29 14:27:24 UTC,Eastern Time (US & Canada),5082106,mariposasquimnipiac,,2024-05-29 14:28:57 UTC,2024-05-29 14:29:03 UTC,needs_id,CC-BY-NC,https://www.inaturalist.org/observations/219114285,https://inaturalist-open-data.s3.amazonaws.com/photos/387803154/medium.jpeg,,,,0,0,False,2,"Fair Haven Heights, New Haven, CT, USA",41.31444405,-72.87389332,4.0,,,,4.0,,,False,,,New England aster,Symphyotrichum novae-angliae,New England aster,Plantae,117443.0,D
219192656,cff2a945-54b6-448e-879a-20d7083e1a92,2024-05-22 10:36:17,2024-05-22,2024-05-22 14:36:17 UTC,Eastern Time (US & Canada),5082106,mariposasquimnipiac,,2024-05-29 21:02:28 UTC,2024-05-30 22:25:21 UTC,research,CC-BY-NC,https://www.inaturalist.org/observations/219192656,https://inaturalist-open-data.s3.amazonaws.com/photos/387947113/medium.jpeg,,,"FOY - male Monarch, never landed, just flitting around near common milkweed",2,0,False,2,"Fair Haven Heights, New Haven, CT, USA",41.3143057156,-72.8737953678,78.0,,,,78.0,,open,False,gps,gps,Monarch,Danaus plexippus,Monarch,Insecta,48662.0,Garden Boundary
219194623,3e8876ff-6326-48fb-8bec-1439b876fc82,2024-05-22 11:39:29,2024-05-22,2024-05-22 15:39:29 UTC,Eastern Time (US & Canada),5082106,mariposasquimnipiac,,2024-05-29 21:13:20 UTC,2024-10-14 00:00:14 UTC,needs_id,CC-BY-NC,https://www.inaturalist.org/observations/219194623,https://inaturalist-open-data.s3.amazonaws.com/photos/387950622/medium.jpeg,,,Beetle - seems to have no spots,2,0,False,2,"Fair Haven Heights, New Haven, CT, USA",41.3142911097,-72.8738366067,152.0,,,,152.0,,,False,gps,gps,Black-spotted Lady Beetles,Coccinellini,Black-spotted Lady Beetles,Insecta,333796.0,Garden Boundary
219194958,efcaa322-775b-43a3-a848-37c57ceb40e6,2024-05-22 11:40:17,2024-05-22,2024-05-22 15:40:17 UTC,Eastern Time (US & Canada),5082106,mariposasquimnipiac,,2024-05-29 21:14:45 UTC,2024-05-30 18:42:36 UTC,research,CC-BY-NC,https://www.inaturalist.org/observations/219194958,https://inaturalist-open-data.s3.amazonaws.com/photos/387951150/medium.jpeg,,,,2,0,False,2,"Fair Haven Heights, New Haven, CT, USA",41.3143727012,-72.8737128899,141.0,,,,141.0,,,False,gps,gps,Asian Lady Beetle,Harmonia axyridis,Asian Lady Beetle,Insecta,48484.0,Garden Boundary
219401594,21243582-8d9a-4772-bfdf-a0c289c39dfe,2024-05-30 16:32:20,2024-05-30,2024-05-30 20:32:20 UTC,Eastern Time (US & Canada),5082106,mariposasquimnipiac,,2024-05-30 20:36:02 UTC,2026-01-19 13:07:26 UTC,needs_id,CC-BY-NC,https://www.inaturalist.org/observations/219401594,https://inaturalist-open-data.s3.amazonaws.com/photos/388338929/medium.jpeg,,,"Red maple with lots of spots on lots of leaves. It doesn't match any of the suggestions.  The tree trunk was damaged, scraped by a snow plow in the winter.  Any idea of what these spots are?",0,0,False,2,"Fair Haven Heights, New Haven, CT, USA",41.31453359,-72.87378248,5.0,,,,5.0,,,False,,,American Tar Spot,Rhytisma americanum,American Tar Spot,Fungi,552771.0,outside
219402137,38dad4db-2cb2-45b9-9657-14572de8513b,2024-05-30 16:37:05,2024-05-30,2024-05-30 20:37:05 UTC,Eastern Time (US & Canada),5082106,mariposasquimnipiac,,2024-05-30 20:38:36 UTC,2025-08-02 14:56:43 UTC,research,CC-BY-NC,https://www.inaturalist.org/observations/219402137,https://inaturalist-open-data.s3.amazonaws.com/photos/388339979/medium.jpeg,,,"Plant - european, not native, so I think it does not belong in our pollinator Garden of native plants.",1,0,False,2,"Fair Haven Heights, New Haven, CT, USA",41.31453054,-72.87386775,5.0,,,,5.0,,,False,,,Silvery Cinquefoil,Potentilla argentea,Silvery Cinquefoil,Plantae,124552.0,outside
219404795,dee50e18-f128-44f9-a397-4e7875d65ed8,2024-05-30 16:42:50,2024-05-30,2024-05-30 20:42:50 UTC,Eastern Time (US & Canada),5082106,mariposasquimnipiac,,2024-05-30 20:51:59 UTC,2024-05-30 20:52:09 UTC,needs_id,CC-BY-NC,https://www.inaturalist.org/observations/219404795,https://inaturalist-open-data.s3.amazonaws.com/photos/388344650/medium.jpeg,,,"Plant, could be beggear ticks of some kind",0,0,False,2,"Fair Haven Heights, New Haven, CT, USA",41.31444668,-72.87387193,3.0,,,,3.0,,open,False,,,Tall Beggarticks,Bidens vulgata,Tall Beggarticks,Plantae,75768.0,D
219407828,ca262ac2-25b5-4c54-8b80-9d75e96ad102,2024-05-30 17:07:41,2024-05-30,2024-05-30 21:07:41 UTC,Eastern Time (US & Canada),5082106,mariposasquimnipiac,,2024-05-30 21:09:21 UTC,2024-05-30 21:09:28 UTC,needs_id,CC-BY-NC,https://www.inaturalist.org/observations/219407828,https://inaturalist-open-data.s3.amazonaws.com/photos/388350467/medium.jpeg,,,"Plant, maybe this one, but we didn't plant it",0,0,False,2,"Fair Haven Heights, New Haven, CT, USA",41.31443553,-72.87390194,5.0,,,,5.0,,open,False,,,flat-topped goldenrod,Euthamia graminifolia,flat-topped goldenrod,Plantae,130989.0,D
219409738,ce444c01-75c6-47c8-9b78-e1f03dfe66a5,2024-05-30 17:20:59,2024-05-30,2024-05-30 21:20:59 UTC,Eastern Time (US & Canada),5082106,mariposasquimnipiac,,2024-05-30 21:21:40 UTC,2024-05-30 21:21:48 UTC,needs_id,CC-BY-NC,https://www.inaturalist.org/observations/219409738,https://inaturalist-open-data.s3.amazonaws.com/photos/388353948/medium.jpeg,,,Tree found it while removing not weed along the riparian buffer of Hemingway Creek,0,0,False,2,"Fair Haven Heights, New Haven, CT, USA",41.31426009,-72.8738843,6.0,,,,6.0,,,False,,,elms,Ulmus,elms,Plantae,53549.0,Garden Boundary
219410480,f1deb522-c7b0-44ea-bf19-81bdc5fc9a8a,2024-05-30 17:22:42,2024-05-30,2024-05-30 21:22:42 UTC,Eastern Time (US & Canada),5082106,mariposasquimnipiac,,2024-05-30 21:25:48 UTC,2024-05-30 21:25:56 UTC,needs_id,CC-BY-NC,https://www.inaturalist.org/observations/219410480,https://inaturalist-open-data.s3.amazonaws.com/photos/388355273/medium.jpeg,,,,0,0,False,2,"Fair Haven Heights, New Haven, CT, USA",41.31439422,-72.87393141,4.0,,,,4.0,,,False,,,rushes,Juncus,Rushes,Plantae,52643.0,Garden Boundary
219411841,8ee5061a-89fb-4415-937e-2236ad485e67,2024-05-30 17:33:43,2024-05-30,2024-05-30 21:33:43 UTC,Eastern Time (US & Canada),5082106,mariposasquimnipiac,,2024-05-30 21:34:29 UTC,2024-05-30 21:34:35 UTC,needs_id,CC-BY-NC,https://www.inaturalist.org/observations/219411841,https://inaturalist-open-data.s3.amazonaws.com/photos/388357591/medium.jpeg,,,Another elm as we tear away on the riparian landscape of Hemingway Creek,0,0,False,2,"Fair Haven Heights, New Haven, CT, USA",41.31434159,-72.87408068,4.0,,,,4.0,,,False,,,elms,Ulmus,elms,Plantae,53549.0,Garden Boundary
219411935,d52f6544-b458-4556-a913-47304371279b,2024-05-30 17:34:45,2024-05-30,2024-05-30 21:34:45 UTC,Eastern Time (US & Canada),5082106,mariposasquimnipiac,,2024-05-30 21:35:12 UTC,2025-04-11 15:43:29 UTC,research,CC-BY-NC,https://www.inaturalist.org/observations/219411935,https://inaturalist-open-data.s3.amazonaws.com/photos/388357797/medium.jpeg,,,,2,0,False,2,"Fair Haven Heights, New Haven, CT, USA",41.31436454,-72.87403475,6.0,,,,6.0,,open,False,,,staghorn sumac,Rhus typhina,staghorn sumac,Plantae,167829.0,Garden Boundary
219616497,ce4ca5e4-cd41-400f-9fbc-7f75ade55d84,2024-05-31 17:40:33,2024-05-31,2024-05-31 21:40:33 UTC,Eastern Time (US & Canada),5082106,mariposasquimnipiac,,2024-05-31 21:41:56 UTC,2025-05-22 01:45:53 UTC,needs_id,CC-BY-NC,https://www.inaturalist.org/observations/219616497,https://inaturalist-open-data.s3.amazonaws.com/photos/388739387/medium.jpeg,,,Plant - not yet in flower. Growing wild in the riparian buffer of Hemingway Creek,0,0,False,2,"Fair Haven Heights, New Haven, CT, USA",41.31446983,-72.87386385,6.0,,,,6.0,,open,False,,,Section Impatiens,Impatiens capensis,common jewelweed,Plantae,47888.0,Garden Boundary
219616823,61bb94bb-5640-4c35-88ed-938b4bdc0b5b,2024-05-31 17:42:45,2024-05-31,2024-05-31 21:42:45 UTC,Eastern Time (US & Canada),5082106,mariposasquimnipiac,,2024-05-31 21:43:53 UTC,2024-05-31 21:44:00 UTC,needs_id,CC-BY-NC,https://www.inaturalist.org/observations/219616823,https://inaturalist-open-data.s3.amazonaws.com/photos/388740016/medium.jpeg,,,Plant - other side of Hemingway Creek is largely overgrown with this and mugwort and multiflora Rose and Japanese not weed and mugwort...  What a challenge to eradicate and then restore native plants.,0,0,False,2,"Fair Haven Heights, New Haven, CT, USA",41.31429161,-72.87423622,4.0,,,,4.0,,open,False,,,common jewelweed,Impatiens capensis,common jewelweed,Plantae,47888.0,outside
219617009,fe8ce90c-03a4-48b4-9f78-635f0c2f30ba,2024-05-31 17:44:08,2024-05-31,2024-05-31 21:44:08 UTC,Eastern Time (US & Canada),5082106,mariposasquimnipiac,,2024-05-31 21:44:56 UTC,2024-07-11 00:21:30 UTC,research,CC-BY-NC,https://www.inaturalist.org/observations/219617009,https://inaturalist-open-data.s3.amazonaws.com/photos/388740366/medium.jpeg,,,Tree - I can't get close enough to see if it's really tree of heaven or a sumac. It does look to me more like tree of heaven.,1,0,False,2,"Fair Haven Heights, New Haven, CT, USA",41.31430717,-72.87427412,4.0,,,,4.0,,,False,,,tree-of-heaven,Ailanthus altissima,tree-of-heaven,Plantae,57278.0,outside
219624604,69526ec5-9d24-425a-9a5f-abbe99440192,2024-05-31 17:49:04,2024-05-31,2024-05-31 21:49:04 UTC,Eastern Time (US & Canada),5082106,mariposasquimnipiac,,2024-05-31 22:33:40 UTC,2024-05-31 22:33:46 UTC,needs_id,CC-BY-NC,https://www.inaturalist.org/observations/219624604,https://inaturalist-open-data.s3.amazonaws.com/photos/388755167/medium.jpeg,,,,0,0,False,2,"Fair Haven Heights, New Haven, CT, USA",41.31429974,-72.87406893,3.0,,,,3.0,,,False,,,elms,Ulmus,elms,Plantae,53549.0,G
219624883,648a2efd-b988-455b-994b-4951e73e5dde,2024-05-31 18:33:42,2024-05-31,2024-05-31 22:33:42 UTC,Eastern Time (US & Canada),5082106,mariposasquimnipiac,,2024-05-31 22:35:33 UTC,2025-09-13 15:08:59 UTC,needs_id,CC-BY-NC,https://www.inaturalist.org/observations/219624883,https://inaturalist-open-data.s3.amazonaws.com/photos/388755674/medium.jpeg,,,Red maple tree with brown spots,2,1,False,2,"Fair Haven Heights, New Haven, CT, USA",41.31435064,-72.87412989,4.0,,,,4.0,,,False,,,Gall Midges,Cecidomyiinae,Gall Midges,Insecta,322033.0,outside
220528331,da5226cf-0a5f-46e3-8188-1abb1befa37c,2024-06-04 14:54:32,2024-06-04,2024-06-04 18:54:32 UTC,Eastern Time (US & Canada),5082106,mariposasquimnipiac,,2024-06-04 18:56:11 UTC,2025-09-09 17:44:28 UTC,research,CC-BY-NC,https://www.inaturalist.org/observations/220528331,https://inaturalist-open-data.s3.amazonaws.com/photos/390451159/medium.jpeg,,,Insect on inkberry Bush,1,0,False,2,"Fair Haven Heights, New Haven, CT, USA",41.31432069,-72.87386666,4.0,,,,4.0,,open,False,,,Black Firefly,Lucidota atra,Black Firefly,Insecta,224157.0,Garden Boundary
220535188,8bf7b76a-c159-4c66-a397-3b1e3074e080,2024-06-04 15:31:32,2024-06-04,2024-06-04 19:31:32 UTC,Eastern Time (US & Canada),5082106,mariposasquimnipiac,,2024-06-04 19:31:55 UTC,2025-03-02 00:58:13 UTC,research,CC-BY-NC,https://www.inaturalist.org/observations/220535188,https://inaturalist-open-data.s3.amazonaws.com/photos/390464931/medium.jpeg,,,,3,1,False,2,"Fair Haven Heights, New Haven, CT, USA",41.31438473,-72.87379234,6.0,,,,6.0,,,False,,,Asian Lady Beetle,Harmonia axyridis,Asian Lady Beetle,Insecta,48484.0,A
220536413,ed8cfaf0-5fae-46f9-b97f-f83999daa960,2024-06-04 15:37:08,2024-06-04,2024-06-04 19:37:08 UTC,Eastern Time (US & Canada),5082106,mariposasquimnipiac,,2024-06-04 19:38:53 UTC,2025-04-06 19:04:58 UTC,research,CC-BY-NC,https://www.inaturalist.org/observations/220536413,https://inaturalist-open-data.s3.amazonaws.com/photos/390467704/medium.jpeg,,,Ant - 70° day,1,0,False,2,"Fair Haven Heights, New Haven, CT, USA",41.31437165,-72.87386064,9.0,,,,9.0,,,False,,,American Winter Ant,Prenolepis imparis,American Winter Ant,Insecta,68142.0,Garden Boundary
220538378,7251b34e-9c23-4b6b-933b-57e6ff065e67,2024-06-04 15:47:21,2024-06-04,2024-06-04 19:47:21 UTC,Eastern Time (US & Canada),5082106,mariposasquimnipiac,,2024-06-04 19:48:24 UTC,2024-06-05 14:56:12 UTC,research,CC-BY-NC,https://www.inaturalist.org/observations/220538378,https://inaturalist-open-data.s3.amazonaws.com/photos/390471046/medium.jpeg,,,,2,0,False,2,"Fair Haven Heights, New Haven, CT, USA",41.31453265,-72.87377656,4.0,,,,4.0,,,False,,,Asian Lady Beetle,Harmonia axyridis,Asian Lady Beetle,Insecta,48484.0,outside
220545051,366091db-d5dd-471d-a1e4-fca4c7806b76,2024-06-04 16:13:33,2024-06-04,2024-06-04 20:13:33 UTC,Eastern Time (US & Canada),5082106,mariposasquimnipiac,,2024-06-04 20:23:03 UTC,2024-06-04 20:23:18 UTC,needs_id,CC-BY-NC,https://www.inaturalist.org/observations/220545051,https://inaturalist-open-data.s3.amazonaws.com/photos/390483291/medium.jpeg,,,,0,0,False,2,"Fair Haven Heights, New Haven, CT, USA",41.31407427,-72.87370521,6.0,,,,6.0,,open,False,,,American elm,Ulmus americana,American elm,Plantae,53547.0,outside
220545606,d467f3f4-e601-42f9-9f3b-4ed874cf354e,2024-06-04 16:23:49,2024-06-04,2024-06-04 20:23:49 UTC,Eastern Time (US & Canada),5082106,mariposasquimnipiac,,2024-06-04 20:26:27 UTC,2025-11-11 01:03:12 UTC,research,CC-BY-NC,https://www.inaturalist.org/observations/220545606,https://inaturalist-open-data.s3.amazonaws.com/photos/390484317/medium.jpeg,,,Plant - coming up wild in someone's lawn so they donated it to our pollinator Garden,1,0,False,2,"Fair Haven Heights, New Haven, CT, USA",41.31402312,-72.87381077,6.0,,,,6.0,,,False,,,fennel,Foeniculum vulgare,fennel,Plantae,53052.0,Garden Boundary
220546301,2133bd67-731c-4112-a97b-99ee37d7e75d,2024-06-04 16:29:57,2024-06-04,2024-06-04 20:29:57 UTC,Eastern Time (US & Canada),5082106,mariposasquimnipiac,,2024-06-04 20:30:42 UTC,2024-09-27 01:38:57 UTC,research,CC-BY-NC,https://www.inaturalist.org/observations/220546301,https://inaturalist-open-data.s3.amazonaws.com/photos/390485806/medium.jpeg,,,Plant - big crop of poison ivy coming up in too many places for a butterfly garden where dogs and children walk,1,0,False,2,"Fair Haven Heights, New Haven, CT, USA",41.31406156,-72.87382725,8.0,,,,8.0,,,False,,,eastern poison ivy,Toxicodendron radicans,eastern poison ivy,Plantae,58732.0,Garden Boundary
221351034,d9d7f9f2-0d37-4fac-8e29-06fe2de30d22,2024-06-08 13:02:30,2024-06-08,2024-06-08 17:02:30 UTC,Eastern Time (US & Canada),5082106,mariposasquimnipiac,,2024-06-08 17:04:10 UTC,2024-06-08 17:04:19 UTC,needs_id,CC-BY-NC,https://www.inaturalist.org/observations/221351034,https://inaturalist-open-data.s3.amazonaws.com/photos/391986453/medium.jpeg,,,"Ant on milkweed, not sure which variety.",0,0,False,2,"Fair Haven Heights, New Haven, CT, USA",41.31435242,-72.87378323,5.0,,,,5.0,,,False,,,Cherry Acrobat Ant,Crematogaster cerasi,Cherry Acrobat Ant,Insecta,217740.0,Garden Boundary
221351688,c72b0736-9f2a-40c2-8061-71bbaa9c5313,2024-06-08 13:06:09,2024-06-08,2024-06-08 17:06:09 UTC,Eastern Time (US & Canada),5082106,mariposasquimnipiac,,2024-06-08 17:07:26 UTC,2024-06-08 17:07:32 UTC,needs_id,CC-BY-NC,https://www.inaturalist.org/observations/221351688,https://inaturalist-open-data.s3.amazonaws.com/photos/391987723/medium.jpeg,,,"Plant - suggestion is butterfly weed, but I don't think so. I think the leaves are fatter and I don't see the milkweed White sup",0,0,False,2,"Fair Haven Heights, New Haven, CT, USA",41.3143731,-72.87385559,7.0,,,,7.0,,open,False,,,butterfly milkweed,Asclepias tuberosa,butterfly milkweed,Plantae,47912.0,Garden Boundary
221351898,0ec4f42f-52d6-4c16-b582-3eb013c225da,2024-06-08 13:07:43,2024-06-08,2024-06-08 17:07:43 UTC,Eastern Time (US & Canada),5082106,mariposasquimnipiac,,2024-06-08 17:08:26 UTC,2024-06-08 17:08:32 UTC,needs_id,CC-BY-NC,https://www.inaturalist.org/observations/221351898,https://inaturalist-open-data.s3.amazonaws.com/photos/391988084/medium.jpeg,,,Plant - common goldenrod seems to be spreading everywhere,0,0,False,2,"Fair Haven Heights, New Haven, CT, USA",41.31444367,-72.87386665,6.0,,,,6.0,,,False,,,common wrinkle-leaved goldenrod,Solidago rugosa,common wrinkle-leaved goldenrod,Plantae,128551.0,D
221352378,d1cedde4-dd1f-4d69-8b14-4249a0273fda,2024-06-08 13:09:19,2024-06-08,2024-06-08 17:09:19 UTC,Eastern Time (US & Canada),5082106,mariposasquimnipiac,,2024-06-08 17:10:27 UTC,2024-06-09 17:51:39 UTC,research,CC-BY-NC,https://www.inaturalist.org/observations/221352378,https://inaturalist-open-data.s3.amazonaws.com/photos/391988986/medium.jpeg,,,"Plant, common milkweed In Bloom June 8th. -. First Monarch scene and photographed was male on May 22",1,0,False,2,"Fair Haven Heights, New Haven, CT, USA",41.314545,-72.87385677,6.0,,,,6.0,,open,False,,,common milkweed,Asclepias syriaca,common milkweed,Plantae,47911.0,outside
221352517,1a1d0384-589e-42e1-88c2-0c792701a48a,2024-06-08 13:10:41,2024-06-08,2024-06-08 17:10:41 UTC,Eastern Time (US & Canada),5082106,mariposasquimnipiac,,2024-06-08 17:11:15 UTC,2024-06-08 17:11:22 UTC,needs_id,CC-BY-NC,https://www.inaturalist.org/observations/221352517,https://inaturalist-open-data.s3.amazonaws.com/photos/391989293/medium.jpeg,,,New England master in the middle of our milkweed patch,0,0,False,2,"Fair Haven Heights, New Haven, CT, USA",41.31450181,-72.87377785,6.0,,,,6.0,,,False,,,New England aster,Symphyotrichum novae-angliae,New England aster,Plantae,117443.0,Garden Boundary
221352616,81bcf3cf-7b9b-41a1-8881-1435db661625,2024-06-08 13:11:18,2024-06-08,2024-06-08 17:11:18 UTC,Eastern Time (US & Canada),5082106,mariposasquimnipiac,,2024-06-08 17:11:44 UTC,2024-06-08 17:11:50 UTC,needs_id,CC-BY-NC,https://www.inaturalist.org/observations/221352616,https://inaturalist-open-data.s3.amazonaws.com/photos/391989494/medium.jpeg,,,Evening primrose in the middle of our milkweed patch,0,0,False,2,"Fair Haven Heights, New Haven, CT, USA",41.31448256,-72.87379134,6.0,,,,6.0,,,False,,,common evening-primrose,Oenothera biennis,common evening-primrose,Plantae,62207.0,C
221352963,2904755e-5ecf-4f68-8199-6181e06e7335,2024-06-08 13:12:33,2024-06-08,2024-06-08 17:12:33 UTC,Eastern Time (US & Canada),5082106,mariposasquimnipiac,,2024-06-08 17:13:05 UTC,2024-06-08 17:13:12 UTC,needs_id,CC-BY-NC,https://www.inaturalist.org/observations/221352963,https://inaturalist-open-data.s3.amazonaws.com/photos/391990070/medium.jpeg,,,Something is eating our land sleeve coreopsis,0,0,False,2,"Fair Haven Heights, New Haven, CT, USA",41.31448138,-72.87379012,6.0,,,,6.0,,open,False,,,Lance-leaved Coreopsis,Coreopsis lanceolata,Lance-leaved Coreopsis,Plantae,76444.0,C
221353537,daebfe1c-4fec-41b2-a9be-8ff3f30ffaac,2024-06-08 13:14:47,2024-06-08,2024-06-08 17:14:47 UTC,Eastern Time (US & Canada),5082106,mariposasquimnipiac,,2024-06-08 17:15:43 UTC,2024-06-08 17:15:50 UTC,needs_id,CC-BY-NC,https://www.inaturalist.org/observations/221353537,https://inaturalist-open-data.s3.amazonaws.com/photos/391991111/medium.jpeg,,,,0,0,False,2,"Fair Haven Heights, New Haven, CT, USA",41.31447645,-72.87379278,6.0,,,,6.0,,,False,,,Joe-Pye weeds,Eutrochium,Joe-Pye weeds,Plantae,85380.0,C
221353701,3bbf9d05-01e0-4082-a509-e59efb80e86c,2024-06-08 13:15:44,2024-06-08,2024-06-08 17:15:44 UTC,Eastern Time (US & Canada),5082106,mariposasquimnipiac,,2024-06-08 17:16:32 UTC,2025-09-21 03:05:07 UTC,research,CC-BY-NC,https://www.inaturalist.org/observations/221353701,https://inaturalist-open-data.s3.amazonaws.com/photos/391991439/medium.jpeg,,,Invasive - annoying to see it coming up among butterfly plants,1,0,False,2,"Fair Haven Heights, New Haven, CT, USA",41.31447418,-72.87379094,6.0,,,,6.0,,,False,,,Porcelain Berry,Ampelopsis glandulosa,Porcelain Berry,Plantae,204237.0,C
221357531,9d41af98-7019-4332-87ae-221c914be5fa,2024-06-08 13:30:58,2024-06-08,2024-06-08 17:30:58 UTC,Eastern Time (US & Canada),5082106,mariposasquimnipiac,,2024-06-08 17:32:17 UTC,2024-06-08 17:32:27 UTC,needs_id,CC-BY-NC,https://www.inaturalist.org/observations/221357531,https://inaturalist-open-data.s3.amazonaws.com/photos/391997992/medium.jpeg,,,Beard's tongue of some variety but different from the majority which are nearly white or barely lavender,0,0,False,2,"Fair Haven Heights, New Haven, CT, USA",41.31446711,-72.87384801,4.0,,,,4.0,,,False,,,Long-sepal Beardtongue,Penstemon calycosus,Long-sepal Beardtongue,Plantae,166334.0,Garden Boundary
221358689,035d1e9d-470f-428f-8549-fe24f696ae29,2024-06-08 13:32:27,2024-06-08,2024-06-08 17:32:27 UTC,Eastern Time (US & Canada),5082106,mariposasquimnipiac,,2024-06-08 17:36:32 UTC,2025-04-05 08:14:58 UTC,research,CC-BY-NC,https://www.inaturalist.org/observations/221358689,https://inaturalist-open-data.s3.amazonaws.com/photos/391999843/medium.jpeg,,,Invasive,1,0,False,2,"Fair Haven Heights, New Haven, CT, USA",41.31448011,-72.87380174,5.0,,,,5.0,,open,False,,,Common Vetch,Vicia sativa,Common Vetch,Plantae,53324.0,C
221358848,77f71a3f-af3f-48c6-bb11-c17a94e22fb4,2024-06-08 13:36:36,2024-06-08,2024-06-08 17:36:36 UTC,Eastern Time (US & Canada),5082106,mariposasquimnipiac,,2024-06-08 17:37:08 UTC,2024-06-08 18:54:22 UTC,research,CC-BY-NC,https://www.inaturalist.org/observations/221358848,https://inaturalist-open-data.s3.amazonaws.com/photos/392000100/medium.jpeg,,,,1,0,False,2,"Fair Haven Heights, New Haven, CT, USA",41.31444759,-72.8738447,4.0,,,,4.0,,,False,,,Jacob's ladder,Polemonium reptans,Jacob's ladder,Plantae,67524.0,Garden Boundary
221359762,88d9bcec-0cba-4d90-a259-d4258e961047,2024-06-08 13:40:24,2024-06-08,2024-06-08 17:40:24 UTC,Eastern Time (US & Canada),5082106,mariposasquimnipiac,,2024-06-08 17:40:53 UTC,2024-06-08 17:41:00 UTC,needs_id,CC-BY-NC,https://www.inaturalist.org/observations/221359762,https://inaturalist-open-data.s3.amazonaws.com/photos/392001854/medium.jpeg,,,"Yes, butterfly weed about to bloom June 8th",0,0,False,2,"Fair Haven Heights, New Haven, CT, USA",41.31447422,-72.87385207,3.0,,,,3.0,,open,False,,,butterfly milkweed,Asclepias tuberosa,butterfly milkweed,Plantae,47912.0,Garden Boundary
221360167,351febf0-7940-40ba-88ea-f785120ed03d,2024-06-08 13:41:44,2024-06-08,2024-06-08 17:41:44 UTC,Eastern Time (US & Canada),5082106,mariposasquimnipiac,,2024-06-08 17:42:11 UTC,2024-06-08 17:42:19 UTC,needs_id,CC-BY-NC,https://www.inaturalist.org/observations/221360167,https://inaturalist-open-data.s3.amazonaws.com/photos/392002419/medium.jpeg,,,,0,0,False,2,"Fair Haven Heights, New Haven, CT, USA",41.3144814,-72.87389054,4.0,,,,4.0,,,False,,,foxglove beardtongue,Penstemon digitalis,foxglove beardtongue,Plantae,81942.0,outside
221361612,df9b92d3-99e7-4408-af86-b45fca08c5d1,2024-06-08 13:47:44,2024-06-08,2024-06-08 17:47:44 UTC,Eastern Time (US & Canada),5082106,mariposasquimnipiac,,2024-06-08 17:48:07 UTC,2024-06-08 17:48:14 UTC,needs_id,CC-BY-NC,https://www.inaturalist.org/observations/221361612,https://inaturalist-open-data.s3.amazonaws.com/photos/392005095/medium.jpeg,,,,0,0,False,2,"Fair Haven Heights, New Haven, CT, USA",41.31453751,-72.87376531,5.0,,,,5.0,,open,False,,,flat-top white aster,Doellingeria umbellata,flat-top white aster,Plantae,120179.0,outside
221362554,6c403eef-b29d-4115-b4aa-606d285409ad,2024-06-08 13:51:10,2024-06-08,2024-06-08 17:51:10 UTC,Eastern Time (US & Canada),5082106,mariposasquimnipiac,,2024-06-08 17:51:30 UTC,2024-12-29 15:29:50 UTC,needs_id,CC-BY-NC,https://www.inaturalist.org/observations/221362554,https://inaturalist-open-data.s3.amazonaws.com/photos/392006682/medium.jpeg,,,,0,0,False,2,"Fair Haven Heights, New Haven, CT, USA",41.3144971,-72.87377405,5.0,,,,5.0,,,False,,,,Solidago,goldenrods,Plantae,48678.0,F
221362959,3db1411b-9691-489b-bbd2-1ff7d156220c,2024-06-08 13:52:18,2024-06-08,2024-06-08 17:52:18 UTC,Eastern Time (US & Canada),5082106,mariposasquimnipiac,,2024-06-08 17:53:20 UTC,2024-06-08 17:53:27 UTC,needs_id,CC-BY-NC,https://www.inaturalist.org/observations/221362959,https://inaturalist-open-data.s3.amazonaws.com/photos/392007550/medium.jpeg,,,"There is a chokecherry tree about 30 ft away, so maybe this is a seedling?",0,0,False,2,"Fair Haven Heights, New Haven, CT, USA",41.31449695,-72.8737738,5.0,,,,5.0,,open,False,,,chokecherry,Prunus virginiana,chokecherry,Plantae,54835.0,F
221664068,13ecf731-6617-47d6-8420-4effc76b1999,2024-06-09 16:34:36,2024-06-09,2024-06-09 20:34:36 UTC,Eastern Time (US & Canada),5082106,mariposasquimnipiac,,2024-06-09 20:35:08 UTC,2024-06-09 20:35:14 UTC,needs_id,CC-BY-NC,https://www.inaturalist.org/observations/221664068,https://inaturalist-open-data.s3.amazonaws.com/photos/392563375/medium.jpeg,,,,0,0,False,2,"Fair Haven Heights, New Haven, CT, USA",41.3143604,-72.87394086,7.0,,,,7.0,,,False,,,"knotweeds, smartweeds, and waterpeppers",Persicaria,"knotweeds, smartweeds, and waterpeppers",Plantae,61787.0,Garden Boundary
221667770,ba9b0e4e-6ea9-4cf1-b22d-ca5785af493e,2024-06-09 16:49:38,2024-06-09,2024-06-09 20:49:38 UTC,Eastern Time (US & Canada),5082106,mariposasquimnipiac,,2024-06-09 20:50:34 UTC,2024-06-09 20:50:41 UTC,needs_id,CC-BY-NC,https://www.inaturalist.org/observations/221667770,https://inaturalist-open-data.s3.amazonaws.com/photos/392570182/medium.jpeg,,,"It is not where I planted it, but I'm delighted if that is truly what it is",0,0,False,2,"Fair Haven Heights, New Haven, CT, USA",41.31432985,-72.87378143,4.0,,,,4.0,,,False,,,Common Blue Wood Aster,Symphyotrichum cordifolium,Common Blue Wood Aster,Plantae,153441.0,Garden Boundary
221860947,bae19755-d461-452e-9a05-98a92c825f48,2024-06-10 12:52:50,2024-06-10,2024-06-10 16:52:50 UTC,Eastern Time (US & Canada),5082106,mariposasquimnipiac,,2024-06-10 18:03:37 UTC,2025-03-14 22:04:53 UTC,research,CC-BY-NC,https://www.inaturalist.org/observations/221860947,https://inaturalist-open-data.s3.amazonaws.com/photos/392936008/medium.jpeg,,,,2,0,False,2,"Fair Haven Heights, New Haven, CT, USA",41.3142601352,-72.8736874089,76.0,,,,76.0,,open,False,gps,gps,Monarch,Danaus plexippus,Monarch,Insecta,48662.0,outside
221905457,d91e652c-c305-4de2-8368-0b68f823f0e5,2024-06-10 17:30:48,2024-06-10,2024-06-10 21:30:48 UTC,Eastern Time (US & Canada),5082106,mariposasquimnipiac,,2024-06-10 21:31:46 UTC,2024-09-12 09:11:21 UTC,research,CC-BY-NC,https://www.inaturalist.org/observations/221905457,https://inaturalist-open-data.s3.amazonaws.com/photos/393018639/medium.jpeg,,,Male on milkweed flowers just opening,2,0,False,2,"Fair Haven Heights, New Haven, CT, USA",41.31450676,-72.87384063,3.0,,,,3.0,,open,False,,,Monarch,Danaus plexippus,Monarch,Insecta,48662.0,outside
221905734,f8eca03c-76d6-46f7-9052-845e731f6e00,2024-06-10 17:33:00,2024-06-10,2024-06-10 21:33:00 UTC,Eastern Time (US & Canada),5082106,mariposasquimnipiac,,2024-06-10 21:33:40 UTC,2025-03-16 15:08:01 UTC,research,CC-BY-NC,https://www.inaturalist.org/observations/221905734,https://inaturalist-open-data.s3.amazonaws.com/photos/393019222/medium.jpeg,,,I don't know the difference in bumblebees,2,0,False,2,"Fair Haven Heights, New Haven, CT, USA",41.31449444,-72.87381928,5.0,,,,5.0,,open,False,,,Brown-belted Bumble Bee,Bombus griseocollis,Brown-belted Bumble Bee,Insecta,120215.0,Garden Boundary
222025816,bd1abd15-972d-4600-8f8d-c538024bdf4c,2024-06-11 09:31:37,2024-06-11,2024-06-11 13:31:37 UTC,Eastern Time (US & Canada),5082106,mariposasquimnipiac,,2024-06-11 13:34:36 UTC,2025-01-12 01:16:47 UTC,needs_id,CC-BY-NC,https://www.inaturalist.org/observations/222025816,https://inaturalist-open-data.s3.amazonaws.com/photos/393248694/medium.jpeg,,,I can't see enough detail to figure out who this is,2,0,False,2,"Fair Haven Heights, New Haven, CT, USA",41.3144374,-72.87387946,4.0,,,,4.0,,,False,,,Brachyceran Flies,Brachycera,Brachyceran Flies,Insecta,48091.0,D
222026401,fc4d8a54-7560-4856-8fe8-3e7ec613e0da,2024-06-11 09:37:04,2024-06-11,2024-06-11 13:37:04 UTC,Eastern Time (US & Canada),5082106,mariposasquimnipiac,,2024-06-11 13:37:50 UTC,2024-06-11 13:37:57 UTC,needs_id,CC-BY-NC,https://www.inaturalist.org/observations/222026401,https://inaturalist-open-data.s3.amazonaws.com/photos/393249536/medium.jpeg,,,We have cottonwood and willow trees near so this is possible. Very,0,0,False,2,"Fair Haven Heights, New Haven, CT, USA",41.31436073,-72.87381077,8.0,,,,8.0,,,False,,,Willow Leaf Beetle,Plagiodera versicolora,Imported Willow Leaf Beetle,Insecta,83839.0,Garden Boundary
222027242,c8d74e59-da95-4be4-acd0-a52fc0503ed6,2024-06-11 09:42:03,2024-06-11,2024-06-11 13:42:03 UTC,Eastern Time (US & Canada),5082106,mariposasquimnipiac,,2024-06-11 13:42:49 UTC,2025-01-12 01:15:29 UTC,needs_id,CC-BY-NC,https://www.inaturalist.org/observations/222027242,https://inaturalist-open-data.s3.amazonaws.com/photos/393250871/medium.jpeg,,,,2,0,False,2,"Fair Haven Heights, New Haven, CT, USA",41.3144298,-72.87383695,5.0,,,,5.0,,,False,,,Condylostylus,Condylostylus,,Insecta,122222.0,Garden Boundary
222068912,643265f8-1f01-4c2e-84ca-c68439c68f4a,2024-06-11 13:21:34,2024-06-11,2024-06-11 17:21:34 UTC,Eastern Time (US & Canada),5082106,mariposasquimnipiac,,2024-06-11 17:22:48 UTC,2024-06-11 17:22:55 UTC,needs_id,CC-BY-NC,https://www.inaturalist.org/observations/222068912,https://inaturalist-open-data.s3.amazonaws.com/photos/393327286/medium.jpeg,,,,0,0,False,2,"Fair Haven Heights, New Haven, CT, USA",41.31442345,-72.8737524,5.0,,,,5.0,,,False,,,Novisuccinea,Novisuccinea,,Mollusca,171929.0,Garden Boundary
222090674,6eb172ee-9089-4c65-b5ed-a679c4d98e99,2024-06-11 15:10:42,2024-06-11,2024-06-11 19:10:42 UTC,Eastern Time (US & Canada),5082106,mariposasquimnipiac,,2024-06-11 19:11:31 UTC,2025-02-15 04:52:43 UTC,needs_id,CC-BY-NC,https://www.inaturalist.org/observations/222090674,https://inaturalist-open-data.s3.amazonaws.com/photos/393367886/medium.jpeg,,,,1,0,False,2,"Fair Haven Heights, New Haven, CT, USA",41.3143969,-72.87389552,8.0,,,,8.0,,,False,,,red oaks,Lobatae,red oaks,Plantae,861036.0,B
222099649,9f39b4f4-892f-44ab-9704-4e429c63c931,2024-06-11 15:58:11,2024-06-11,2024-06-11 19:58:11 UTC,Eastern Time (US & Canada),5082106,mariposasquimnipiac,,2024-06-11 19:59:06 UTC,2024-06-11 19:59:23 UTC,needs_id,CC-BY-NC,https://www.inaturalist.org/observations/222099649,https://inaturalist-open-data.s3.amazonaws.com/photos/393385440/medium.jpeg,,,,0,0,False,2,"Fair Haven Heights, New Haven, CT, USA",41.31435441,-72.87384029,9.0,,,,9.0,,open,False,,,narrowleaf mountainmint,Pycnanthemum tenuifolium,narrowleaf mountainmint,Plantae,126891.0,Garden Boundary
222100078,9a557baf-c4ad-4485-a4a4-2db76bdad097,2024-06-11 16:00:01,2024-06-11,2024-06-11 20:00:01 UTC,Eastern Time (US & Canada),5082106,mariposasquimnipiac,,2024-06-11 20:01:13 UTC,2024-06-11 20:01:21 UTC,needs_id,CC-BY-NC,https://www.inaturalist.org/observations/222100078,https://inaturalist-open-data.s3.amazonaws.com/photos/393386209/medium.jpeg,,,I thought we only had two mountain mints but this would be a third kind if it's correct,0,0,False,2,"Fair Haven Heights, New Haven, CT, USA",41.31429671,-72.87370933,5.0,,,,5.0,,,False,,,Hoary Mountainmint,Pycnanthemum incanum,Hoary Mountainmint,Plantae,167609.0,Garden Boundary
222100237,b7328164-9d59-4c6a-883b-e6041e2a3d8f,2024-06-11 16:01:26,2024-06-11,2024-06-11 20:01:26 UTC,Eastern Time (US & Canada),5082106,mariposasquimnipiac,,2024-06-11 20:02:12 UTC,2024-06-11 20:02:25 UTC,needs_id,CC-BY-NC,https://www.inaturalist.org/observations/222100237,https://inaturalist-open-data.s3.amazonaws.com/photos/393386563/medium.jpeg,,,,0,0,False,2,"Fair Haven Heights, New Haven, CT, USA",41.31437062,-72.87380638,5.0,,,,5.0,,,False,,,St. John's worts,Hypericum,St. John's worts,Plantae,52761.0,Garden Boundary
222102425,89a36eb8-a7f0-49ff-8f1a-3495ff9a65d9,2024-06-11 16:11:16,2024-06-11,2024-06-11 20:11:16 UTC,Eastern Time (US & Canada),5082106,mariposasquimnipiac,,2024-06-11 20:12:30 UTC,2024-06-11 20:12:37 UTC,needs_id,CC-BY-NC,https://www.inaturalist.org/observations/222102425,https://inaturalist-open-data.s3.amazonaws.com/photos/393390303/medium.jpeg,,,Is it touch me nuts or common jewelweed. There is jewel weed near here.,0,0,False,2,"Fair Haven Heights, New Haven, CT, USA",41.31432514,-72.87387235,4.0,,,,4.0,,open,False,,,common jewelweed,Impatiens capensis,common jewelweed,Plantae,47888.0,Garden Boundary
222103014,0683dcd5-4081-43e9-b27e-cba4f6e81f02,2024-06-11 16:14:07,2024-06-11,2024-06-11 20:14:07 UTC,Eastern Time (US & Canada),5082106,mariposasquimnipiac,,2024-06-11 20:14:47 UTC,2024-06-11 20:14:54 UTC,needs_id,CC-BY-NC,https://www.inaturalist.org/observations/222103014,https://inaturalist-open-data.s3.amazonaws.com/photos/393391221/medium.jpeg,,,Yuk- another invasive plant,0,0,False,2,"Fair Haven Heights, New Haven, CT, USA",41.31435872,-72.87390085,7.0,,,,7.0,,,False,,,Oriental bittersweet,Celastrus orbiculatus,Asian bittersweet,Plantae,64540.0,Garden Boundary
222105727,b53d05b3-92f6-463d-bc76-c104daabb534,2024-06-11 16:26:10,2024-06-11,2024-06-11 20:26:10 UTC,Eastern Time (US & Canada),5082106,mariposasquimnipiac,,2024-06-11 20:28:50 UTC,2024-06-11 20:29:00 UTC,needs_id,CC-BY-NC,https://www.inaturalist.org/observations/222105727,https://inaturalist-open-data.s3.amazonaws.com/photos/393396376/medium.jpeg,,,,0,0,False,2,"Fair Haven Heights, New Haven, CT, USA",41.31437088,-72.87389915,5.0,,,,5.0,,,False,,,onions,Allium,onions,Plantae,47357.0,Garden Boundary
222107676,cf3b22d6-853c-47c1-b580-184bb2ced199,2024-06-11 16:30:21,2024-06-11,2024-06-11 20:30:21 UTC,Eastern Time (US & Canada),5082106,mariposasquimnipiac,,2024-06-11 20:39:28 UTC,2024-06-11 20:39:49 UTC,needs_id,CC-BY-NC,https://www.inaturalist.org/observations/222107676,https://inaturalist-open-data.s3.amazonaws.com/photos/393400042/medium.jpeg,,,,0,0,False,2,"Fair Haven Heights, New Haven, CT, USA",41.31432858,-72.87386141,8.0,,,,8.0,,open,False,,,buttonbush,Cephalanthus occidentalis,buttonbush,Plantae,52763.0,B
222107751,bfcc83b1-2626-404e-bb95-b85801c57b79,2024-06-11 16:39:26,2024-06-11,2024-06-11 20:39:26 UTC,Eastern Time (US & Canada),5082106,mariposasquimnipiac,,2024-06-11 20:39:56 UTC,2024-12-09 15:06:18 UTC,needs_id,CC-BY-NC,https://www.inaturalist.org/observations/222107751,https://inaturalist-open-data.s3.amazonaws.com/photos/393400131/medium.jpeg,,,,4,1,False,2,"Fair Haven Heights, New Haven, CT, USA",41.31438115,-72.87388569,9.0,,,,9.0,,,False,,,Bumble Bees,Bombus,Bumble Bees,Insecta,52775.0,B
222507535,d880cdc0-6717-42f4-9e49-91bbf09e47fa,2024-06-13 15:46:08,2024-06-13,2024-06-13 19:46:08 UTC,Eastern Time (US & Canada),5082106,mariposasquimnipiac,,2024-06-13 19:47:45 UTC,2024-06-15 13:01:38 UTC,research,CC-BY-NC,https://www.inaturalist.org/observations/222507535,https://inaturalist-open-data.s3.amazonaws.com/photos/394154913/medium.jpeg,,,,2,0,False,2,"New Haven County, US-CT, US",41.31439474,-72.87369873,7.0,,,,7.0,,,False,,,Asian Lady Beetle,Harmonia axyridis,Asian Lady Beetle,Insecta,48484.0,Garden Boundary
222508358,b4aeae08-9714-40a0-8a3c-87fd4c28195c,2024-06-13 15:49:53,2024-06-13,2024-06-13 19:49:53 UTC,Eastern Time (US & Canada),5082106,mariposasquimnipiac,,2024-06-13 19:51:52 UTC,2024-06-13 19:52:07 UTC,needs_id,CC-BY-NC,https://www.inaturalist.org/observations/222508358,https://inaturalist-open-data.s3.amazonaws.com/photos/394156427/medium.jpeg,,,Spicebush swallowtail first instar caterpillar,0,0,False,2,"Fair Haven Heights, New Haven, CT, USA",41.3143697,-72.87372834,8.0,,,,8.0,,,False,,,spicebushes,Lindera,spicebushes,Plantae,54794.0,Garden Boundary
223428300,2ff16683-5406-4ad2-9e75-1acc3d99af70,2024-06-17 18:00:14,2024-06-17,2024-06-17 22:00:14 UTC,Eastern Time (US & Canada),5082106,mariposasquimnipiac,,2024-06-17 22:01:54 UTC,2024-07-05 20:35:33 UTC,needs_id,CC-BY-NC,https://www.inaturalist.org/observations/223428300,https://inaturalist-open-data.s3.amazonaws.com/photos/395885752/medium.jpeg,,,,3,1,False,2,"Fair Haven Heights, New Haven, CT, USA",41.31438115,-72.87376423,6.0,,,,6.0,,open,False,,,Bee-mimic Robber Flies,Laphria,Bee-mimic Robber Flies,Insecta,51575.0,A
223428431,c524ef88-973f-4aec-be86-acadba0e43a3,2024-06-17 18:01:59,2024-06-17,2024-06-17 22:01:59 UTC,Eastern Time (US & Canada),5082106,mariposasquimnipiac,,2024-06-17 22:02:54 UTC,2024-06-17 22:03:00 UTC,needs_id,CC-BY-NC,https://www.inaturalist.org/observations/223428431,https://inaturalist-open-data.s3.amazonaws.com/photos/395886045/medium.jpeg,,,,0,0,False,2,"Fair Haven Heights, New Haven, CT, USA",41.31448875,-72.87365256,7.0,,,,7.0,,,False,,,Common European Greenbottle Fly,Lucilia sericata,Common European Greenbottle Fly,Insecta,128824.0,Garden Boundary
223428586,ad9bed18-00d2-4976-8f98-402c6d2116fc,2024-06-17 18:03:08,2024-06-17,2024-06-17 22:03:08 UTC,Eastern Time (US & Canada),5082106,mariposasquimnipiac,,2024-06-17 22:03:53 UTC,2025-04-05 12:46:04 UTC,research,CC-BY-NC,https://www.inaturalist.org/observations/223428586,https://inaturalist-open-data.s3.amazonaws.com/photos/395886396/medium.jpeg,,,,1,0,False,2,"Fair Haven Heights, New Haven, CT, USA",41.31447371,-72.87375795,5.0,,,,5.0,,,False,,,Condylostylus patibulatus,Condylostylus patibulatus,,Insecta,126214.0,F
223428693,9b9a6fcc-7092-40cc-be80-53404972bf43,2024-06-17 18:04:01,2024-06-17,2024-06-17 22:04:01 UTC,Eastern Time (US & Canada),5082106,mariposasquimnipiac,,2024-06-17 22:04:36 UTC,2025-02-20 08:14:42 UTC,needs_id,CC-BY-NC,https://www.inaturalist.org/observations/223428693,https://inaturalist-open-data.s3.amazonaws.com/photos/395886657/medium.jpeg,,,,0,0,False,2,"Fair Haven Heights, New Haven, CT, USA",41.31448563,-72.87377049,8.0,,,,8.0,,,False,,,Blue-green Bottle Fly,Lucilia coeruleiviridis,Blue-green Bottle Fly,Insecta,493838.0,F
223428766,49b7cae2-dbb2-4cf2-9270-1b9a39c92270,2024-06-17 18:04:40,2024-06-17,2024-06-17 22:04:40 UTC,Eastern Time (US & Canada),5082106,mariposasquimnipiac,,2024-06-17 22:05:10 UTC,2025-01-12 03:25:02 UTC,needs_id,CC-BY-NC,https://www.inaturalist.org/observations/223428766,https://inaturalist-open-data.s3.amazonaws.com/photos/395886871/medium.jpeg,,,,0,0,False,2,"Fair Haven Heights, New Haven, CT, USA",41.31447619,-72.87378318,8.0,,,,8.0,,,False,,,Condylostylus,Condylostylus,,Insecta,122222.0,C
223428869,bc97f973-29b2-4969-b25d-61d971998814,2024-06-17 18:05:11,2024-06-17,2024-06-17 22:05:11 UTC,Eastern Time (US & Canada),5082106,mariposasquimnipiac,,2024-06-17 22:05:36 UTC,2024-06-17 22:05:41 UTC,needs_id,CC-BY-NC,https://www.inaturalist.org/observations/223428869,https://inaturalist-open-data.s3.amazonaws.com/photos/395887015/medium.jpeg,,,,0,0,False,2,"Fair Haven Heights, New Haven, CT, USA",41.3144604,-72.87379467,5.0,,,,5.0,,,False,,,Oval Ambersnail,Novisuccinea ovalis,Oval Ambersnail,Mollusca,171932.0,C
223431722,5ad4b842-8292-4655-947c-97534227ccbe,2024-06-17 18:21:17,2024-06-17,2024-06-17 22:21:17 UTC,Eastern Time (US & Canada),5082106,mariposasquimnipiac,,2024-06-17 22:22:57 UTC,2024-09-25 16:19:50 UTC,research,CC-BY-NC,https://www.inaturalist.org/observations/223431722,https://inaturalist-open-data.s3.amazonaws.com/photos/395892948/medium.jpeg,,,,1,0,False,2,"Fair Haven Heights, New Haven, CT, USA",41.31440749,-72.87379564,5.0,,,,5.0,,,False,,,Asian Lady Beetle,Harmonia axyridis,Asian Lady Beetle,Insecta,48484.0,A
223432334,cfa969f2-17f3-4533-af97-f5f4d6dcfe1a,2024-06-17 18:25:43,2024-06-17,2024-06-17 22:25:43 UTC,Eastern Time (US & Canada),5082106,mariposasquimnipiac,,2024-06-17 22:26:24 UTC,2025-02-14 02:24:22 UTC,needs_id,CC-BY-NC,https://www.inaturalist.org/observations/223432334,https://inaturalist-open-data.s3.amazonaws.com/photos/395893978/medium.jpeg,,,,2,0,False,2,"Fair Haven Heights, New Haven, CT, USA",41.31434296,-72.8738352,5.0,,,,5.0,,,False,,,Condylostylus,Condylostylus,,Insecta,122222.0,Garden Boundary
223433925,b7ff9527-b734-4587-bba1-9ea9fc2e0d49,2024-06-17 18:35:42,2024-06-17,2024-06-17 22:35:42 UTC,Eastern Time (US & Canada),5082106,mariposasquimnipiac,,2024-06-17 22:36:23 UTC,2024-06-20 00:07:32 UTC,research,CC-BY-NC,https://www.inaturalist.org/observations/223433925,https://inaturalist-open-data.s3.amazonaws.com/photos/395897202/medium.jpeg,,,,2,0,False,2,"Fair Haven Heights, New Haven, CT, USA",41.31447416,-72.87379805,4.0,,,,4.0,,,False,,,Red Milkweed Beetle,Tetraopes tetrophthalmus,Red Milkweed Beetle,Insecta,118559.0,C
223434264,cab68cf0-b4c4-419f-beea-955daa1f226b,2024-06-17 18:37:34,2024-06-17,2024-06-17 22:37:34 UTC,Eastern Time (US & Canada),5082106,mariposasquimnipiac,,2024-06-17 22:38:56 UTC,2025-03-16 03:56:59 UTC,research,CC-BY-NC,https://www.inaturalist.org/observations/223434264,https://inaturalist-open-data.s3.amazonaws.com/photos/395897937/medium.jpeg,,,,2,0,False,2,"Fair Haven Heights, New Haven, CT, USA",41.31442586,-72.87377944,8.0,,,,8.0,,open,False,,,Brown-belted Bumble Bee,Bombus griseocollis,Brown-belted Bumble Bee,Insecta,120215.0,Garden Boundary
223435219,46b4e620-431c-41d9-a7b6-54305f068afa,2024-06-17 18:44:51,2024-06-17,2024-06-17 22:44:51 UTC,Eastern Time (US & Canada),5082106,mariposasquimnipiac,,2024-06-17 22:45:37 UTC,2024-06-17 22:45:45 UTC,needs_id,CC-BY-NC,https://www.inaturalist.org/observations/223435219,https://inaturalist-open-data.s3.amazonaws.com/photos/395900115/medium.jpeg,,,,0,0,False,2,"Fair Haven Heights, New Haven, CT, USA",41.3143774,-72.87402673,5.0,,,,5.0,,open,False,,,red osier dogwood,Cornus sericea,red osier dogwood,Plantae,53387.0,Garden Boundary
223435544,58a3bce0-bd3e-4e95-bae2-b72538872afe,2024-06-17 18:46:47,2024-06-17,2024-06-17 22:46:47 UTC,Eastern Time (US & Canada),5082106,mariposasquimnipiac,,2024-06-17 22:48:07 UTC,2024-06-17 22:48:16 UTC,needs_id,CC-BY-NC,https://www.inaturalist.org/observations/223435544,https://inaturalist-open-data.s3.amazonaws.com/photos/395900863/medium.jpeg,,,,0,0,False,2,"Fair Haven Heights, New Haven, CT, USA",41.31435078,-72.87397607,7.0,,,,7.0,,open,False,,,broadleaf arrowhead,Sagittaria latifolia,broadleaf arrowhead,Plantae,48070.0,Garden Boundary
223435735,6dc420a3-82b5-465b-afda-1d7bea941e8c,2024-06-17 18:48:07,2024-06-17,2024-06-17 22:48:07 UTC,Eastern Time (US & Canada),5082106,mariposasquimnipiac,,2024-06-17 22:49:11 UTC,2024-06-17 22:49:18 UTC,needs_id,CC-BY-NC,https://www.inaturalist.org/observations/223435735,https://inaturalist-open-data.s3.amazonaws.com/photos/395901178/medium.jpeg,,,,0,0,False,2,"Fair Haven Heights, New Haven, CT, USA",41.31435193,-72.87405576,5.0,,,,5.0,,,False,,,curled dock,Rumex crispus,curly dock,Plantae,53197.0,Garden Boundary
223435843,dccb3468-5148-4e08-b5f7-0015843f80e5,2024-06-17 18:49:11,2024-06-17,2024-06-17 22:49:11 UTC,Eastern Time (US & Canada),5082106,mariposasquimnipiac,,2024-06-17 22:49:44 UTC,2024-06-17 22:49:51 UTC,needs_id,CC-BY-NC,https://www.inaturalist.org/observations/223435843,https://inaturalist-open-data.s3.amazonaws.com/photos/395901390/medium.jpeg,,,,0,0,False,2,"Fair Haven Heights, New Haven, CT, USA",41.31432701,-72.87400729,5.0,,,,5.0,,open,False,,,annual fleabane,Erigeron annuus,annual fleabane,Plantae,76897.0,G
223436207,0c9b9c75-1eee-4af2-bdb6-ab5407504e76,2024-06-17 18:51:08,2024-06-17,2024-06-17 22:51:08 UTC,Eastern Time (US & Canada),5082106,mariposasquimnipiac,,2024-06-17 22:51:48 UTC,2024-06-17 22:51:55 UTC,needs_id,CC-BY-NC,https://www.inaturalist.org/observations/223436207,https://inaturalist-open-data.s3.amazonaws.com/photos/395902023/medium.jpeg,,,,0,0,False,2,"Fair Haven Heights, New Haven, CT, USA",41.31449752,-72.87397582,5.0,,,,5.0,,,False,,,daisy fleabane,Erigeron strigosus,daisy fleabane,Plantae,76942.0,outside
224070386,331a8338-d5ac-4e1d-b307-05a66803ebc7,2024-06-20 18:18:00,2024-06-20,2024-06-20 22:18:00 UTC,Eastern Time (US & Canada),5082106,mariposasquimnipiac,,2024-06-20 22:19:46 UTC,2024-06-20 22:19:52 UTC,needs_id,CC-BY-NC,https://www.inaturalist.org/observations/224070386,https://inaturalist-open-data.s3.amazonaws.com/photos/397085743/medium.jpeg,,,,0,0,False,2,"Fair Haven Heights, New Haven, CT, USA",41.3143449,-72.87382524,5.0,,,,5.0,,,False,,,Condylostylus,Condylostylus,,Insecta,122222.0,Garden Boundary
224070692,6dff35c2-86e1-4bce-8f26-813e2f6c15ef,2024-06-20 18:20:26,2024-06-20,2024-06-20 22:20:26 UTC,Eastern Time (US & Canada),5082106,mariposasquimnipiac,,2024-06-20 22:21:40 UTC,2024-06-20 22:21:47 UTC,needs_id,CC-BY-NC,https://www.inaturalist.org/observations/224070692,https://inaturalist-open-data.s3.amazonaws.com/photos/397086324/medium.jpeg,,,,0,0,False,2,"Fair Haven Heights, New Haven, CT, USA",41.3144264,-72.87378041,8.0,,,,8.0,,,False,,,Common European Greenbottle Fly,Lucilia sericata,Common European Greenbottle Fly,Insecta,128824.0,Garden Boundary
224186625,9d6e2e2b-fd75-49be-9d53-aaa2f2013243,2024-06-21 08:57:52,2024-06-21,2024-06-21 12:57:52 UTC,Eastern Time (US & Canada),5082106,mariposasquimnipiac,,2024-06-21 14:15:03 UTC,2025-12-26 15:55:32 UTC,research,CC-BY-NC,https://www.inaturalist.org/observations/224186625,https://inaturalist-open-data.s3.amazonaws.com/photos/397305540/medium.jpeg,,,Eastern Black swallowtail on rue,2,0,False,2,"Fair Haven Heights, New Haven, CT, USA",41.3143432376,-72.8737846389,103.0,,,,103.0,,open,False,gps,gps,Black Swallowtail,Papilio polyxenes,Black Swallowtail,Insecta,58523.0,Garden Boundary
224362274,917df574-8b93-4b39-8f47-e78012ffd5f5,2024-06-22 06:55:29,2024-06-22,2024-06-22 10:55:29 UTC,Eastern Time (US & Canada),5082106,mariposasquimnipiac,,2024-06-22 10:55:47 UTC,2024-06-22 10:55:55 UTC,needs_id,CC-BY-NC,https://www.inaturalist.org/observations/224362274,https://inaturalist-open-data.s3.amazonaws.com/photos/397643932/medium.jpeg,,,,0,0,False,2,"Fair Haven Heights, New Haven, CT, USA",41.31441107,-72.87390108,4.0,,,,4.0,,,False,,,gray dogwood,Cornus racemosa,gray dogwood,Plantae,320160.0,Garden Boundary
224879932,202f5f71-f6dc-4fab-974b-bdfe1955f64c,2024-06-24 09:58:09,2024-06-24,2024-06-24 13:58:09 UTC,Eastern Time (US & Canada),5082106,mariposasquimnipiac,,2024-06-24 13:58:44 UTC,2024-06-24 13:58:52 UTC,needs_id,CC-BY-NC,https://www.inaturalist.org/observations/224879932,https://inaturalist-open-data.s3.amazonaws.com/photos/398627430/medium.jpeg,,,,0,0,False,2,"Fair Haven Heights, New Haven, CT, USA",41.31430196,-72.87383627,4.0,,,,4.0,,,False,,,Perennial Candytuft,Iberis sempervirens,Perennial Candytuft,Plantae,164028.0,Garden Boundary
225613074,c240b9c3-71f9-49d5-b8c4-c1e3c6b3a457,2024-06-27 19:04:14,2024-06-27,2024-06-27 23:04:14 UTC,Eastern Time (US & Canada),5082106,mariposasquimnipiac,,2024-06-27 23:04:47 UTC,2026-01-13 19:08:16 UTC,needs_id,CC-BY-NC,https://www.inaturalist.org/observations/225613074,https://inaturalist-open-data.s3.amazonaws.com/photos/400023493/medium.jpeg,,,,3,0,False,2,"Fair Haven Heights, New Haven, CT, USA",41.31447019,-72.87384347,9.0,,,,9.0,,,False,,,Oenoprason,Oenoprason,,Plantae,1524916.0,C
225613204,c8b6a7b4-8563-4582-bb27-2b5ddfff2fc2,2024-06-27 19:05:24,2024-06-27,2024-06-27 23:05:24 UTC,Eastern Time (US & Canada),5082106,mariposasquimnipiac,,2024-06-27 23:05:43 UTC,2024-06-27 23:05:53 UTC,needs_id,CC-BY-NC,https://www.inaturalist.org/observations/225613204,https://inaturalist-open-data.s3.amazonaws.com/photos/400023817/medium.jpeg,,,,0,0,False,2,"Fair Haven Heights, New Haven, CT, USA",41.31446903,-72.87386879,7.0,,,,7.0,,open,False,,,annual fleabane,Erigeron annuus,annual fleabane,Plantae,76897.0,Garden Boundary
225614037,38d8fc63-d808-4ce8-8f07-ac73bf9edca8,2024-06-27 19:06:24,2024-06-27,2024-06-27 23:06:24 UTC,Eastern Time (US & Canada),5082106,mariposasquimnipiac,,2024-06-27 23:12:13 UTC,2024-06-27 23:12:20 UTC,needs_id,CC-BY-NC,https://www.inaturalist.org/observations/225614037,https://inaturalist-open-data.s3.amazonaws.com/photos/400025652/medium.jpeg,,,,0,0,False,2,"Fair Haven Heights, New Haven, CT, USA",41.31445137,-72.87387809,6.0,,,,6.0,,open,False,,,common jewelweed,Impatiens capensis,common jewelweed,Plantae,47888.0,Garden Boundary
225616588,4868ce33-9ae4-4d5a-80ac-d2aa1271584a,2024-06-27 19:30:30,2024-06-27,2024-06-27 23:30:30 UTC,Eastern Time (US & Canada),5082106,mariposasquimnipiac,,2024-06-27 23:31:01 UTC,2025-03-16 03:59:39 UTC,research,CC-BY-NC,https://www.inaturalist.org/observations/225616588,https://inaturalist-open-data.s3.amazonaws.com/photos/400030949/medium.jpeg,,,,2,0,False,2,"Fair Haven Heights, New Haven, CT, USA",41.31436919,-72.87375464,6.0,,,,6.0,,open,False,,,Brown-belted Bumble Bee,Bombus griseocollis,Brown-belted Bumble Bee,Insecta,120215.0,Garden Boundary
225623123,aa45ecc3-e13b-441a-a10e-0d8c8cdebf3f,2024-06-27 20:13:25,2024-06-27,2024-06-28 00:13:25 UTC,Eastern Time (US & Canada),5082106,mariposasquimnipiac,,2024-06-28 00:13:49 UTC,2024-06-28 00:13:57 UTC,needs_id,CC-BY-NC,https://www.inaturalist.org/observations/225623123,https://inaturalist-open-data.s3.amazonaws.com/photos/400043322/medium.jpeg,,,,0,0,False,2,"Fair Haven Heights, New Haven, CT, USA",41.31437084,-72.87382232,7.0,,,,7.0,,open,False,,,buttonbush,Cephalanthus occidentalis,buttonbush,Plantae,52763.0,Garden Boundary
225624555,d1d218b3-31e6-427e-acad-a470393aaa0f,2024-06-27 20:22:30,2024-06-27,2024-06-28 00:22:30 UTC,Eastern Time (US & Canada),5082106,mariposasquimnipiac,,2024-06-28 00:23:23 UTC,2024-07-10 23:41:43 UTC,research,CC-BY-NC,https://www.inaturalist.org/observations/225624555,https://inaturalist-open-data.s3.amazonaws.com/photos/400046174/medium.jpeg,,,Invasive tree huge on vacant lot where we have started a butterfly garden 100 ft away,1,0,False,2,"Fair Haven Heights, New Haven, CT, USA",41.31429031,-72.87421036,5.0,,,,5.0,,,False,,,tree-of-heaven,Ailanthus altissima,tree-of-heaven,Plantae,57278.0,outside
225624852,de6fc98b-d9ec-445f-a739-37a68ab0af2b,2024-06-27 20:23:31,2024-06-27,2024-06-28 00:23:31 UTC,Eastern Time (US & Canada),5082106,mariposasquimnipiac,,2024-06-28 00:25:14 UTC,2024-06-28 00:25:21 UTC,needs_id,CC-BY-NC,https://www.inaturalist.org/observations/225624852,https://inaturalist-open-data.s3.amazonaws.com/photos/400046760/medium.jpeg,,,Others nearby along Hemingway Creek,0,0,False,2,"Fair Haven Heights, New Haven, CT, USA",41.31428279,-72.87422935,7.0,,,,7.0,,open,False,,,Eastern Cottonwood,Populus deltoides,Eastern Cottonwood,Plantae,52119.0,outside
225745233,f1859a61-1a69-47bb-af44-cb4d9fb4e4d4,2024-06-28 12:43:47,2024-06-28,2024-06-28 16:43:47 UTC,Eastern Time (US & Canada),5082106,mariposasquimnipiac,,2024-06-28 16:45:01 UTC,2025-02-20 22:19:39 UTC,research,CC-BY-NC,https://www.inaturalist.org/observations/225745233,https://inaturalist-open-data.s3.amazonaws.com/photos/400275857/medium.jpeg,,,,3,1,False,2,"Fair Haven Heights, New Haven, CT, USA",41.31430468,-72.87385025,5.0,,,,5.0,,,False,,,Virginia creeper,Parthenocissus quinquefolia,Virginia creeper,Plantae,50278.0,Garden Boundary
225788902,ed036ec0-5ef7-4ec1-badd-6fdafffe580a,2024-06-28 16:26:46,2024-06-28,2024-06-28 20:26:46 UTC,Eastern Time (US & Canada),5082106,mariposasquimnipiac,,2024-06-28 20:34:04 UTC,2024-06-28 20:41:14 UTC,research,CC-BY-NC,https://www.inaturalist.org/observations/225788902,https://inaturalist-open-data.s3.amazonaws.com/photos/400358334/medium.jpeg,,,,1,0,False,2,"Fair Haven Heights, New Haven, CT, USA",41.31439365,-72.87375812,7.0,,,,7.0,,,False,,,chicory,Cichorium intybus,chicory,Plantae,52913.0,Garden Boundary
225793068,04df1ae4-1819-4f4d-aece-a453c8b33ecd,2024-06-28 16:49:26,2024-06-28,2024-06-28 20:49:26 UTC,Eastern Time (US & Canada),5082106,mariposasquimnipiac,,2024-06-28 20:54:17 UTC,2025-03-11 23:59:18 UTC,research,CC-BY-NC,https://www.inaturalist.org/observations/225793068,https://inaturalist-open-data.s3.amazonaws.com/photos/400365197/medium.jpeg,,,,5,0,False,2,"Fair Haven Heights, New Haven, CT, USA",41.3143082339,-72.8737997264,92.0,,,,92.0,,,False,gps,gps,Western Honey Bee,Apis mellifera,Western Honey Bee,Insecta,47219.0,Garden Boundary
225793652,e0e0e6d4-c7c6-4941-b54b-e80f9a247f35,2024-06-28 16:57:32,2024-06-28,2024-06-28 20:57:32 UTC,Eastern Time (US & Canada),5082106,mariposasquimnipiac,,2024-06-28 20:57:47 UTC,2025-03-16 04:01:03 UTC,research,CC-BY-NC,https://www.inaturalist.org/observations/225793652,https://inaturalist-open-data.s3.amazonaws.com/photos/400366290/medium.jpeg,,,,2,0,False,2,"Fair Haven Heights, New Haven, CT, USA",41.31441742,-72.87379326,5.0,,,,5.0,,open,False,,,Brown-belted Bumble Bee,Bombus griseocollis,Brown-belted Bumble Bee,Insecta,120215.0,A
225804489,a6ba8bd8-9e00-44de-bb51-367648c0c7cd,2024-06-28 18:02:56,2024-06-28,2024-06-28 22:02:56 UTC,Eastern Time (US & Canada),5082106,mariposasquimnipiac,,2024-06-28 22:04:39 UTC,2025-03-16 04:01:10 UTC,research,CC-BY-NC,https://www.inaturalist.org/observations/225804489,https://inaturalist-open-data.s3.amazonaws.com/photos/400388056/medium.jpeg,,,,1,0,False,2,"Fair Haven Heights, New Haven, CT, USA",41.31441451,-72.87382134,7.0,,,,7.0,,open,False,,,Brown-belted Bumble Bee,Bombus griseocollis,Brown-belted Bumble Bee,Insecta,120215.0,A
226278724,d4e3a44f-0f3e-41cd-8d0c-2e6d0b39f678,2024-06-28 15:34:55-04:00,2024-06-28,2024-06-28 19:34:55 UTC,Eastern Time (US & Canada),2052691,benjmo,,2024-06-30 20:18:02 UTC,2025-08-18 19:56:11 UTC,research,CC-BY-NC,https://www.inaturalist.org/observations/226278724,https://inaturalist-open-data.s3.amazonaws.com/photos/401283455/medium.jpg,,,,1,0,False,3,"Hemingway St, New Haven, CT, US",41.3143833333,-72.873895,5.0,,,,5.0,,open,False,,,American Lady,Vanessa virginiensis,American Lady,Insecta,48549.0,Garden Boundary
226278852,019dd67e-6c4c-4d03-b0bf-b2ca717141b5,2024-06-28 16:25:34-04:00,2024-06-28,2024-06-28 20:25:34 UTC,Eastern Time (US & Canada),2052691,benjmo,,2024-06-30 20:18:42 UTC,2025-03-16 04:00:55 UTC,research,CC-BY-NC,https://www.inaturalist.org/observations/226278852,https://inaturalist-open-data.s3.amazonaws.com/photos/401283775/medium.jpg,,,,2,0,False,3,"Hemingway St, New Haven, CT, US",41.3144083333,-72.873895,4.0,,,,4.0,,open,False,,,Brown-belted Bumble Bee,Bombus griseocollis,Brown-belted Bumble Bee,Insecta,120215.0,B
226430832,f71d7219-c5bc-4768-aba0-a2cf52a84ce0,2024-07-01 09:22:37,2024-07-01,2024-07-01 13:22:37 UTC,Eastern Time (US & Canada),5082106,mariposasquimnipiac,,2024-07-01 13:23:21 UTC,2024-07-01 14:00:50 UTC,research,CC-BY-NC,https://www.inaturalist.org/observations/226430832,https://inaturalist-open-data.s3.amazonaws.com/photos/401577590/medium.jpeg,,,,1,0,False,2,"Fair Haven Heights, New Haven, CT, USA",41.31442044,-72.87377716,9.0,,,,9.0,,,False,,,Red Milkweed Beetle,Tetraopes tetrophthalmus,Red Milkweed Beetle,Insecta,118559.0,Garden Boundary
226431447,e0ae1968-fbfe-4e0c-aad8-72e27b50fdec,2024-07-01 09:26:35,2024-07-01,2024-07-01 13:26:35 UTC,Eastern Time (US & Canada),5082106,mariposasquimnipiac,,2024-07-01 13:27:55 UTC,2024-07-01 13:28:03 UTC,needs_id,CC-BY-NC,https://www.inaturalist.org/observations/226431447,https://inaturalist-open-data.s3.amazonaws.com/photos/401579051/medium.jpeg,,,,0,0,False,2,"Fair Haven Heights, New Haven, CT, USA",41.31444673,-72.87379024,5.0,,,,5.0,,,False,,,Ursine Spurleg Lady Beetle,Brachiacantha ursina,Ursine Spurleg,Insecta,196609.0,C
226432396,b4b9912a-f2ce-4489-97e4-e45bdb98e867,2024-07-01 09:32:28,2024-07-01,2024-07-01 13:32:28 UTC,Eastern Time (US & Canada),5082106,mariposasquimnipiac,,2024-07-01 13:33:31 UTC,2024-12-17 18:38:52 UTC,research,CC-BY-NC,https://www.inaturalist.org/observations/226432396,https://inaturalist-open-data.s3.amazonaws.com/photos/401580938/medium.jpeg,,,,2,0,False,2,"Fair Haven Heights, New Haven, CT, USA",41.31438347,-72.87385149,7.0,,,,7.0,,,False,,,Ailanthus Webworm Moth,Atteva aurea,Ailanthus Webworm Moth,Insecta,116681.0,A
226433050,dc78d2fe-5097-4b05-921a-c60eb3febbd5,2024-07-01 09:35:40,2024-07-01,2024-07-01 13:35:40 UTC,Eastern Time (US & Canada),5082106,mariposasquimnipiac,,2024-07-01 13:37:39 UTC,2026-03-24 19:31:08 UTC,needs_id,CC-BY-NC,https://www.inaturalist.org/observations/226433050,https://inaturalist-open-data.s3.amazonaws.com/photos/401582472/medium.jpeg,,,,0,0,False,2,"Fair Haven Heights, New Haven, CT, USA",41.31439339,-72.87379051,8.0,,,,8.0,,,False,,,Stirellus bicolor,Stirellus bicolor,,Insecta,415458.0,A
226433693,3749660d-19c4-4253-a5f2-16ff67390f01,2024-07-01 09:39:38,2024-07-01,2024-07-01 13:39:38 UTC,Eastern Time (US & Canada),5082106,mariposasquimnipiac,,2024-07-01 13:40:09 UTC,2024-07-13 17:36:06 UTC,research,CC-BY-NC,https://www.inaturalist.org/observations/226433693,https://inaturalist-open-data.s3.amazonaws.com/photos/401583472/medium.jpeg,,,,1,0,False,2,"Fair Haven Heights, New Haven, CT, USA",41.31439723,-72.8737869,4.0,,,,4.0,,,False,,,white campion,Silene latifolia,white campion,Plantae,79109.0,A
226433884,c9a0b2d3-5b1d-49ac-a187-7eac543a512d,2024-07-01 09:40:10,2024-07-01,2024-07-01 13:40:10 UTC,Eastern Time (US & Canada),5082106,mariposasquimnipiac,,2024-07-01 13:41:00 UTC,2024-07-01 16:16:50 UTC,research,CC-BY-NC,https://www.inaturalist.org/observations/226433884,https://inaturalist-open-data.s3.amazonaws.com/photos/401583875/medium.jpeg,,,,1,0,False,2,"Fair Haven Heights, New Haven, CT, USA",41.31439881,-72.87378451,4.0,,,,4.0,,,False,,,chicory,Cichorium intybus,chicory,Plantae,52913.0,A
226434115,4241b559-8168-42b6-9c7e-13447f657bf5,2024-07-01 09:41:12,2024-07-01,2024-07-01 13:41:12 UTC,Eastern Time (US & Canada),5082106,mariposasquimnipiac,,2024-07-01 13:41:41 UTC,2024-08-26 14:26:58 UTC,research,CC-BY-NC,https://www.inaturalist.org/observations/226434115,https://inaturalist-open-data.s3.amazonaws.com/photos/401584248/medium.jpeg,,,,1,0,False,2,"Fair Haven Heights, New Haven, CT, USA",41.31454479,-72.87378671,10.0,,,,10.0,,open,False,,,Brown-belted Bumble Bee,Bombus griseocollis,Brown-belted Bumble Bee,Insecta,120215.0,outside
226434777,4cefe5b0-efc8-486c-9c75-7f9d8f874f14,2024-07-01 09:41:41,2024-07-01,2024-07-01 13:41:41 UTC,Eastern Time (US & Canada),5082106,mariposasquimnipiac,,2024-07-01 13:45:11 UTC,2024-12-03 20:12:45 UTC,research,CC-BY-NC,https://www.inaturalist.org/observations/226434777,https://inaturalist-open-data.s3.amazonaws.com/photos/401585741/medium.jpeg,,,,3,1,False,2,"Fair Haven Heights, New Haven, CT, USA",41.31447762,-72.8737634,6.0,,,,6.0,,open,False,,,Brown-belted Bumble Bee,Bombus griseocollis,Brown-belted Bumble Bee,Insecta,120215.0,F
226781911,4ae9c872-81aa-4817-a0e4-d31e6143f156,2024-07-02 18:48:13,2024-07-02,2024-07-02 22:48:13 UTC,Eastern Time (US & Canada),5082106,mariposasquimnipiac,,2024-07-02 22:51:07 UTC,2025-01-17 20:36:04 UTC,needs_id,CC-BY-NC,https://www.inaturalist.org/observations/226781911,https://inaturalist-open-data.s3.amazonaws.com/photos/402240129/medium.jpeg,,,,2,0,False,2,"Fair Haven Heights, New Haven, CT, USA",41.31442044,-72.87380097,4.0,,,,4.0,,,False,,,Myzocallidina,Myzocallidina,,Insecta,517617.0,A
226782757,68c8f4d8-7f28-4da1-99f6-42c350b48c67,2024-07-02 18:56:46,2024-07-02,2024-07-02 22:56:46 UTC,Eastern Time (US & Canada),5082106,mariposasquimnipiac,,2024-07-02 22:57:38 UTC,2024-07-02 22:57:45 UTC,needs_id,CC-BY-NC,https://www.inaturalist.org/observations/226782757,https://inaturalist-open-data.s3.amazonaws.com/photos/402241972/medium.jpeg,,,,0,0,False,2,"Fair Haven Heights, New Haven, CT, USA",41.31445362,-72.87376281,6.0,,,,6.0,,,False,,,Oval Ambersnail,Novisuccinea ovalis,Oval Ambersnail,Mollusca,171932.0,Garden Boundary
226793801,6558705b-a678-428b-98da-fbd715c02b77,2024-07-02 20:10:51,2024-07-02,2024-07-03 00:10:51 UTC,Eastern Time (US & Canada),5082106,mariposasquimnipiac,,2024-07-03 00:11:22 UTC,2024-07-03 00:11:31 UTC,needs_id,CC-BY-NC,https://www.inaturalist.org/observations/226793801,https://inaturalist-open-data.s3.amazonaws.com/photos/402262682/medium.jpeg,,,,0,0,False,2,"Fair Haven Heights, New Haven, CT, USA",41.31442591,-72.87380449,6.0,,,,6.0,,,False,,,showy goldenrod,Solidago speciosa,showy goldenrod,Plantae,130376.0,Garden Boundary
226793858,44817714-9244-484c-a533-6717e5ccc961,2024-07-02 20:11:22,2024-07-02,2024-07-03 00:11:22 UTC,Eastern Time (US & Canada),5082106,mariposasquimnipiac,,2024-07-03 00:11:40 UTC,2026-04-01 23:08:57 UTC,research,CC-BY-NC,https://www.inaturalist.org/observations/226793858,https://inaturalist-open-data.s3.amazonaws.com/photos/402262775/medium.jpeg,,,,1,0,False,2,"Fair Haven Heights, New Haven, CT, USA",41.31446343,-72.87382772,6.0,,,,6.0,,,False,,,stiff-leaved goldenrod,Solidago rigida,stiff-leaved goldenrod,Plantae,125721.0,C
226894910,6a9d47fc-54fc-430c-98d4-f36ca66d4cc9,2024-07-03 10:15:58,2024-07-03,2024-07-03 14:15:58 UTC,Eastern Time (US & Canada),5082106,mariposasquimnipiac,,2024-07-03 14:17:59 UTC,2025-03-16 04:02:40 UTC,research,CC-BY-NC,https://www.inaturalist.org/observations/226894910,https://inaturalist-open-data.s3.amazonaws.com/photos/402452564/medium.jpeg,,,,4,1,False,2,"Fair Haven Heights, New Haven, CT, USA",41.31440393,-72.87381249,4.0,,,,4.0,,open,False,,,Brown-belted Bumble Bee,Bombus griseocollis,Brown-belted Bumble Bee,Insecta,120215.0,A
226895091,8adfce56-0c07-4632-91eb-b6e05a4011ee,2024-07-03 10:18:28,2024-07-03,2024-07-03 14:18:28 UTC,Eastern Time (US & Canada),5082106,mariposasquimnipiac,,2024-07-03 14:19:09 UTC,2024-07-03 14:19:16 UTC,needs_id,CC-BY-NC,https://www.inaturalist.org/observations/226895091,https://inaturalist-open-data.s3.amazonaws.com/photos/402452940/medium.jpeg,,,,0,0,False,2,"Fair Haven Heights, New Haven, CT, USA",41.31440489,-72.87381615,5.0,,,,5.0,,,False,,,Blue-green Bottle Fly,Lucilia coeruleiviridis,Blue-green Bottle Fly,Insecta,493838.0,A
226895307,6d4131be-55e4-48bd-81e1-07e37baeb10c,2024-07-03 10:20:04,2024-07-03,2024-07-03 14:20:04 UTC,Eastern Time (US & Canada),5082106,mariposasquimnipiac,,2024-07-03 14:20:32 UTC,2024-07-03 20:43:06 UTC,needs_id,CC-BY-NC,https://www.inaturalist.org/observations/226895307,https://inaturalist-open-data.s3.amazonaws.com/photos/402453398/medium.jpeg,,,,2,0,False,2,"Fair Haven Heights, New Haven, CT, USA",41.31441446,-72.87382248,7.0,,,,7.0,,,False,,,Brachyceran Flies,Brachycera,Brachyceran Flies,Insecta,48091.0,A
226897292,b88a31de-45b0-4a71-8449-e1640ac32f90,2024-07-03 10:29:57,2024-07-03,2024-07-03 14:29:57 UTC,Eastern Time (US & Canada),5082106,mariposasquimnipiac,,2024-07-03 14:30:27 UTC,2025-02-19 18:27:54 UTC,research,CC-BY-NC,https://www.inaturalist.org/observations/226897292,https://inaturalist-open-data.s3.amazonaws.com/photos/402456754/medium.jpeg,,,,1,0,False,2,"Fair Haven Heights, New Haven, CT, USA",41.31443664,-72.87398406,6.0,,,,6.0,,open,False,,,common boneset,Eupatorium perfoliatum,common boneset,Plantae,119045.0,outside
226898054,391f5816-dd6d-485f-a643-8c5f7c99eb7d,2024-07-03 10:32:45,2024-07-03,2024-07-03 14:32:45 UTC,Eastern Time (US & Canada),5082106,mariposasquimnipiac,,2024-07-03 14:33:44 UTC,2025-03-16 04:02:42 UTC,research,CC-BY-NC,https://www.inaturalist.org/observations/226898054,https://inaturalist-open-data.s3.amazonaws.com/photos/402457896/medium.jpeg,,,,4,1,False,2,"Fair Haven Heights, New Haven, CT, USA",41.31438073,-72.87372889,7.0,,,,7.0,,open,False,,,Brown-belted Bumble Bee,Bombus griseocollis,Brown-belted Bumble Bee,Insecta,120215.0,Garden Boundary
226898570,c38e07a5-f880-4698-8714-40c0776dc47a,2024-07-03 10:34:37,2024-07-03,2024-07-03 14:34:37 UTC,Eastern Time (US & Canada),5082106,mariposasquimnipiac,,2024-07-03 14:36:11 UTC,2025-03-16 04:01:42 UTC,research,CC-BY-NC,https://www.inaturalist.org/observations/226898570,https://inaturalist-open-data.s3.amazonaws.com/photos/402458764/medium.jpeg,,,,1,0,False,2,"Fair Haven Heights, New Haven, CT, USA",41.31446002,-72.87388265,5.0,,,,5.0,,open,False,,,Brown-belted Bumble Bee,Bombus griseocollis,Brown-belted Bumble Bee,Insecta,120215.0,Garden Boundary
226899015,fda848e4-4656-4d43-980e-698421a23e2a,2024-07-03 10:36:26,2024-07-03,2024-07-03 14:36:26 UTC,Eastern Time (US & Canada),5082106,mariposasquimnipiac,,2024-07-03 14:38:38 UTC,2025-03-16 04:01:44 UTC,research,CC-BY-NC,https://www.inaturalist.org/observations/226899015,https://inaturalist-open-data.s3.amazonaws.com/photos/402459660/medium.jpeg,,,,1,0,False,2,"Fair Haven Heights, New Haven, CT, USA",41.3143815,-72.87377898,11.0,,,,11.0,,open,False,,,Brown-belted Bumble Bee,Bombus griseocollis,Brown-belted Bumble Bee,Insecta,120215.0,A
227097662,d1c920f5-c54b-4f0f-80d4-3e958ba70d19,2024-07-04 10:30:54,2024-07-04,2024-07-04 14:30:54 UTC,Eastern Time (US & Canada),5082106,mariposasquimnipiac,,2024-07-04 14:31:20 UTC,2025-03-16 03:57:12 UTC,research,CC-BY-NC,https://www.inaturalist.org/observations/227097662,https://inaturalist-open-data.s3.amazonaws.com/photos/402834698/medium.jpeg,,,,1,0,False,2,"Fair Haven Heights, New Haven, CT, USA",41.31441948,-72.87388254,8.0,,,,8.0,,open,False,,,Brown-belted Bumble Bee,Bombus griseocollis,Brown-belted Bumble Bee,Insecta,120215.0,Garden Boundary
227168034,127eff01-bdf6-4b3d-a17d-7760696a9816,2024-07-04 16:09:57,2024-07-04,2024-07-04 20:09:57 UTC,Eastern Time (US & Canada),5082106,mariposasquimnipiac,,2024-07-04 20:10:12 UTC,2025-06-24 13:38:51 UTC,needs_id,CC-BY-NC,https://www.inaturalist.org/observations/227168034,https://inaturalist-open-data.s3.amazonaws.com/photos/402963829/medium.jpeg,,,,0,0,False,2,"Fair Haven Heights, New Haven, CT, USA",41.31445509,-72.87387231,3.0,,,,3.0,,,False,,,,Oenothera,"evening primroses, sundrops, and beeblossoms",Plantae,48626.0,Garden Boundary
227317042,118c7c4a-fe18-4e84-96ad-7923bbfe5b27,Fri Jun 28 2024 16:27:04 GMT -0400 (EDT),2024-06-28,2024-06-28 20:27:04 UTC,Eastern Time (US & Canada),5278169,andreachow,Andrea Chow,2024-07-05 15:36:33 UTC,2025-03-16 04:00:56 UTC,research,,https://www.inaturalist.org/observations/227317042,https://static.inaturalist.org/photos/403250160/medium.jpeg,,,,2,0,False,333,New Haven,41.3144760132,-72.8738479614,,,,,,,open,False,,,Brown-belted Bumble Bee,Bombus griseocollis,Brown-belted Bumble Bee,Insecta,120215.0,Garden Boundary
227317137,1237086f-2a38-46dc-8326-9300f7a2cb07,Fri Jun 28 2024 16:25:34 GMT -0400 (EDT),2024-06-28,2024-06-28 20:25:34 UTC,Eastern Time (US & Canada),5278169,andreachow,Andrea Chow,2024-07-05 15:36:57 UTC,2025-03-25 01:49:47 UTC,research,,https://www.inaturalist.org/observations/227317137,https://static.inaturalist.org/photos/403250287/medium.jpeg,,,,2,0,False,333,New Haven,41.3144073486,-72.8738937378,,,,,,,open,False,,,Brown-belted Bumble Bee,Bombus griseocollis,Brown-belted Bumble Bee,Insecta,120215.0,B
227317316,dc0631e3-c6fd-41b9-acb6-14d7e9305e79,Fri Jun 28 2024 15:34:55 GMT -0400 (EDT),2024-06-28,2024-06-28 19:34:55 UTC,Eastern Time (US & Canada),5278169,andreachow,Andrea Chow,2024-07-05 15:37:44 UTC,2025-08-18 19:58:35 UTC,research,,https://www.inaturalist.org/observations/227317316,https://static.inaturalist.org/photos/403250812/medium.jpeg,,,,2,0,False,333,New Haven,41.3143844604,-72.8738937378,,,,,,,open,False,,,American Lady,Vanessa virginiensis,American Lady,Insecta,48549.0,Garden Boundary
227644180,ea1827ad-2b8d-44bd-b0aa-024bbc4f3195,2024-07-06 19:20:40,2024-07-06,2024-07-06 23:20:40 UTC,Eastern Time (US & Canada),5082106,mariposasquimnipiac,,2024-07-06 23:21:13 UTC,2024-08-19 13:01:10 UTC,research,CC-BY-NC,https://www.inaturalist.org/observations/227644180,https://inaturalist-open-data.s3.amazonaws.com/photos/403867687/medium.jpeg,,,,1,0,False,2,"Fair Haven Heights, New Haven, CT, USA",41.31451,-72.87367999,9.0,,,,9.0,,,False,,,Red Milkweed Beetle,Tetraopes tetrophthalmus,Red Milkweed Beetle,Insecta,118559.0,F
228439327,2eedae2a-b22b-49d5-b57d-8571e232ddd8,2024-07-09 14:28:12-04:00,2024-07-09,2024-07-09 18:28:12 UTC,Eastern Time (US & Canada),5718371,jasminegormley,Jasmine Gormley,2024-07-10 14:04:24 UTC,2024-07-13 12:34:57 UTC,research,,https://www.inaturalist.org/observations/228439327,https://static.inaturalist.org/photos/405374074/medium.jpg,,,,2,0,False,3,"Hemingway St, New Haven, CT, US",41.314455,-72.8738333333,10.0,,,,10.0,,,False,,,Red Milkweed Beetle,Tetraopes tetrophthalmus,Red Milkweed Beetle,Insecta,118559.0,C
228824040,d3698a55-114d-454c-9e94-8d6a0a7f1802,2024-07-12 09:54:01,2024-07-12,2024-07-12 13:54:01 UTC,Eastern Time (US & Canada),5082106,mariposasquimnipiac,,2024-07-12 13:54:17 UTC,2024-07-12 14:00:32 UTC,research,CC-BY-NC,https://www.inaturalist.org/observations/228824040,https://inaturalist-open-data.s3.amazonaws.com/photos/406107926/medium.jpeg,,,,1,0,False,2,"Fair Haven Heights, New Haven, CT, USA",41.31432983,-72.87387848,7.0,,,,7.0,,open,False,,,cardinal flower,Lobelia cardinalis,cardinal flower,Plantae,48038.0,Garden Boundary
228882390,5b7c50e2-60bb-4811-9558-77efa0df113a,2024-07-12 15:21:05,2024-07-12,2024-07-12 19:21:05 UTC,Eastern Time (US & Canada),5082106,mariposasquimnipiac,,2024-07-12 19:21:33 UTC,2025-04-06 04:08:40 UTC,research,CC-BY-NC,https://www.inaturalist.org/observations/228882390,https://inaturalist-open-data.s3.amazonaws.com/photos/406217695/medium.jpeg,,,,1,0,False,2,"Fair Haven Heights, New Haven, CT, USA",41.31420727,-72.87386766,9.0,,,,9.0,,open,False,,,hedge bindweed,Calystegia sepium,hedge bindweed,Plantae,57481.0,Garden Boundary
231897241,0d08d08c-3166-4e4e-87b7-210509d04144,2024-07-26 16:37:45,2024-07-26,2024-07-26 20:37:45 UTC,Eastern Time (US & Canada),5082106,mariposasquimnipiac,,2024-07-26 20:38:32 UTC,2025-12-16 20:58:46 UTC,research,CC-BY-NC,https://www.inaturalist.org/observations/231897241,https://inaturalist-open-data.s3.amazonaws.com/photos/411924587/medium.jpeg,,,,2,0,False,2,"Fair Haven Heights, New Haven, CT, USA",41.31417017,-72.87378351,5.0,,,,5.0,,,False,,,American burnweed,Erechtites hieraciifolius,American burnweed,Plantae,130888.0,Garden Boundary
232291501,7a5b6ea7-1abb-401d-969f-fa0f31a0bb2d,2024-07-28 12:15:34,2024-07-28,2024-07-28 16:15:34 UTC,Eastern Time (US & Canada),5082106,mariposasquimnipiac,,2024-07-28 16:18:50 UTC,2025-08-18 15:56:44 UTC,research,CC-BY-NC,https://www.inaturalist.org/observations/232291501,https://inaturalist-open-data.s3.amazonaws.com/photos/412670971/medium.jpeg,,,,1,0,False,2,"Fair Haven Heights, New Haven, CT, USA",41.314248803,-72.8737641871,91.0,,,,91.0,,open,False,gps,gps,American Lady,Vanessa virginiensis,American Lady,Insecta,48549.0,Garden Boundary
232294160,b0d21afb-e7fb-4e59-b432-b90ae8eee0c5,2024-07-28 12:29:48,2024-07-28,2024-07-28 16:29:48 UTC,Eastern Time (US & Canada),5082106,mariposasquimnipiac,,2024-07-28 16:30:43 UTC,2025-02-05 04:39:59 UTC,needs_id,CC-BY-NC,https://www.inaturalist.org/observations/232294160,https://inaturalist-open-data.s3.amazonaws.com/photos/412676265/medium.jpeg,,,,3,0,False,2,"Fair Haven Heights, New Haven, CT, USA",41.31425571,-72.87385866,5.0,,,,5.0,,,False,,,Condylostylus,Condylostylus,,Insecta,122222.0,Garden Boundary
232298635,e72ef632-6ad8-46a3-9f7b-927e5648c5d7,2024-07-28 12:48:45,2024-07-28,2024-07-28 16:48:45 UTC,Eastern Time (US & Canada),5082106,mariposasquimnipiac,,2024-07-28 16:50:12 UTC,2024-08-03 11:54:48 UTC,research,CC-BY-NC,https://www.inaturalist.org/observations/232298635,https://inaturalist-open-data.s3.amazonaws.com/photos/412684513/medium.jpeg,,,"It has not flowered yet, but it is invasive in connecticut. I'm getting rid of it.",1,0,False,2,"Fair Haven Heights, New Haven, CT, USA",41.31440214,-72.87386254,7.0,,,,7.0,,,False,,,American pokeweed,Phytolacca americana,American pokeweed,Plantae,48599.0,A
232299069,20100cb5-c954-42a6-a378-a849e6c99542,2024-07-28 12:51:43,2024-07-28,2024-07-28 16:51:43 UTC,Eastern Time (US & Canada),5082106,mariposasquimnipiac,,2024-07-28 16:52:24 UTC,2024-07-28 23:34:37 UTC,research,CC-BY-NC,https://www.inaturalist.org/observations/232299069,https://inaturalist-open-data.s3.amazonaws.com/photos/412685447/medium.jpeg,,,,1,0,False,2,"Fair Haven Heights, New Haven, CT, USA",41.3144281,-72.87393621,8.0,,,,8.0,,,False,,,blue vervain,Verbena hastata,blue vervain,Plantae,60251.0,Garden Boundary
232299287,63fc5bbc-2632-43d6-ba42-c1161fcf0d16,2024-07-28 12:52:40,2024-07-28,2024-07-28 16:52:40 UTC,Eastern Time (US & Canada),5082106,mariposasquimnipiac,,2024-07-28 16:53:25 UTC,2025-05-07 17:42:49 UTC,research,CC-BY-NC,https://www.inaturalist.org/observations/232299287,https://inaturalist-open-data.s3.amazonaws.com/photos/412685858/medium.jpeg,,,Looks like we have another invasive loose strife on the stream bank.,1,0,False,2,"Fair Haven Heights, New Haven, CT, USA",41.31442207,-72.87391031,7.0,,,,7.0,,open,False,,,purple loosestrife,Lythrum salicaria,purple loosestrife,Plantae,61321.0,D
232300980,f4e66bf7-0b2b-4ec0-ab17-a36c329df8ef,2024-07-28 12:58:37,2024-07-28,2024-07-28 16:58:37 UTC,Eastern Time (US & Canada),5082106,mariposasquimnipiac,,2024-07-28 16:59:44 UTC,2025-11-07 18:47:41 UTC,needs_id,CC-BY-NC,https://www.inaturalist.org/observations/232300980,https://inaturalist-open-data.s3.amazonaws.com/photos/412688461/medium.jpeg,,,,3,0,False,2,"Fair Haven Heights, New Haven, CT, USA",41.31443529,-72.8738993,8.0,,,,8.0,,,False,,,Agapostemon,Agapostemon,,Insecta,606634.0,D
232527434,00a58914-f634-4893-aa43-401c0db1fbb0,2024-07-29 13:16:56,2024-07-29,2024-07-29 17:16:56 UTC,Eastern Time (US & Canada),5082106,mariposasquimnipiac,,2024-07-29 17:17:19 UTC,2024-09-14 23:25:15 UTC,research,CC-BY-NC,https://www.inaturalist.org/observations/232527434,https://inaturalist-open-data.s3.amazonaws.com/photos/413118970/medium.jpeg,,,,1,0,False,2,"Fair Haven Heights, New Haven, CT, USA",41.31458921,-72.87399043,3.0,,,,3.0,,,False,,,common soapwort,Saponaria officinalis,common soapwort,Plantae,56154.0,outside
234163366,c66ae432-edb2-40fd-9e9c-d70d9f9eff7d,2024-08-06 11:24:22,2024-08-06,2024-08-06 15:24:22 UTC,Eastern Time (US & Canada),5082106,mariposasquimnipiac,,2024-08-06 15:45:37 UTC,2024-08-06 15:45:43 UTC,needs_id,CC-BY-NC,https://www.inaturalist.org/observations/234163366,https://inaturalist-open-data.s3.amazonaws.com/photos/416237840/medium.jpeg,,,,0,0,False,2,"Fair Haven Heights, New Haven, CT, USA",41.31441732,-72.87373916,5.0,,,,5.0,,,False,,,Ash Petiole Gall Midge,Dasineura tumidosae,Ash Petiole Gall Midge,Insecta,545355.0,Garden Boundary
234740537,5211a421-7c75-4ace-a453-34957882037d,2024-08-09 15:02:11,2024-08-09,2024-08-09 19:02:11 UTC,Eastern Time (US & Canada),5082106,mariposasquimnipiac,,2024-08-09 19:02:37 UTC,2024-08-11 21:29:38 UTC,research,CC-BY-NC,https://www.inaturalist.org/observations/234740537,https://inaturalist-open-data.s3.amazonaws.com/photos/417361291/medium.jpeg,,,,1,0,False,2,"Fair Haven Heights, New Haven, CT, USA",41.31414484,-72.87390267,9.0,,,,9.0,,open,False,,,purple loosestrife,Lythrum salicaria,purple loosestrife,Plantae,61321.0,Garden Boundary
234760127,47a13879-dde7-4622-9367-525e543a4bed,2024-08-09 17:06:08,2024-08-09,2024-08-09 21:06:08 UTC,Eastern Time (US & Canada),5082106,mariposasquimnipiac,,2024-08-09 21:06:30 UTC,2024-08-09 21:40:12 UTC,research,CC-BY-NC,https://www.inaturalist.org/observations/234760127,https://inaturalist-open-data.s3.amazonaws.com/photos/417399592/medium.jpeg,,,,2,0,False,2,"Fair Haven Heights, New Haven, CT, USA",41.3144359,-72.87381817,6.0,,,,6.0,,,False,,,Ailanthus Webworm Moth,Atteva aurea,Ailanthus Webworm Moth,Insecta,116681.0,Garden Boundary
234760293,651fc749-b99b-44bd-9d03-1c7452727fed,2024-08-09 17:06:36,2024-08-09,2024-08-09 21:06:36 UTC,Eastern Time (US & Canada),5082106,mariposasquimnipiac,,2024-08-09 21:07:32 UTC,2024-08-15 14:05:12 UTC,research,CC-BY-NC,https://www.inaturalist.org/observations/234760293,https://inaturalist-open-data.s3.amazonaws.com/photos/417399965/medium.jpeg,,,,1,0,False,2,"Fair Haven Heights, New Haven, CT, USA",41.31443528,-72.87381886,7.0,,,,7.0,,,False,,,Citrus Flatid Planthopper,Metcalfa pruinosa,Citrus Flatid Planthopper,Insecta,126209.0,Garden Boundary
234771121,150deaec-c787-4393-9227-8ac717e2827b,2024-08-09 17:06:49-04:00,2024-08-09,2024-08-09 21:06:49 UTC,Eastern Time (US & Canada),5612599,samsmithonearth,Samantha Smith,2024-08-09 22:22:37 UTC,2025-03-28 20:07:27 UTC,research,,https://www.inaturalist.org/observations/234771121,https://static.inaturalist.org/photos/417421470/medium.jpeg,,,,1,0,False,3,Mariposas Del Mundo (Butterflies of the World),41.3140639505,-72.8739771998,7136.0,,,,7136.0,,,False,,,Citrus Flatid Planthopper,Metcalfa pruinosa,Citrus Flatid Planthopper,Insecta,126209.0,Garden Boundary
234771488,213f1df1-665d-4bf9-83b9-9006d5b4355b,2024-08-09 16:56:44-04:00,2024-08-09,2024-08-09 20:56:44 UTC,Eastern Time (US & Canada),5612599,samsmithonearth,Samantha Smith,2024-08-09 22:25:08 UTC,2025-05-07 02:41:47 UTC,research,,https://www.inaturalist.org/observations/234771488,https://static.inaturalist.org/photos/417422719/medium.jpeg,,,,1,0,False,3,Mariposas Del Mundo (Butterflies of the World),41.3140639505,-72.8739771998,,,,,,,,False,,,Ailanthus Webworm Moth,Atteva aurea,Ailanthus Webworm Moth,Insecta,116681.0,Garden Boundary
234771844,4281a814-21d8-445e-a776-467ab8afe272,2024-08-09 17:09:54-04:00,2024-08-09,2024-08-09 21:09:54 UTC,Eastern Time (US & Canada),5612599,samsmithonearth,Samantha Smith,2024-08-09 22:27:26 UTC,2025-03-28 20:07:35 UTC,research,,https://www.inaturalist.org/observations/234771844,https://static.inaturalist.org/photos/417422905/medium.jpeg,,,"male 
",2,0,False,3,Mariposas Del Mundo (Butterflies of the World),41.3140639505,-72.8739771998,7136.0,,,,7136.0,,open,False,,,Monarch,Danaus plexippus,Monarch,Insecta,48662.0,Garden Boundary
234771909,74648de2-2228-470c-9b85-ef37a99b1de7,2024-08-09 16:55:15-04:00,2024-08-09,2024-08-09 20:55:15 UTC,Eastern Time (US & Canada),5612599,samsmithonearth,Samantha Smith,2024-08-09 22:27:54 UTC,2025-04-07 00:02:59 UTC,research,,https://www.inaturalist.org/observations/234771909,https://static.inaturalist.org/photos/417423019/medium.jpeg,,,,1,0,False,3,Mariposas Del Mundo (Butterflies of the World),41.3140639505,-72.8739771998,,,,,,,,False,,,Blue-winged Scoliid Wasp,Scolia dubia,Blue-winged Scoliid Wasp,Insecta,1129479.0,Garden Boundary
235539123,85feffc4-62d5-46ea-8728-0a67ecdaaa68,2024-08-13 11:01:21,2024-08-13,2024-08-13 15:01:21 UTC,Eastern Time (US & Canada),5082106,mariposasquimnipiac,,2024-08-13 15:02:00 UTC,2024-08-21 13:16:15 UTC,research,CC-BY-NC,https://www.inaturalist.org/observations/235539123,https://inaturalist-open-data.s3.amazonaws.com/photos/418909084/medium.jpeg,,,Lots more jewelweed in the half of vacant lot this year.,1,0,False,2,"Fair Haven Heights, New Haven, CT, USA",41.31430265,-72.87424224,5.0,,,,5.0,,open,False,,,common jewelweed,Impatiens capensis,common jewelweed,Plantae,47888.0,outside
235548633,132e38f4-1eab-4a13-bcec-5eb6b5bf8b7d,2024-08-13 11:50:13,2024-08-13,2024-08-13 15:50:13 UTC,Eastern Time (US & Canada),5082106,mariposasquimnipiac,,2024-08-13 15:50:45 UTC,2024-08-14 10:58:33 UTC,research,CC-BY-NC,https://www.inaturalist.org/observations/235548633,https://inaturalist-open-data.s3.amazonaws.com/photos/418926256/medium.jpeg,,,Overgrowing the creek Bank riparian landscape,1,0,False,2,"Fair Haven Heights, New Haven, CT, USA",41.3140141,-72.87377147,5.0,,,,5.0,,,False,,,Porcelain Berry,Ampelopsis glandulosa,Porcelain Berry,Plantae,204237.0,outside
235549480,7323b325-f2e0-464c-b0f8-e7dcccb77612,2024-08-13 11:53:49,2024-08-13,2024-08-13 15:53:49 UTC,Eastern Time (US & Canada),5082106,mariposasquimnipiac,,2024-08-13 15:54:31 UTC,2025-12-16 20:57:06 UTC,research,CC-BY-NC,https://www.inaturalist.org/observations/235549480,https://inaturalist-open-data.s3.amazonaws.com/photos/418927817/medium.jpeg,,,Never seen this one before near the creek.,2,0,False,2,"Fair Haven Heights, New Haven, CT, USA",41.3141989,-72.87378742,8.0,,,,8.0,,,False,,,American burnweed,Erechtites hieraciifolius,American burnweed,Plantae,130888.0,E
236145587,e1329933-a5d3-42f9-ad4a-a4704f108a31,2024-08-16 15:46:21,2024-08-16,2024-08-16 19:46:21 UTC,Eastern Time (US & Canada),5082106,mariposasquimnipiac,,2024-08-16 19:47:11 UTC,2025-04-07 04:32:41 UTC,research,CC-BY-NC,https://www.inaturalist.org/observations/236145587,https://inaturalist-open-data.s3.amazonaws.com/photos/420077546/medium.jpeg,,,Black cherry volunteered next to spicebush.,1,0,False,2,"Fair Haven Heights, New Haven, CT, USA",41.31432812,-72.87385067,9.0,,,,9.0,,open,False,,,black cherry,Prunus serotina,black cherry,Plantae,54834.0,B
236151933,2961e2a2-eecb-46ac-8e39-1c8a539a3050,2024-08-16 16:21:43,2024-08-16,2024-08-16 20:21:43 UTC,Eastern Time (US & Canada),5082106,mariposasquimnipiac,,2024-08-16 20:22:39 UTC,2024-08-16 20:22:45 UTC,needs_id,CC-BY-NC,https://www.inaturalist.org/observations/236151933,https://inaturalist-open-data.s3.amazonaws.com/photos/420089088/medium.jpeg,,,,0,0,False,2,"Fair Haven Heights, New Haven, CT, USA",41.31432322,-72.87374965,5.0,,,,5.0,,,False,,,Common Blue Wood Aster,Symphyotrichum cordifolium,Common Blue Wood Aster,Plantae,153441.0,Garden Boundary
236152303,5b52fb41-e440-46e2-b639-9c661f7b8b2f,2024-08-16 16:24:13,2024-08-16,2024-08-16 20:24:13 UTC,Eastern Time (US & Canada),5082106,mariposasquimnipiac,,2024-08-16 20:25:18 UTC,2024-08-16 20:25:24 UTC,needs_id,CC-BY-NC,https://www.inaturalist.org/observations/236152303,https://inaturalist-open-data.s3.amazonaws.com/photos/420089853/medium.jpeg,,,,0,0,False,2,"Fair Haven Heights, New Haven, CT, USA",41.31439075,-72.87379162,5.0,,,,5.0,,,False,,,junipers,Juniperus,junipers,Plantae,47574.0,A
238767794,1c3aa4a0-2189-4dff-ba06-193c9ff3b310,2024-08-30 09:41:54,2024-08-30,2024-08-30 13:41:54 UTC,Eastern Time (US & Canada),5082106,mariposasquimnipiac,,2024-08-30 13:44:09 UTC,2024-08-30 13:44:16 UTC,needs_id,CC-BY-NC,https://www.inaturalist.org/observations/238767794,https://inaturalist-open-data.s3.amazonaws.com/photos/425139891/medium.jpeg,,,"Not so much of the pinky color, but definitely sprouting up rather invasive looking.",0,0,False,2,"Fair Haven Heights, New Haven, CT, USA",41.31443177,-72.87401298,5.0,,,,5.0,,,False,,,false bindweeds,Calystegia,false bindweeds,Plantae,56031.0,outside
238768031,3de2241e-aff4-40c0-bf48-fd64ebe1fc51,2024-08-30 09:44:57,2024-08-30,2024-08-30 13:44:57 UTC,Eastern Time (US & Canada),5082106,mariposasquimnipiac,,2024-08-30 13:45:44 UTC,2024-09-01 16:16:45 UTC,research,CC-BY-NC,https://www.inaturalist.org/observations/238768031,https://inaturalist-open-data.s3.amazonaws.com/photos/425140332/medium.jpeg,,,Coming up in lots of spots of riparian landscape where we are trying to take out invasive Japanese not weed and others.,2,0,False,2,"Fair Haven Heights, New Haven, CT, USA",41.31436868,-72.87400377,5.0,,,,5.0,,open,False,,,common jewelweed,Impatiens capensis,common jewelweed,Plantae,47888.0,Garden Boundary
238768247,5139bccd-c213-4c02-93cc-48631699178a,2024-08-30 09:46:15,2024-08-30,2024-08-30 13:46:15 UTC,Eastern Time (US & Canada),5082106,mariposasquimnipiac,,2024-08-30 13:47:03 UTC,2024-09-01 15:10:33 UTC,research,CC-BY-NC,https://www.inaturalist.org/observations/238768247,https://inaturalist-open-data.s3.amazonaws.com/photos/425140666/medium.jpeg,,,LOTS more jewelweed. Maybe 1/4 acre of it?,1,0,False,2,"Fair Haven Heights, New Haven, CT, USA",41.31431841,-72.87410342,5.0,,,,5.0,,open,False,,,common jewelweed,Impatiens capensis,common jewelweed,Plantae,47888.0,outside
238769122,8ccd9b11-6476-4669-8005-cff13ebccf08,2024-08-30 09:50:09,2024-08-30,2024-08-30 13:50:09 UTC,Eastern Time (US & Canada),5082106,mariposasquimnipiac,,2024-08-30 13:51:37 UTC,2024-08-30 13:51:58 UTC,needs_id,CC-BY-NC,https://www.inaturalist.org/observations/238769122,https://inaturalist-open-data.s3.amazonaws.com/photos/425141814/medium.jpeg,,,What is eating Japanese knotweed? This is the first year we've seen obvious insect holes.  We are chopping and digging and trying to get rid of this invasive plant.,0,0,False,2,"Fair Haven Heights, New Haven, CT, USA",41.31437882,-72.87407686,6.0,,,,6.0,,,False,,,Japanese knotweed,Reynoutria japonica,Japanese knotweed,Plantae,914922.0,Garden Boundary
238769576,f32e5e47-aa9f-4b1c-8d99-6d4f07d8cf17,2024-08-30 09:53:20,2024-08-30,2024-08-30 13:53:20 UTC,Eastern Time (US & Canada),5082106,mariposasquimnipiac,,2024-08-30 13:54:18 UTC,2025-04-07 12:27:49 UTC,research,CC-BY-NC,https://www.inaturalist.org/observations/238769576,https://inaturalist-open-data.s3.amazonaws.com/photos/425142566/medium.jpeg,,,,1,0,False,2,"Fair Haven Heights, New Haven, CT, USA",41.31444279,-72.87385604,5.0,,,,5.0,,,False,,,horseweed,Erigeron canadensis,horseweed,Plantae,76907.0,D
239405487,23794537-7d1a-4dfe-a63b-2cfcf172db4a,2024-09-02 11:20:52,2024-09-02,2024-09-02 15:20:52 UTC,Eastern Time (US & Canada),5082106,mariposasquimnipiac,,2024-09-02 15:21:28 UTC,2024-09-02 15:21:36 UTC,needs_id,CC-BY-NC,https://www.inaturalist.org/observations/239405487,https://inaturalist-open-data.s3.amazonaws.com/photos/426380592/medium.jpeg,,,,0,0,False,2,"Fair Haven Heights, New Haven, CT, USA",41.31437777,-72.87393771,8.0,,,,8.0,,open,False,,,Devil's Beggarticks,Bidens frondosa,Devil's Beggarticks,Plantae,51712.0,Garden Boundary
239864174,bdaf95b2-d660-4e95-a3de-3e86737415be,2024-09-04 17:23:51,2024-09-04,2024-09-04 21:23:51 UTC,Eastern Time (US & Canada),5082106,mariposasquimnipiac,,2024-09-04 21:25:10 UTC,2024-09-07 11:37:09 UTC,research,CC-BY-NC,https://www.inaturalist.org/observations/239864174,https://inaturalist-open-data.s3.amazonaws.com/photos/427262305/medium.jpeg,,,What is this dusting of brown stuff on the underneath side of milkweed leaves,1,0,False,2,"Fair Haven Heights, New Haven, CT, USA",41.31433839,-72.87378491,5.0,,,,5.0,,open,False,,,common milkweed,Asclepias syriaca,common milkweed,Plantae,47911.0,Garden Boundary
239865377,251ec458-403c-4196-a041-c148263aa643,2024-09-04 17:32:46,2024-09-04,2024-09-04 21:32:46 UTC,Eastern Time (US & Canada),5082106,mariposasquimnipiac,,2024-09-04 21:33:35 UTC,2024-09-04 23:09:55 UTC,research,CC-BY-NC,https://www.inaturalist.org/observations/239865377,https://inaturalist-open-data.s3.amazonaws.com/photos/427264530/medium.jpeg,,,,1,0,False,2,"Fair Haven Heights, New Haven, CT, USA",41.31439037,-72.87385137,5.0,,,,5.0,,,False,,,Large Milkweed Bug,Oncopeltus fasciatus,Large Milkweed Bug,Insecta,55556.0,A
239865892,875a21f7-43b8-4ae1-a4c4-fd581b95418b,2024-09-04 17:35:55,2024-09-04,2024-09-04 21:35:55 UTC,Eastern Time (US & Canada),5082106,mariposasquimnipiac,,2024-09-04 21:37:19 UTC,2024-09-04 23:09:47 UTC,research,CC-BY-NC,https://www.inaturalist.org/observations/239865892,https://inaturalist-open-data.s3.amazonaws.com/photos/427265543/medium.jpeg,,,"Although there is one of this bug nearby, the majority look like fat red and orange body ants or something else. What are they?",1,0,False,2,"Fair Haven Heights, New Haven, CT, USA",41.31442511,-72.87384251,8.0,,,,8.0,,,False,,,Large Milkweed Bug,Oncopeltus fasciatus,Large Milkweed Bug,Insecta,55556.0,Garden Boundary
240200975,5f2fb0ad-b285-41ea-938e-2900173d0d4e,2024-09-06 16:23:08,2024-09-06,2024-09-06 20:23:08 UTC,Eastern Time (US & Canada),5082106,mariposasquimnipiac,,2024-09-06 20:23:34 UTC,2025-03-13 02:49:12 UTC,research,CC-BY-NC,https://www.inaturalist.org/observations/240200975,https://inaturalist-open-data.s3.amazonaws.com/photos/427906660/medium.jpeg,,,,2,0,False,2,"Fair Haven Heights, New Haven, CT, USA",41.3143315,-72.8737232,6.0,,,,6.0,,,False,,,Western Honey Bee,Apis mellifera,Western Honey Bee,Insecta,47219.0,Garden Boundary
241943212,5dbef6fc-6bfa-48f0-912b-58fe304afc05,2024-09-15 15:41:53-04:00,2024-09-15,2024-09-15 19:41:53 UTC,Eastern Time (US & Canada),5612599,samsmithonearth,Samantha Smith,2024-09-15 19:42:50 UTC,2025-04-18 13:00:15 UTC,research,,https://www.inaturalist.org/observations/241943212,https://static.inaturalist.org/photos/431264371/medium.jpeg,,,,1,0,False,3,"Eastern St, New Haven, CT, US",41.3142552227,-72.8738117964,9.0,,,,9.0,,,False,,,mapleleaf viburnum,Viburnum acerifolium,mapleleaf viburnum,Plantae,62997.0,Garden Boundary
243638284,56817d24-8070-4bc8-a768-fd12ee8ca791,2024-09-23 14:12:53,2024-09-23,2024-09-23 18:12:53 UTC,Eastern Time (US & Canada),5082106,mariposasquimnipiac,,2024-09-23 18:13:36 UTC,2024-09-23 18:13:46 UTC,needs_id,CC-BY-NC,https://www.inaturalist.org/observations/243638284,https://inaturalist-open-data.s3.amazonaws.com/photos/434468610/medium.jpeg,,,We have three different mountain mint donated a couple of years ago and I'm not sure which is which.,0,0,False,2,"Fair Haven Heights, New Haven, CT, USA",41.3142994,-72.87378444,5.0,,,,5.0,,,False,,,Clustered Mountainmint,Pycnanthemum muticum,Clustered Mountainmint,Plantae,126768.0,Garden Boundary
243638343,2e354aef-3553-4f93-8360-be1166fa5164,2024-09-23 14:13:40,2024-09-23,2024-09-23 18:13:40 UTC,Eastern Time (US & Canada),5082106,mariposasquimnipiac,,2024-09-23 18:14:01 UTC,2024-09-23 18:14:11 UTC,needs_id,CC-BY-NC,https://www.inaturalist.org/observations/243638343,https://inaturalist-open-data.s3.amazonaws.com/photos/434468752/medium.jpeg,,,,0,0,False,2,"Fair Haven Heights, New Haven, CT, USA",41.31430153,-72.87378678,7.0,,,,7.0,,open,False,,,narrowleaf mountainmint,Pycnanthemum tenuifolium,narrowleaf mountainmint,Plantae,126891.0,Garden Boundary
243638862,3b827c37-f044-4b84-a622-ec59742ab34f,2024-09-23 14:13:56,2024-09-23,2024-09-23 18:13:56 UTC,Eastern Time (US & Canada),5082106,mariposasquimnipiac,,2024-09-23 18:16:22 UTC,2024-09-23 18:16:40 UTC,needs_id,CC-BY-NC,https://www.inaturalist.org/observations/243638862,https://inaturalist-open-data.s3.amazonaws.com/photos/434469672/medium.jpeg,,,How did bone set get into our mint patch? Rhetorical question. We have one set at the far end of our garden. This is a huge crop of it which must have been mislabeled in a donation we got a couple of years ago.,0,0,False,2,"Fair Haven Heights, New Haven, CT, USA",41.31432504,-72.87377361,7.0,,,,7.0,,open,False,,,late boneset,Eupatorium serotinum,late boneset,Plantae,52934.0,Garden Boundary
243639106,54cf6151-3b22-4c7d-a4cb-923da4ffd7a2,2024-09-23 14:17:10,2024-09-23,2024-09-23 18:17:10 UTC,Eastern Time (US & Canada),5082106,mariposasquimnipiac,,2024-09-23 18:17:57 UTC,2025-04-05 02:32:14 UTC,research,CC-BY-NC,https://www.inaturalist.org/observations/243639106,https://inaturalist-open-data.s3.amazonaws.com/photos/434470312/medium.jpeg,,,This phone set is different than what appeared at the other end of our garden.,1,0,False,2,"Fair Haven Heights, New Haven, CT, USA",41.31443907,-72.87394699,7.0,,,,7.0,,open,False,,,common boneset,Eupatorium perfoliatum,common boneset,Plantae,119045.0,outside
249072637,59a2081a-ac8e-435f-8d6f-244a5913335d,2024-10-25 16:58:47,2024-10-25,2024-10-25 20:58:47 UTC,Eastern Time (US & Canada),5082106,mariposasquimnipiac,,2024-10-25 20:59:09 UTC,2024-11-01 21:37:54 UTC,needs_id,CC-BY-NC,https://www.inaturalist.org/observations/249072637,https://inaturalist-open-data.s3.amazonaws.com/photos/447125771/medium.jpeg,,,,0,0,False,2,"Fair Haven Heights, New Haven, CT, USA",41.3142053,-72.87380291,4.0,,,,4.0,,open,False,,,flat-top white aster,Doellingeria umbellata,flat-top white aster,Plantae,120179.0,E
252063813,997f98eb-fff0-4edf-921c-a38eb18277a1,2024-11-17 15:17:05,2024-11-17,2024-11-17 20:17:05 UTC,Eastern Time (US & Canada),5082106,mariposasquimnipiac,,2024-11-17 20:18:52 UTC,2026-01-27 08:11:14 UTC,needs_id,CC-BY-NC,https://www.inaturalist.org/observations/252063813,https://inaturalist-open-data.s3.amazonaws.com/photos/451146429/medium.jpeg,,,,3,0,False,2,"Fair Haven Heights, New Haven, CT, USA",41.31433525,-72.87407746,5.0,,,,5.0,,,False,,,Dicots,Magnoliopsida,Dicots,Plantae,47124.0,Garden Boundary
252063856,62c5e3b3-fca7-4ce4-9ba9-9de2d330e927,2024-11-17 15:18:55,2024-11-17,2024-11-17 20:18:55 UTC,Eastern Time (US & Canada),5082106,mariposasquimnipiac,,2024-11-17 20:19:16 UTC,2024-11-18 05:28:25 UTC,research,CC-BY-NC,https://www.inaturalist.org/observations/252063856,https://inaturalist-open-data.s3.amazonaws.com/photos/451146533/medium.jpeg,,,,1,0,False,2,"Fair Haven Heights, New Haven, CT, USA",41.31434965,-72.87404313,5.0,,,,5.0,,,False,,,garlic mustard,Alliaria petiolata,garlic mustard,Plantae,56061.0,Garden Boundary
258769055,7e360909-38db-4e6a-8101-e9d74656a083,2025-01-17 15:27:52,2025-01-17,2025-01-17 20:27:52 UTC,Eastern Time (US & Canada),5082106,mariposasquimnipiac,,2025-01-17 20:29:12 UTC,2025-04-12 11:29:40 UTC,research,CC-BY-NC,https://www.inaturalist.org/observations/258769055,https://inaturalist-open-data.s3.amazonaws.com/photos/464397005/medium.jpeg,,,,1,0,False,2,"Fair Haven Heights, New Haven, CT, USA",41.31428233,-72.87384415,5.0,,,,5.0,,,False,,,common evening-primrose,Oenothera biennis,common evening-primrose,Plantae,62207.0,Garden Boundary
265870415,19da8213-2593-4022-a219-e545fd0395c6,2025-03-18 16:33:05,2025-03-18,2025-03-18 20:33:05 UTC,Eastern Time (US & Canada),5082106,mariposasquimnipiac,,2025-03-18 20:34:13 UTC,2025-04-13 03:39:12 UTC,research,CC-BY-NC,https://www.inaturalist.org/observations/265870415,https://inaturalist-open-data.s3.amazonaws.com/photos/477632063/medium.jpeg,,,Is this really evening primrose coming up all over the place this spring,1,0,False,2,"Fair Haven Heights, New Haven, CT, USA",41.31441773,-72.8738294,8.0,,,,8.0,,,False,,,common evening-primrose,Oenothera biennis,common evening-primrose,Plantae,62207.0,A
265870908,a02c9a24-adf8-4bba-8ea4-e6087ef1a20d,2025-03-18 16:36:52,2025-03-18,2025-03-18 20:36:52 UTC,Eastern Time (US & Canada),5082106,mariposasquimnipiac,,2025-03-18 20:37:56 UTC,2025-03-20 03:35:52 UTC,research,CC-BY-NC,https://www.inaturalist.org/observations/265870908,https://inaturalist-open-data.s3.amazonaws.com/photos/477632094/medium.jpeg,,,"Very early spring, it's hard to tell.",1,0,False,2,"Fair Haven Heights, New Haven, CT, USA",41.3144013,-72.87395616,5.0,,,,5.0,,,False,,,ribwort plantain,Plantago lanceolata,ribwort plantain,Plantae,53178.0,Garden Boundary
266112871,1712774b-4dd6-4044-bc62-dc0038eb2aed,2025-03-20 12:13:32,2025-03-20,2025-03-20 16:13:32 UTC,Eastern Time (US & Canada),5082106,mariposasquimnipiac,,2025-03-20 16:14:55 UTC,2025-03-21 19:39:36 UTC,needs_id,CC-BY-NC,https://www.inaturalist.org/observations/266112871,https://inaturalist-open-data.s3.amazonaws.com/photos/478398455/medium.jpeg,,,,0,0,False,2,"Fair Haven Heights, New Haven, CT, USA",41.31423211,-72.87390179,9.0,,,,9.0,,,False,,,Pennsylvania sedge,Carex pensylvanica,Pennsylvania sedge,Plantae,127326.0,Garden Boundary
266271808,be62b590-0efd-4a27-ac7d-42da3acaabbb,2025-03-21 15:39:19,2025-03-21,2025-03-21 19:39:19 UTC,Eastern Time (US & Canada),5082106,mariposasquimnipiac,,2025-03-21 19:39:43 UTC,2025-08-27 23:41:56 UTC,needs_id,CC-BY-NC,https://www.inaturalist.org/observations/266271808,https://inaturalist-open-data.s3.amazonaws.com/photos/479889183/medium.jpeg,,,,2,1,False,2,"Fair Haven Heights, New Haven, CT, USA",41.31431907,-72.87409758,6.0,,,,6.0,,,False,,,dicots,Magnoliopsida,Dicots,Plantae,47124.0,Garden Boundary
267395723,d5d095a6-db69-46ce-9b1d-2245c1bed086,2025-03-28 15:54:21,2025-03-28,2025-03-28 19:54:21 UTC,Eastern Time (US & Canada),5612599,samsmithonearth,Samantha Smith,2025-03-28 19:56:31 UTC,2025-04-14 18:44:52 UTC,research,,https://www.inaturalist.org/observations/267395723,https://static.inaturalist.org/photos/480525753/medium.jpg,,,,1,0,False,843,"Hemingway St, New Haven, CT, US",41.3144696318,-72.8738176637,4.0,,,,4.0,,,False,,,Common Earthworm,Lumbricus terrestris,Nightcrawler,Animalia,81545.0,C
267396949,42292840-dcc1-477a-93e2-9a70a625edc9,2025-03-28 16:04:19,2025-03-28,2025-03-28 20:04:19 UTC,Eastern Time (US & Canada),5612599,samsmithonearth,Samantha Smith,2025-03-28 20:04:34 UTC,2025-03-31 15:19:29 UTC,needs_id,,https://www.inaturalist.org/observations/267396949,https://static.inaturalist.org/photos/480527946/medium.jpg,,,,0,0,False,843,"Hemingway St, New Haven, CT, US",41.3144700653,-72.8738207057,3.0,,,,3.0,,,False,,,common evening-primrose,Oenothera biennis,common evening-primrose,Plantae,62207.0,C
267397253,8e7f5482-d74d-4092-a943-1db013ef6919,2025-03-28 16:05:19,2025-03-28,2025-03-28 20:05:19 UTC,Eastern Time (US & Canada),5612599,samsmithonearth,Samantha Smith,2025-03-28 20:06:39 UTC,2025-03-28 20:06:41 UTC,needs_id,,https://www.inaturalist.org/observations/267397253,https://static.inaturalist.org/photos/480528481/medium.jpg,,,,0,0,False,843,"Hemingway St, New Haven, CT, US",41.3144749153,-72.8737863912,8.0,,,,8.0,,,False,,,,Oenothera biennis,common evening-primrose,Plantae,62207.0,C
267397302,2d3009f5-9390-44c8-8217-d5c7fe142b56,2025-03-28 16:06:44,2025-03-28,2025-03-28 20:06:44 UTC,Eastern Time (US & Canada),5612599,samsmithonearth,Samantha Smith,2025-03-28 20:07:04 UTC,2025-04-14 18:48:16 UTC,research,,https://www.inaturalist.org/observations/267397302,https://static.inaturalist.org/photos/480528587/medium.jpg,,,,1,0,False,843,"Hemingway St, New Haven, CT, US",41.3144420797,-72.8739511657,8.0,,,,8.0,,,False,,,hairy bittercress,Cardamine hirsuta,hairy bittercress,Plantae,55829.0,outside
267399073,99c39f8e-14dc-4f07-8de5-5e82d27b1989,2025-03-28 16:17:13,2025-03-28,2025-03-28 20:17:13 UTC,Eastern Time (US & Canada),5612599,samsmithonearth,Samantha Smith,2025-03-28 20:17:36 UTC,2025-04-14 18:55:11 UTC,research,,https://www.inaturalist.org/observations/267399073,https://static.inaturalist.org/photos/480531914/medium.jpg,,,,1,0,False,843,"Hemingway St, New Haven, CT, US",41.3143527952,-72.8738021369,3.0,,,,3.0,,open,False,,,eastern redcedar,Juniperus virginiana,eastern redcedar,Plantae,49399.0,Garden Boundary
267399135,6a5486e1-9a94-4a4b-80c1-25121dcaba12,2025-03-28 16:17:29,2025-03-28,2025-03-28 20:17:29 UTC,Eastern Time (US & Canada),5082106,mariposasquimnipiac,,2025-03-28 20:18:03 UTC,2025-04-14 18:55:19 UTC,research,CC-BY-NC,https://www.inaturalist.org/observations/267399135,https://inaturalist-open-data.s3.amazonaws.com/photos/480532150/medium.jpeg,,,,1,0,False,2,"Fair Haven Heights, New Haven, CT, USA",41.31427709,-72.87378393,7.0,,,,7.0,,open,False,,,eastern redcedar,Juniperus virginiana,eastern redcedar,Plantae,49399.0,Garden Boundary
267400122,dda0de39-1e43-4690-8c52-f2f756296d2b,2025-03-28 16:17:38,2025-03-28,2025-03-28 20:17:38 UTC,Eastern Time (US & Canada),5612599,samsmithonearth,Samantha Smith,2025-03-28 20:23:49 UTC,2025-03-31 15:30:43 UTC,needs_id,,https://www.inaturalist.org/observations/267400122,https://static.inaturalist.org/photos/480533908/medium.jpg,,,,0,0,False,843,"Hemingway St, New Haven, CT, US",41.3143754257,-72.8738610518,3.0,,,,3.0,,,False,,,shrubby St. John's-wort,Hypericum prolificum,shrubby St. John's-wort,Plantae,635325.0,Garden Boundary
267402772,3b82649d-ab46-4582-89bf-039e16c245d6,2025-03-28 16:26:14,2025-03-28,2025-03-28 20:26:14 UTC,Eastern Time (US & Canada),5612599,samsmithonearth,Samantha Smith,2025-03-28 20:41:03 UTC,2025-03-28 20:41:04 UTC,needs_id,,https://www.inaturalist.org/observations/267402772,https://static.inaturalist.org/photos/480539048/medium.jpg,,,,0,0,False,843,"Eastern St, New Haven, CT, US",41.3142974256,-72.8736729082,5.0,,,,5.0,,,False,,,,Ranunculus bulbosus,bulbous buttercup,Plantae,78820.0,outside
267408238,42a9bd06-34ab-4aa2-82a1-98a6fa684e53,2025-03-28 16:42:48,2025-03-28,2025-03-28 20:42:48 UTC,Eastern Time (US & Canada),5082106,mariposasquimnipiac,,2025-03-28 21:21:40 UTC,2025-12-23 15:12:46 UTC,needs_id,CC-BY-NC,https://www.inaturalist.org/observations/267408238,https://inaturalist-open-data.s3.amazonaws.com/photos/480550787/medium.jpeg,,,,1,0,False,2,"Fair Haven Heights, New Haven, CT, USA",41.31439947,-72.87379519,5.0,,,,5.0,,,False,,,"evening primroses, sundrops, and beeblossoms",Oenothera,"evening primroses, sundrops, and beeblossoms",Plantae,48626.0,A
267408288,c60d7ab0-e215-4e77-8cd1-2234e78dfee5,2025-03-28 17:21:39,2025-03-28,2025-03-28 21:21:39 UTC,Eastern Time (US & Canada),5082106,mariposasquimnipiac,,2025-03-28 21:22:00 UTC,2025-04-14 19:18:50 UTC,research,CC-BY-NC,https://www.inaturalist.org/observations/267408288,https://inaturalist-open-data.s3.amazonaws.com/photos/480550867/medium.jpeg,,,,1,0,False,2,"Fair Haven Heights, New Haven, CT, USA",41.31446693,-72.87387071,7.0,,,,7.0,,,False,,,foxglove beardtongue,Penstemon digitalis,foxglove beardtongue,Plantae,81942.0,Garden Boundary
267408304,a7dab9be-5080-46d3-af81-07b61bd5b0f4,2025-03-28 17:21:58,2025-03-28,2025-03-28 21:21:58 UTC,Eastern Time (US & Canada),5612599,samsmithonearth,Samantha Smith,2025-03-28 21:22:11 UTC,2025-04-11 03:47:14 UTC,research,,https://www.inaturalist.org/observations/267408304,https://static.inaturalist.org/photos/481512758/medium.jpg,,,,1,0,False,843,"Hemingway St, New Haven, CT, US",41.3143156671,-72.873867706,4.0,,,,4.0,,,False,,,Hyacinth,Hyacinthus orientalis,Hyacinth,Plantae,126637.0,Garden Boundary
269301316,579be349-3dc4-49f9-94c1-b5dddec25eec,2025-04-08 11:45:05,2025-04-08,2025-04-08 15:45:05 UTC,Eastern Time (US & Canada),5082106,mariposasquimnipiac,,2025-04-08 15:45:55 UTC,2025-04-08 15:46:03 UTC,needs_id,CC-BY-NC,https://www.inaturalist.org/observations/269301316,https://inaturalist-open-data.s3.amazonaws.com/photos/484188397/medium.jpeg,,,We planted it late last season and it's coming up spring,0,0,False,2,"Fair Haven Heights, New Haven, CT, USA",41.31448593,-72.87366248,6.0,,,,6.0,,,False,,,wild bergamot,Monarda fistulosa,wild bergamot,Plantae,85320.0,F
271277766,06e98df8-0c0e-4f21-a14c-85d8e179e061,2025-04-18 15:31:49,2025-04-18,2025-04-18 19:31:49 UTC,Eastern Time (US & Canada),5082106,mariposasquimnipiac,,2025-04-18 19:32:29 UTC,2025-06-21 01:28:15 UTC,research,CC-BY-NC,https://www.inaturalist.org/observations/271277766,https://inaturalist-open-data.s3.amazonaws.com/photos/487952346/medium.jpeg,,,,1,0,False,2,"Fair Haven Heights, New Haven, CT, USA",41.31403941,-72.8739153,8.0,,,,8.0,,,False,,,fennel,Foeniculum vulgare,fennel,Plantae,53052.0,Garden Boundary
272281636,31961f64-9dbf-4634-a7d7-87b39568cc02,2025-04-22 16:14:10,2025-04-22,2025-04-22 20:14:10 UTC,Eastern Time (US & Canada),5082106,mariposasquimnipiac,,2025-04-22 20:15:30 UTC,2025-04-22 20:15:39 UTC,needs_id,CC-BY-NC,https://www.inaturalist.org/observations/272281636,https://inaturalist-open-data.s3.amazonaws.com/photos/489844545/medium.jpeg,,,Is it calorie pear or cherry,0,0,False,2,"Fair Haven Heights, New Haven, CT, USA",41.31407867,-72.87376977,7.0,,,,7.0,,,False,,,Callery pear,Pyrus calleryana,Callery pear,Plantae,119793.0,Garden Boundary
273319742,9e59b4bd-3580-43b7-8071-efbd88049f15,2025-04-25 15:37:55,2025-04-25,2025-04-25 19:37:55 UTC,Eastern Time (US & Canada),5082106,mariposasquimnipiac,,2025-04-25 19:38:45 UTC,2025-05-05 01:51:04 UTC,research,CC-BY-NC,https://www.inaturalist.org/observations/273319742,https://inaturalist-open-data.s3.amazonaws.com/photos/491599896/medium.jpeg,,,Volunteer in our garden about 20 ft from other flocks,1,0,False,2,"Fair Haven Heights, New Haven, CT, USA",41.31443855,-72.87378337,4.0,,,,4.0,,,False,,,moss phlox,Phlox subulata,moss phlox,Plantae,68884.0,C
273373666,a98a79a9-f656-4a38-8d99-afd316262f88,2025-04-25 17:04:25,2025-04-25,2025-04-25 21:04:25 UTC,Eastern Time (US & Canada),5082106,mariposasquimnipiac,,2025-04-25 21:06:05 UTC,2025-05-14 16:25:41 UTC,research,CC-BY-NC,https://www.inaturalist.org/observations/273373666,https://inaturalist-open-data.s3.amazonaws.com/photos/491684691/medium.jpeg,,,"Looks like, comfrey to me but it's maybe 50 yards from the other plant",1,0,False,2,"Fair Haven Heights, New Haven, CT, USA",41.31427325,-72.87376888,15.0,,,,15.0,,,False,,,common comfrey,Symphytum officinale,common comfrey,Plantae,55724.0,Garden Boundary
273375620,ed56e52f-17c5-4518-8012-ddea67d6e255,2025-04-25 17:08:32,2025-04-25,2025-04-25 21:08:32 UTC,Eastern Time (US & Canada),5082106,mariposasquimnipiac,,2025-04-25 21:09:10 UTC,2025-04-26 00:14:15 UTC,research,CC-BY-NC,https://www.inaturalist.org/observations/273375620,https://inaturalist-open-data.s3.amazonaws.com/photos/491687620/medium.jpeg,,,Seems like we have a geranium volunteer,1,0,False,2,"Fair Haven Heights, New Haven, CT, USA",41.31432395,-72.8738081,10.0,,,,10.0,,,False,,,wild geranium,Geranium maculatum,wild geranium,Plantae,47699.0,Garden Boundary
273989197,2a858a10-4462-45c8-8380-1e13cf8212a1,2025-03-28 17:13:55,2025-03-28,2025-03-28 21:13:55 UTC,Eastern Time (US & Canada),5612599,samsmithonearth,Samantha Smith,2025-04-26 17:39:37 UTC,2025-04-26 17:39:38 UTC,needs_id,,https://www.inaturalist.org/observations/273989197,https://static.inaturalist.org/photos/492647987/medium.jpg,,,,0,0,False,843,"Hemingway St, New Haven, CT, US",41.3144369475,-72.8738275456,4.0,,,,4.0,,,False,,,,Zizia aurea,golden Alexanders,Plantae,83154.0,Garden Boundary
273989914,da8f2444-0ffc-47d7-a143-0725e6b1316d,2025-03-28 17:13:54,2025-03-28,2025-03-28 21:13:54 UTC,Eastern Time (US & Canada),5612599,samsmithonearth,Samantha Smith,2025-04-26 17:40:31 UTC,2025-04-26 17:40:32 UTC,needs_id,,https://www.inaturalist.org/observations/273989914,https://static.inaturalist.org/photos/492649184/medium.jpg,,,,0,0,False,843,"Hemingway St, New Haven, CT, US",41.3144366667,-72.8738283333,4.0,,,,4.0,,,False,,,,Zizia aurea,golden Alexanders,Plantae,83154.0,Garden Boundary
274984681,cd38609f-6fa7-4375-875f-286acfacc5dd,2025-04-27 16:02:17,2025-04-27,2025-04-27 20:02:17 UTC,Eastern Time (US & Canada),5082106,mariposasquimnipiac,,2025-04-27 20:02:43 UTC,2025-04-28 13:12:31 UTC,research,CC-BY-NC,https://www.inaturalist.org/observations/274984681,https://inaturalist-open-data.s3.amazonaws.com/photos/494227567/medium.jpeg,,,,1,0,False,2,"Fair Haven Heights, New Haven, CT, USA",41.31439461,-72.87380264,6.0,,,,6.0,,,False,,,northern green-and-gold,Chrysogonum virginianum,northern green-and-gold,Plantae,129314.0,A
274988365,a42b899b-de47-45ee-85b2-e024062bb445,2025-04-27 16:05:35,2025-04-27,2025-04-27 20:05:35 UTC,Eastern Time (US & Canada),5082106,mariposasquimnipiac,,2025-04-27 20:06:33 UTC,2025-04-27 20:06:40 UTC,needs_id,CC-BY-NC,https://www.inaturalist.org/observations/274988365,https://inaturalist-open-data.s3.amazonaws.com/photos/494233356/medium.jpeg,,,,0,0,False,2,"Fair Haven Heights, New Haven, CT, USA",41.31445184,-72.87373718,5.0,,,,5.0,,open,False,,,Whorled Coreopsis,Coreopsis verticillata,Whorled Coreopsis,Plantae,129322.0,Garden Boundary
274992148,14b2b1f1-16d4-47b8-b2e6-34ec10bee63b,2025-04-27 16:07:48,2025-04-27,2025-04-27 20:07:48 UTC,Eastern Time (US & Canada),5082106,mariposasquimnipiac,,2025-04-27 20:10:44 UTC,2025-04-27 20:11:04 UTC,needs_id,CC-BY-NC,https://www.inaturalist.org/observations/274992148,https://inaturalist-open-data.s3.amazonaws.com/photos/494239743/medium.jpeg,,,,0,0,False,2,"Fair Haven Heights, New Haven, CT, USA",41.31449782,-72.87375055,4.0,,,,4.0,,,False,,,Mulch Fieldcap,Agrocybe putaminum,Mulch Fieldcap,Fungi,343465.0,F
274993742,81c7e53c-d664-43ff-b5fd-44ed22494f85,2025-04-27 16:11:28,2025-04-27,2025-04-27 20:11:28 UTC,Eastern Time (US & Canada),5082106,mariposasquimnipiac,,2025-04-27 20:12:10 UTC,2025-05-01 19:00:54 UTC,research,CC-BY-NC,https://www.inaturalist.org/observations/274993742,https://inaturalist-open-data.s3.amazonaws.com/photos/494241688/medium.jpeg,,,,1,0,False,2,"Fair Haven Heights, New Haven, CT, USA",41.31448646,-72.873793,4.0,,,,4.0,,open,False,,,chokecherry,Prunus virginiana,chokecherry,Plantae,54835.0,Garden Boundary
274995743,e5e4dc05-cb7e-48f9-b79a-be25543be443,2025-04-27 16:12:09,2025-04-27,2025-04-27 20:12:09 UTC,Eastern Time (US & Canada),5082106,mariposasquimnipiac,,2025-04-27 20:14:05 UTC,2025-04-27 20:18:49 UTC,research,CC-BY-NC,https://www.inaturalist.org/observations/274995743,https://inaturalist-open-data.s3.amazonaws.com/photos/494244600/medium.jpeg,,,,1,0,False,2,"Fair Haven Heights, New Haven, CT, USA",41.3144783,-72.87380724,4.0,,,,4.0,,,False,,,common evening-primrose,Oenothera biennis,common evening-primrose,Plantae,62207.0,C
274996176,3ed03e80-75bb-48ac-8dc5-86de02b01ce9,2025-04-27 16:14:05,2025-04-27,2025-04-27 20:14:05 UTC,Eastern Time (US & Canada),5082106,mariposasquimnipiac,,2025-04-27 20:14:35 UTC,2025-04-27 20:18:38 UTC,research,CC-BY-NC,https://www.inaturalist.org/observations/274996176,https://inaturalist-open-data.s3.amazonaws.com/photos/494245135/medium.jpeg,,,,1,0,False,2,"Fair Haven Heights, New Haven, CT, USA",41.31445015,-72.87387073,5.0,,,,5.0,,,False,,,multiflora rose,Rosa multiflora,multiflora rose,Plantae,78882.0,D
277534103,1a9217e9-ecff-49c9-9793-2feed6bd3068,2025-05-01 18:44:55,2025-05-01,2025-05-01 22:44:55 UTC,Eastern Time (US & Canada),5082106,mariposasquimnipiac,,2025-05-01 22:45:45 UTC,2026-02-11 02:36:20 UTC,needs_id,CC-BY-NC,https://www.inaturalist.org/observations/277534103,https://inaturalist-open-data.s3.amazonaws.com/photos/498337312/medium.jpeg,,,,0,0,False,2,"Fair Haven Heights, New Haven, CT, USA",41.31428394,-72.87385024,7.0,,,,7.0,,,False,,,,Magnoliopsida,Dicots,Plantae,47124.0,Garden Boundary
277534391,21d1abab-b9ef-4f70-8b73-6a54982f4020,2025-05-01 18:45:59,2025-05-01,2025-05-01 22:45:59 UTC,Eastern Time (US & Canada),5082106,mariposasquimnipiac,,2025-05-01 22:46:25 UTC,2025-05-12 14:45:13 UTC,research,CC-BY-NC,https://www.inaturalist.org/observations/277534391,https://inaturalist-open-data.s3.amazonaws.com/photos/498337640/medium.jpeg,,,,1,0,False,2,"Fair Haven Heights, New Haven, CT, USA",41.31426003,-72.87381334,4.0,,,,4.0,,,False,,,blue phlox,Phlox divaricata,blue phlox,Plantae,81705.0,Garden Boundary
277536561,33c51e0e-a6bb-49e0-a00c-c8834cd2a8e8,2025-05-01 18:51:32,2025-05-01,2025-05-01 22:51:32 UTC,Eastern Time (US & Canada),5082106,mariposasquimnipiac,,2025-05-01 22:55:02 UTC,2026-02-19 22:13:40 UTC,needs_id,CC-BY-NC,https://www.inaturalist.org/observations/277536561,https://inaturalist-open-data.s3.amazonaws.com/photos/498341950/medium.jpeg,,,,1,0,False,2,"Fair Haven Heights, New Haven, CT, USA",41.31439451,-72.87393236,5.0,,,,5.0,,,False,,,"Lettuce, Chicory, Dandelion and Salsify Tribe",Cichorieae,"Lettuce, Chicory, Dandelion and Salsify Tribe",Plantae,359450.0,Garden Boundary
277537524,7afef243-d9d4-40f6-ab15-dd9a3dc08274,2025-05-01 18:58:00,2025-05-01,2025-05-01 22:58:00 UTC,Eastern Time (US & Canada),5082106,mariposasquimnipiac,,2025-05-01 22:58:43 UTC,2025-05-15 15:51:07 UTC,research,CC-BY-NC,https://www.inaturalist.org/observations/277537524,https://inaturalist-open-data.s3.amazonaws.com/photos/498870398/medium.jpeg,,,It's not what we planted but it's blooming,1,0,False,2,"Fair Haven Heights, New Haven, CT, USA",41.31445113,-72.87373111,4.0,,,,4.0,,open,False,,,bitter wintercress,Barbarea vulgaris,garden yellowrocket,Plantae,56126.0,Garden Boundary
277837500,10e8d913-a67f-44b3-a525-3492c05a5e1e,2025-05-02 16:57:51,2025-05-02,2025-05-02 20:57:51 UTC,Eastern Time (US & Canada),5082106,mariposasquimnipiac,,2025-05-02 20:58:37 UTC,2025-05-02 20:58:45 UTC,needs_id,CC-BY-NC,https://www.inaturalist.org/observations/277837500,https://inaturalist-open-data.s3.amazonaws.com/photos/498877472/medium.jpeg,,,Volunteer with nothing like it close by,0,0,False,2,"Fair Haven Heights, New Haven, CT, USA",41.31442638,-72.87377826,5.0,,,,5.0,,open,False,,,wild cherry,Prunus avium,wild cherry,Plantae,61964.0,Garden Boundary
281595747,bdd0ee51-799e-4885-a157-04a83daa95c3,2025-05-16 17:27:37,2025-05-16,2025-05-16 21:27:37 UTC,Eastern Time (US & Canada),5082106,mariposasquimnipiac,,2025-05-16 21:29:26 UTC,2025-12-04 18:33:54 UTC,needs_id,CC-BY-NC,https://www.inaturalist.org/observations/281595747,https://inaturalist-open-data.s3.amazonaws.com/photos/505874673/medium.jpg,,,,0,0,False,2,"Fair Haven Heights, New Haven, CT, USA",41.31440007,-72.87395772,4.0,,,,4.0,,,False,,,,Magnoliopsida,Dicots,Plantae,47124.0,Garden Boundary
281602613,522bbcd4-7019-4fa6-b3d6-45150d5d5a9b,2025-05-16 18:01:57,2025-05-16,2025-05-16 22:01:57 UTC,Eastern Time (US & Canada),5082106,mariposasquimnipiac,,2025-05-16 22:02:13 UTC,2025-05-22 00:09:01 UTC,research,CC-BY-NC,https://www.inaturalist.org/observations/281602613,https://inaturalist-open-data.s3.amazonaws.com/photos/505875440/medium.jpg,,,,1,0,False,2,"Fair Haven Heights, New Haven, CT, USA",41.31427888,-72.87374536,9.0,,,,9.0,,,False,,,wild geranium,Geranium maculatum,wild geranium,Plantae,47699.0,Garden Boundary
281602774,d923f2f0-c8cc-4c64-8915-623f2bf18b65,2025-05-16 18:02:20,2025-05-16,2025-05-16 22:02:20 UTC,Eastern Time (US & Canada),5082106,mariposasquimnipiac,,2025-05-16 22:02:55 UTC,2025-05-23 14:54:58 UTC,needs_id,CC-BY-NC,https://www.inaturalist.org/observations/281602774,https://inaturalist-open-data.s3.amazonaws.com/photos/505875854/medium.jpg,,,,0,0,False,2,"Fair Haven Heights, New Haven, CT, USA",41.31426323,-72.87377701,5.0,,,,5.0,,,False,,,,Viburnum,viburnums,Plantae,54774.0,Garden Boundary
281603021,067bd703-4b97-463e-8eb2-dba35c51758c,2025-05-16 18:02:57,2025-05-16,2025-05-16 22:02:57 UTC,Eastern Time (US & Canada),5082106,mariposasquimnipiac,,2025-05-16 22:03:44 UTC,2025-05-16 22:03:57 UTC,needs_id,CC-BY-NC,https://www.inaturalist.org/observations/281603021,https://inaturalist-open-data.s3.amazonaws.com/photos/505876255/medium.jpg,,,We thought we planted a high Bush cranberry,0,0,False,2,"Fair Haven Heights, New Haven, CT, USA",41.31426217,-72.8738007,4.0,,,,4.0,,,False,,,guelder-rose,Viburnum opulus,guelder-rose,Plantae,55969.0,Garden Boundary
285442580,ce253a86-6811-4675-81c7-398205364746,2025-05-30 17:02:50,2025-05-30,2025-05-30 21:02:50 UTC,Eastern Time (US & Canada),5082106,mariposasquimnipiac,,2025-05-30 21:04:21 UTC,2025-06-14 23:01:25 UTC,research,CC-BY-NC,https://www.inaturalist.org/observations/285442580,https://inaturalist-open-data.s3.amazonaws.com/photos/515249643/medium.jpg,,,I couldn't see the head area but I think it's the Asian,1,0,False,2,"Fair Haven Heights, New Haven, CT, USA",41.31432638,-72.87380591,6.0,,,,6.0,,,False,,,Asian Lady Beetle,Harmonia axyridis,Asian Lady Beetle,Insecta,48484.0,Garden Boundary
286600755,c11d6577-b2e7-4eb1-9683-f5c975caf034,2025-06-03 14:12:03,2025-06-03,2025-06-03 18:12:03 UTC,Eastern Time (US & Canada),5082106,mariposasquimnipiac,,2025-06-03 18:12:49 UTC,2025-06-04 14:38:12 UTC,needs_id,CC-BY-NC,https://www.inaturalist.org/observations/286600755,https://inaturalist-open-data.s3.amazonaws.com/photos/515638393/medium.jpg,,,,0,0,False,2,"Fair Haven Heights, New Haven, CT, USA",41.31450955,-72.87387222,9.0,,,,9.0,,,False,,,common wrinkle-leaved goldenrod,Solidago rugosa,common wrinkle-leaved goldenrod,Plantae,128551.0,outside
289332660,95499c10-f35c-44dc-af3c-5fea49314403,2025-06-13 15:07:37,2025-06-13,2025-06-13 19:07:37 UTC,Eastern Time (US & Canada),5082106,mariposasquimnipiac,,2025-06-13 19:08:04 UTC,2025-06-24 22:53:58 UTC,research,CC-BY-NC,https://www.inaturalist.org/observations/289332660,https://inaturalist-open-data.s3.amazonaws.com/photos/521475044/medium.jpg,,,,1,0,False,2,"Fair Haven Heights, New Haven, CT, USA",41.31452251,-72.87377459,9.0,,,,9.0,,open,False,,,common yarrow,Achillea millefolium,common yarrow,Plantae,52821.0,outside
291045230,fadeee4c-70b3-4bc0-a08d-82c65fc902de,2025-06-19 17:31:33,2025-06-19,2025-06-19 21:31:33 UTC,Eastern Time (US & Canada),5082106,mariposasquimnipiac,,2025-06-19 21:32:04 UTC,2025-06-20 19:47:08 UTC,needs_id,CC-BY-NC,https://www.inaturalist.org/observations/291045230,https://inaturalist-open-data.s3.amazonaws.com/photos/524074196/medium.jpg,,,,0,0,False,2,"Fair Haven Heights, New Haven, CT, USA",41.31432293,-72.87409831,6.0,,,,6.0,,open,False,,,northern catalpa,Catalpa speciosa,northern catalpa,Plantae,76158.0,Garden Boundary
291285503,b07d2779-b60d-49e2-a321-6595d010f14c,2025-06-20 15:47:04,2025-06-20,2025-06-20 19:47:04 UTC,Eastern Time (US & Canada),5082106,mariposasquimnipiac,,2025-06-20 19:47:46 UTC,2025-06-20 19:49:33 UTC,needs_id,CC-BY-NC,https://www.inaturalist.org/observations/291285503,https://inaturalist-open-data.s3.amazonaws.com/photos/524075242/medium.jpg,,,That's weird is coming up everywhere in our new semi Garden,0,0,False,2,"Fair Haven Heights, New Haven, CT, USA",41.31449651,-72.87372185,7.0,,,,7.0,,,False,,,Common Lambsquarters,Chenopodium album,Common Lambsquarters,Plantae,58127.0,F
291331328,68d8cebb-e6ea-4c98-9203-6e3e8c2d435b,2025-06-20 16:52:16,2025-06-20,2025-06-20 20:52:16 UTC,Eastern Time (US & Canada),5082106,mariposasquimnipiac,,2025-06-20 23:07:55 UTC,2025-06-20 23:08:03 UTC,needs_id,CC-BY-NC,https://www.inaturalist.org/observations/291331328,https://inaturalist-open-data.s3.amazonaws.com/photos/524162279/medium.jpg,,,Looks more like Humphrey to me,0,0,False,2,"Fair Haven Heights, New Haven, CT, USA",41.31417793,-72.87378479,5.0,,,,5.0,,,False,,,white vervain,Verbena urticifolia,white vervain,Plantae,129278.0,E
292737228,3ce82ead-cf72-4042-a860-1a9111d72c5d,2025-06-25 18:53:14,2025-06-25,2025-06-25 22:53:14 UTC,Eastern Time (US & Canada),5082106,mariposasquimnipiac,,2025-06-25 22:54:16 UTC,2025-06-25 22:55:52 UTC,needs_id,CC-BY-NC,https://www.inaturalist.org/observations/292737228,https://inaturalist-open-data.s3.amazonaws.com/photos/526831236/medium.jpg,,,,0,0,False,2,"Fair Haven Heights, New Haven, CT, USA",41.31446846,-72.87372326,5.0,,,,5.0,,,False,,,wild bergamot,Monarda fistulosa,wild bergamot,Plantae,85320.0,F
292737645,72ca2c99-bc23-48e7-9603-386cdcd1a512,2025-06-25 18:55:48,2025-06-25,2025-06-25 22:55:48 UTC,Eastern Time (US & Canada),5082106,mariposasquimnipiac,,2025-06-25 22:56:06 UTC,2025-07-06 01:23:07 UTC,research,CC-BY-NC,https://www.inaturalist.org/observations/292737645,https://inaturalist-open-data.s3.amazonaws.com/photos/526831332/medium.jpg,,,,1,0,False,2,"Fair Haven Heights, New Haven, CT, USA",41.31432024,-72.87381452,7.0,,,,7.0,,open,False,,,Eastern Cottonwood,Populus deltoides,Eastern Cottonwood,Plantae,52119.0,Garden Boundary
292737878,3232997e-8529-435c-a645-a608dfcd947a,2025-06-25 18:56:50,2025-06-25,2025-06-25 22:56:50 UTC,Eastern Time (US & Canada),5082106,mariposasquimnipiac,,2025-06-25 22:57:32 UTC,2025-06-25 22:57:38 UTC,needs_id,CC-BY-NC,https://www.inaturalist.org/observations/292737878,https://inaturalist-open-data.s3.amazonaws.com/photos/526831775/medium.jpg,,,We have lots of baby oak trees popping up in the pollinator Garden.,0,0,False,2,"Fair Haven Heights, New Haven, CT, USA",41.31429852,-72.8737894,8.0,,,,8.0,,open,False,,,northern red oak,Quercus rubra,northern red oak,Plantae,49005.0,Garden Boundary
293605256,39cefa1b-8010-428b-ba2b-9b6f4a8b7142,2025-06-13 16:26:23,2025-06-13,2025-06-13 20:26:23 UTC,Eastern Time (US & Canada),5612599,samsmithonearth,Samantha Smith,2025-06-29 02:27:51 UTC,2025-11-01 18:21:17 UTC,research,,https://www.inaturalist.org/observations/293605256,https://static.inaturalist.org/photos/528424391/medium.jpg,,,,1,0,False,843,"Eastern St, New Haven, CT, US",41.3143465374,-72.87414114,51.0,,,,51.0,,,False,,,Pale Green Assassin Bug,Zelus luridus,Pale Green Assassin Bug,Insecta,129423.0,outside
295198403,14a1b59e-0881-46a6-bb94-31205794775f,2025-07-04 15:53:24,2025-07-04,2025-07-04 19:53:24 UTC,Eastern Time (US & Canada),5082106,mariposasquimnipiac,,2025-07-04 19:54:11 UTC,2025-08-30 22:54:56 UTC,research,CC-BY-NC,https://www.inaturalist.org/observations/295198403,https://inaturalist-open-data.s3.amazonaws.com/photos/531418277/medium.jpg,,,,1,0,False,2,"Fair Haven Heights, New Haven, CT, USA",41.31418497,-72.8738666,6.0,,,,6.0,,open,False,,,american witch-hazel,Hamamelis virginiana,common witch-hazel,Plantae,51970.0,Garden Boundary
296777364,30ee81a7-cc93-43f6-b1c4-03776a851043,2025-06-13 15:35:45,2025-06-13,2025-06-13 19:35:45 UTC,Eastern Time (US & Canada),5612599,samsmithonearth,Samantha Smith,2025-07-10 15:18:02 UTC,2026-02-22 19:27:01 UTC,research,,https://www.inaturalist.org/observations/296777364,https://static.inaturalist.org/photos/534418396/medium.jpg,,,,1,0,False,843,"Eastern St, New Haven, CT, US",41.314550846,-72.8736551535,7.0,,,,7.0,,open,False,,,garden yellowrocket,Barbarea vulgaris,garden yellowrocket,Plantae,56126.0,outside
296777395,cf47e304-00a8-498f-946b-7838b62b544e,2025-06-13 15:36:35,2025-06-13,2025-06-13 19:36:35 UTC,Eastern Time (US & Canada),5612599,samsmithonearth,Samantha Smith,2025-07-10 15:18:15 UTC,2025-07-10 15:18:16 UTC,needs_id,,https://www.inaturalist.org/observations/296777395,https://static.inaturalist.org/photos/534418479/medium.jpg,,,,0,0,False,843,"Hemingway St, New Haven, CT, US",41.3144809129,-72.873739505,6.0,,,,6.0,,open,False,,,,Geranium carolinianum,Carolina crane's-bill,Plantae,58917.0,F
296777425,b5bc5da9-f888-4a08-b70d-922b0bd0f9d4,2025-06-13 16:03:04,2025-06-13,2025-06-13 20:03:04 UTC,Eastern Time (US & Canada),5612599,samsmithonearth,Samantha Smith,2025-07-10 15:18:25 UTC,2025-10-08 06:27:44 UTC,needs_id,,https://www.inaturalist.org/observations/296777425,https://static.inaturalist.org/photos/534418548/medium.jpg,,,,2,0,False,843,"Eastern St, New Haven, CT, US",41.314356518,-72.8738268838,4.0,,,,4.0,,,False,,,Zadontomerus,Zadontomerus,,Insecta,468067.0,Garden Boundary
296777462,7ff69f3a-1ca5-43a9-8760-67df09a31401,2025-06-13 16:11:33,2025-06-13,2025-06-13 20:11:33 UTC,Eastern Time (US & Canada),5612599,samsmithonearth,Samantha Smith,2025-07-10 15:18:36 UTC,2025-07-10 20:13:49 UTC,research,,https://www.inaturalist.org/observations/296777462,https://static.inaturalist.org/photos/534418630/medium.jpg,,,,1,0,False,843,"Eastern St, New Haven, CT, US",41.3144194341,-72.8737748246,7.0,,,,7.0,,,False,,,sweet everlasting,Pseudognaphalium obtusifolium,sweet everlasting,Plantae,143859.0,Garden Boundary
298662973,694032b9-0657-48f6-8df2-aa9f9dd7a402,2025-06-13 16:29:42,2025-06-13,2025-06-13 20:29:42 UTC,Eastern Time (US & Canada),5612599,samsmithonearth,Samantha Smith,2025-07-17 13:36:33 UTC,2025-07-17 16:01:39 UTC,research,,https://www.inaturalist.org/observations/298662973,https://static.inaturalist.org/photos/538001802/medium.jpg,,,,1,0,False,843,"Eastern St, New Haven, CT, US",41.3144200085,-72.873989149,14.0,,,,14.0,,,False,,,Asian Lady Beetle,Harmonia axyridis,Asian Lady Beetle,Insecta,48484.0,outside
298663718,41c4a250-39c9-47c2-bd63-9c36dfeec628,2025-06-13 16:42:46,2025-06-13,2025-06-13 20:42:46 UTC,Eastern Time (US & Canada),5612599,samsmithonearth,Samantha Smith,2025-07-17 13:39:54 UTC,2025-11-13 20:30:29 UTC,research,,https://www.inaturalist.org/observations/298663718,https://static.inaturalist.org/photos/538003146/medium.jpg,,,,1,0,False,843,"Eastern St, New Haven, CT, US",41.3142355618,-72.8739856555,7.0,,,,7.0,,open,False,,,staghorn sumac,Rhus typhina,staghorn sumac,Plantae,167829.0,Garden Boundary
298663813,cdc8da61-2a77-4a5e-80e5-7d08299a0a63,2025-06-13 16:49:28,2025-06-13,2025-06-13 20:49:28 UTC,Eastern Time (US & Canada),5612599,samsmithonearth,Samantha Smith,2025-07-17 13:40:35 UTC,2025-07-17 13:40:36 UTC,needs_id,,https://www.inaturalist.org/observations/298663813,https://static.inaturalist.org/photos/538003348/medium.jpg,,,,0,0,False,843,"Eastern St, New Haven, CT, US",41.3145332283,-72.8735766196,41.0,,,,41.0,,,False,,,,Gymnosporangium globosum,Cedar-Hawthorn Rust,Fungi,143218.0,outside
298663846,84326e37-c343-4c94-b923-7ea2c284fd66,2025-06-13 16:56:47,2025-06-13,2025-06-13 20:56:47 UTC,Eastern Time (US & Canada),5612599,samsmithonearth,Samantha Smith,2025-07-17 13:40:50 UTC,2025-07-22 03:37:50 UTC,needs_id,,https://www.inaturalist.org/observations/298663846,https://static.inaturalist.org/photos/538003419/medium.jpg,,,,1,0,False,843,"Eastern St, New Haven, CT, US",41.3144481696,-72.8738937554,18.0,,,,18.0,,,False,,,Gasteruption,Gasteruption,,Insecta,250313.0,Garden Boundary
298727529,3121d5fe-6372-44d0-889a-acd070309157,2025-07-17 14:09:13,2025-07-17,2025-07-17 18:09:13 UTC,Eastern Time (US & Canada),5082106,mariposasquimnipiac,,2025-07-17 18:09:56 UTC,2025-07-18 01:01:11 UTC,research,CC-BY-NC,https://www.inaturalist.org/observations/298727529,https://inaturalist-open-data.s3.amazonaws.com/photos/538122529/medium.jpg,,,I thought it would be Queen Anne's lace but it isn't,1,0,False,2,"Fair Haven Heights, New Haven, CT, USA",41.31441977,-72.87392347,8.0,,,,8.0,,,False,,,wild carrot,Daucus carota,Queen Anne's lace,Plantae,76610.0,Garden Boundary
298732616,2a8d0454-c3b7-4aae-922c-9706e6d7e4e0,2025-07-17 14:28:47,2025-07-17,2025-07-17 18:28:47 UTC,Eastern Time (US & Canada),5082106,mariposasquimnipiac,,2025-07-17 18:30:01 UTC,2025-07-17 18:30:27 UTC,needs_id,CC-BY-NC,https://www.inaturalist.org/observations/298732616,https://inaturalist-open-data.s3.amazonaws.com/photos/538132370/medium.jpg,,,We planted three goldenrods but this doesn't look like any of them,0,0,False,2,"Fair Haven Heights, New Haven, CT, USA",41.31440594,-72.87385897,5.0,,,,5.0,,,False,,,elm-leaved goldenrod,Solidago ulmifolia,elm-leaved goldenrod,Plantae,129599.0,A
298734923,16a412b7-feeb-4832-ba1f-736cb06b43af,2025-07-17 14:38:50,2025-07-17,2025-07-17 18:38:50 UTC,Eastern Time (US & Canada),5082106,mariposasquimnipiac,,2025-07-17 18:39:36 UTC,2026-04-01 23:05:39 UTC,needs_id,CC-BY-NC,https://www.inaturalist.org/observations/298734923,https://inaturalist-open-data.s3.amazonaws.com/photos/538137272/medium.jpg,,,Must have planted by seed from nearby,0,0,False,2,"Fair Haven Heights, New Haven, CT, USA",41.31448843,-72.87382381,6.0,,,,6.0,,,False,,,stiff-leaved goldenrod,Solidago rigida,stiff-leaved goldenrod,Plantae,125721.0,Garden Boundary
299000437,dcac26d8-88a6-4a81-8c20-9cf1aecf485f,2025-07-18 15:33:14,2025-07-18,2025-07-18 19:33:14 UTC,Eastern Time (US & Canada),5082106,mariposasquimnipiac,,2025-07-18 19:34:11 UTC,2025-07-18 19:34:20 UTC,needs_id,CC-BY-NC,https://www.inaturalist.org/observations/299000437,https://inaturalist-open-data.s3.amazonaws.com/photos/538644272/medium.jpg,,,,0,0,False,2,"Fair Haven Heights, New Haven, CT, USA",41.31447902,-72.87372896,4.0,,,,4.0,,,False,,,hairy white oldfield aster,Symphyotrichum pilosum,hairy white oldfield aster,Plantae,142279.0,F
301023226,435c8989-4d0b-4793-b144-0c718fbb8c6a,2025-07-25 16:01:09,2025-07-25,2025-07-25 20:01:09 UTC,Eastern Time (US & Canada),5082106,mariposasquimnipiac,,2025-07-25 20:02:06 UTC,2025-07-25 20:12:25 UTC,needs_id,CC-BY-NC,https://www.inaturalist.org/observations/301023226,https://inaturalist-open-data.s3.amazonaws.com/photos/542420545/medium.jpg,,,,0,0,False,2,"Fair Haven Heights, New Haven, CT, USA",41.31436658,-72.87374168,4.0,,,,4.0,,,False,,,border privet,Ligustrum obtusifolium,border privet,Plantae,204160.0,Garden Boundary
301037864,f47f4235-c91a-4c93-9a83-2cb5f179e825,2025-07-25 17:08:47,2025-07-25,2025-07-25 21:08:47 UTC,Eastern Time (US & Canada),5082106,mariposasquimnipiac,,2025-07-25 21:09:05 UTC,2025-07-25 21:16:00 UTC,needs_id,CC-BY-NC,https://www.inaturalist.org/observations/301037864,https://inaturalist-open-data.s3.amazonaws.com/photos/542446493/medium.jpg,,,,0,0,False,2,"Fair Haven Heights, New Haven, CT, USA",41.3143063,-72.87382529,4.0,,,,4.0,,,False,,,privets,Ligustrum,privets,Plantae,69819.0,Garden Boundary
301039420,85503f99-20cd-47ee-8971-3a203947d916,2025-07-25 17:16:25,2025-07-25,2025-07-25 21:16:25 UTC,Eastern Time (US & Canada),5082106,mariposasquimnipiac,,2025-07-25 21:17:03 UTC,2025-07-25 21:22:42 UTC,needs_id,CC-BY-NC,https://www.inaturalist.org/observations/301039420,https://inaturalist-open-data.s3.amazonaws.com/photos/542449198/medium.jpg,,,This is a volunteer Oak in our chip pile. If it is disease should I destroy it?,0,0,False,2,"Fair Haven Heights, New Haven, CT, USA",41.31437837,-72.87372866,5.0,,,,5.0,,,False,,,Oak Anthracnose,Apiognomonia errabunda,Oak Anthracnose,Fungi,381266.0,Garden Boundary
301040729,307b2885-fb65-4e64-994d-89b1b278356f,2025-07-25 17:23:45,2025-07-25,2025-07-25 21:23:45 UTC,Eastern Time (US & Canada),5082106,mariposasquimnipiac,,2025-07-25 21:23:59 UTC,2025-07-25 21:24:05 UTC,needs_id,CC-BY-NC,https://www.inaturalist.org/observations/301040729,https://inaturalist-open-data.s3.amazonaws.com/photos/542449823/medium.jpg,,,,0,0,False,2,"Fair Haven Heights, New Haven, CT, USA",41.31436919,-72.8737568,7.0,,,,7.0,,open,False,,,narrowleaf mountainmint,Pycnanthemum tenuifolium,narrowleaf mountainmint,Plantae,126891.0,Garden Boundary
301042570,0aeaf1ee-9c40-4409-88b0-54393aeeb91e,2025-07-25 17:31:15,2025-07-25,2025-07-25 21:31:15 UTC,Eastern Time (US & Canada),5082106,mariposasquimnipiac,,2025-07-25 21:31:56 UTC,2025-07-25 21:32:02 UTC,needs_id,CC-BY-NC,https://www.inaturalist.org/observations/301042570,https://inaturalist-open-data.s3.amazonaws.com/photos/542453487/medium.jpg,,,,0,0,False,2,"Fair Haven Heights, New Haven, CT, USA",41.31430332,-72.87392329,5.0,,,,5.0,,open,False,,,common jewelweed,Impatiens capensis,common jewelweed,Plantae,47888.0,Garden Boundary
302971203,f019a387-b0c8-4020-85c6-dd6c6802f802,2025-07-29 10:11:17,2025-07-29,2025-07-29 14:11:17 UTC,Eastern Time (US & Canada),5612599,samsmithonearth,Samantha Smith,2025-08-01 22:03:18 UTC,2025-08-01 22:03:19 UTC,needs_id,,https://www.inaturalist.org/observations/302971203,https://static.inaturalist.org/photos/546043325/medium.jpg,,,,0,0,False,843,"Russell St, New Haven, CT, US",41.314375,-72.8740716667,64.0,,,,64.0,,,False,,,,Diogmites neoternatus,Plain-tailed Hanging Thief,Insecta,61665.0,Garden Boundary
302971269,029cfc00-9e21-4e52-a742-db4264083dd8,2025-07-24 09:31:21,2025-07-24,2025-07-24 13:31:21 UTC,Eastern Time (US & Canada),5612599,samsmithonearth,Samantha Smith,2025-08-01 22:03:34 UTC,2025-08-01 22:03:35 UTC,needs_id,,https://www.inaturalist.org/observations/302971269,https://static.inaturalist.org/photos/546043435/medium.jpg,,,,0,0,False,843,"Eastern St, New Haven, CT, US",41.3143798468,-72.8738816903,7.0,,,,7.0,,,False,,,,Corythucha marmorata,Chrysanthemum Lace Bug,Insecta,320845.0,B
304806161,f1a80021-0ffb-463d-a463-16bda278c185,2025-08-08 16:43:01,2025-08-08,2025-08-08 20:43:01 UTC,Eastern Time (US & Canada),5082106,mariposasquimnipiac,,2025-08-08 20:44:54 UTC,2025-08-08 20:45:02 UTC,needs_id,CC-BY-NC,https://www.inaturalist.org/observations/304806161,https://inaturalist-open-data.s3.amazonaws.com/photos/549519284/medium.jpg,,,Volunteer in native plant pollinator Garden ...  With planted some 100 or so feet away but they didn't flourish,0,0,False,2,"Fair Haven Heights, New Haven, CT, USA",41.31420086,-72.87384729,7.0,,,,7.0,,open,False,,,flat-top white aster,Doellingeria umbellata,flat-top white aster,Plantae,120179.0,E
304806612,1fa87e06-3147-4f0a-a578-dcb944c72e04,2025-08-08 16:44:53,2025-08-08,2025-08-08 20:44:53 UTC,Eastern Time (US & Canada),5082106,mariposasquimnipiac,,2025-08-08 20:47:19 UTC,2025-08-08 20:57:05 UTC,research,CC-BY-NC,https://www.inaturalist.org/observations/304806612,https://inaturalist-open-data.s3.amazonaws.com/photos/549520383/medium.jpg,,,Weed that we don't want,1,0,False,2,"Fair Haven Heights, New Haven, CT, USA",41.31414031,-72.87379669,9.0,,,,9.0,,,False,,,American pokeweed,Phytolacca americana,American pokeweed,Plantae,48599.0,Garden Boundary
304818984,3c63d36b-9469-4762-9767-daccebbd1494,2025-08-08 16:55:38,2025-08-08,2025-08-08 20:55:38 UTC,Eastern Time (US & Canada),5082106,mariposasquimnipiac,,2025-08-08 21:47:15 UTC,2026-02-15 10:42:41 UTC,needs_id,CC-BY-NC,https://www.inaturalist.org/observations/304818984,https://inaturalist-open-data.s3.amazonaws.com/photos/549543963/medium.jpg,,,,0,0,False,2,"Fair Haven Heights, New Haven, CT, USA",41.31424582,-72.87384906,7.0,,,,7.0,,,False,,,,Magnoliopsida,Dicots,Plantae,47124.0,Garden Boundary
304820785,cf07c548-12d5-48a0-9be4-9a8a27b448bc,2025-08-08 17:56:45,2025-08-08,2025-08-08 21:56:45 UTC,Eastern Time (US & Canada),5082106,mariposasquimnipiac,,2025-08-08 21:57:09 UTC,2025-08-08 22:03:47 UTC,needs_id,CC-BY-NC,https://www.inaturalist.org/observations/304820785,https://inaturalist-open-data.s3.amazonaws.com/photos/549549653/medium.jpg,,,,0,0,False,2,"Fair Haven Heights, New Haven, CT, USA",41.31450316,-72.87378732,4.0,,,,4.0,,open,False,,,flat-top white aster,Doellingeria umbellata,flat-top white aster,Plantae,120179.0,Garden Boundary
304822256,633e1c31-2102-4614-b30d-eea1e97605cb,2025-08-08 17:57:32,2025-08-08,2025-08-08 21:57:32 UTC,Eastern Time (US & Canada),5082106,mariposasquimnipiac,,2025-08-08 22:03:49 UTC,2025-08-10 20:39:06 UTC,needs_id,CC-BY-NC,https://www.inaturalist.org/observations/304822256,https://inaturalist-open-data.s3.amazonaws.com/photos/550545121/medium.jpg,,,It seems to be coming up everywhere!,0,0,False,2,"Fair Haven Heights, New Haven, CT, USA",41.31450062,-72.87378645,4.0,,,,4.0,,,False,,,Common Lambsquarters,Chenopodium album,Common Lambsquarters,Plantae,58127.0,Garden Boundary
305350141,1906abfa-a74a-490e-93ea-a970c45b92fc,2025-08-10 16:39:02,2025-08-10,2025-08-10 20:39:02 UTC,Eastern Time (US & Canada),5082106,mariposasquimnipiac,,2025-08-10 20:40:09 UTC,2026-01-02 19:45:14 UTC,needs_id,CC-BY-NC,https://www.inaturalist.org/observations/305350141,https://inaturalist-open-data.s3.amazonaws.com/photos/550545744/medium.jpg,,,Every time I see a new tree I'm sure hoping it's sumac and not tree of heaven. This bark is more smooth but the photo comes up with sumac ID. Yay,1,0,False,2,"Fair Haven Heights, New Haven, CT, USA",41.31426614,-72.87409861,4.0,,,,4.0,,open,False,,,staghorn sumac,Rhus typhina,staghorn sumac,Plantae,167829.0,outside
305350457,ddc52ae4-33ca-4385-9a97-e1592f3bc729,2025-08-10 16:40:22,2025-08-10,2025-08-10 20:40:22 UTC,Eastern Time (US & Canada),5082106,mariposasquimnipiac,,2025-08-10 20:41:04 UTC,2025-09-20 21:57:43 UTC,research,CC-BY-NC,https://www.inaturalist.org/observations/305350457,https://inaturalist-open-data.s3.amazonaws.com/photos/550547664/medium.jpg,,,Oh no! It is big and among two sumac trees,1,0,False,2,"Fair Haven Heights, New Haven, CT, USA",41.31433048,-72.87407039,5.0,,,,5.0,,,False,,,Porcelain Berry,Ampelopsis glandulosa,Porcelain Berry,Plantae,204237.0,Garden Boundary
305351123,e62fb813-d185-425d-bb1f-003cf8146d1c,2025-08-10 16:42:40,2025-08-10,2025-08-10 20:42:40 UTC,Eastern Time (US & Canada),5082106,mariposasquimnipiac,,2025-08-10 20:43:39 UTC,2025-08-10 20:43:48 UTC,needs_id,CC-BY-NC,https://www.inaturalist.org/observations/305351123,https://inaturalist-open-data.s3.amazonaws.com/photos/550547726/medium.jpg,,,I have never seen these long tendrils. I guess they are seed pods,0,0,False,2,"Fair Haven Heights, New Haven, CT, USA",41.31424443,-72.87413027,4.0,,,,4.0,,open,False,,,northern catalpa,Catalpa speciosa,northern catalpa,Plantae,76158.0,outside
305353932,acfef85d-ad37-4838-a208-0042f46d46d9,2025-08-10 16:53:01,2025-08-10,2025-08-10 20:53:01 UTC,Eastern Time (US & Canada),5082106,mariposasquimnipiac,,2025-08-10 20:55:06 UTC,2025-08-10 20:58:49 UTC,needs_id,CC-BY-NC,https://www.inaturalist.org/observations/305353932,https://inaturalist-open-data.s3.amazonaws.com/photos/550555301/medium.jpg,,,Another invasive plant volunteering,0,0,False,2,"Fair Haven Heights, New Haven, CT, USA",41.31418401,-72.87374661,8.0,,,,8.0,,open,False,,,false aster,Boltonia asteroides,false aster,Plantae,159305.0,Garden Boundary
306570358,b4f141b1-391b-4ec8-9c40-b625bfda16cc,2025-08-15 16:21:40,2025-08-15,2025-08-15 20:21:40 UTC,Eastern Time (US & Canada),5082106,mariposasquimnipiac,,2025-08-15 20:23:21 UTC,2025-08-15 20:23:27 UTC,needs_id,CC-BY-NC,https://www.inaturalist.org/observations/306570358,https://inaturalist-open-data.s3.amazonaws.com/photos/552873298/medium.jpg,,,"I know it's native and birds love it, but I'm tired of finding it in our pollinator Garden where kids and dogs frequent",0,0,False,2,"Fair Haven Heights, New Haven, CT, USA",41.31432989,-72.87379792,4.0,,,,4.0,,,False,,,eastern poison ivy,Toxicodendron radicans,eastern poison ivy,Plantae,58732.0,Garden Boundary
307117192,b7f8d4eb-a213-4312-ab2c-a0a7e2b91496,2025-08-17 16:54:04,2025-08-17,2025-08-17 20:54:04 UTC,Eastern Time (US & Canada),5082106,mariposasquimnipiac,,2025-08-17 20:54:56 UTC,2025-08-18 01:07:00 UTC,research,CC-BY-NC,https://www.inaturalist.org/observations/307117192,https://inaturalist-open-data.s3.amazonaws.com/photos/553909600/medium.jpg,,,Definitely some kind of sumac volunteering in our garden,1,0,False,2,"Fair Haven Heights, New Haven, CT, USA",41.31425728,-72.87409227,7.0,,,,7.0,,open,False,,,staghorn sumac,Rhus typhina,staghorn sumac,Plantae,167829.0,outside
307117600,ae2eff89-7659-417c-a8c9-3f6b9e60d0ec,2025-08-17 16:55:47,2025-08-17,2025-08-17 20:55:47 UTC,Eastern Time (US & Canada),5082106,mariposasquimnipiac,,2025-08-17 20:56:21 UTC,2025-08-17 20:56:26 UTC,needs_id,CC-BY-NC,https://www.inaturalist.org/observations/307117600,https://inaturalist-open-data.s3.amazonaws.com/photos/553910308/medium.jpg,,,"Definitely some kind of maple, I'm just guessing this is the best match.",0,0,False,2,"Fair Haven Heights, New Haven, CT, USA",41.3142396,-72.87410762,9.0,,,,9.0,,open,False,,,red maple,Acer rubrum,red maple,Plantae,48098.0,outside
307117848,3e43ad6e-5238-4990-8821-be6f6542cd02,2025-08-17 16:56:27,2025-08-17,2025-08-17 20:56:27 UTC,Eastern Time (US & Canada),5082106,mariposasquimnipiac,,2025-08-17 20:56:56 UTC,2025-08-18 12:28:30 UTC,research,CC-BY-NC,https://www.inaturalist.org/observations/307117848,https://inaturalist-open-data.s3.amazonaws.com/photos/553914639/medium.jpg,,,Another invasive plant popping up,2,0,False,2,"Fair Haven Heights, New Haven, CT, USA",41.31425434,-72.87408613,6.0,,,,6.0,,,False,,,American pokeweed,Phytolacca americana,American pokeweed,Plantae,48599.0,outside
307749572,a9e7ddc1-3168-4e4a-b24f-52cd90db0b60,2025-08-20 10:37:53,2025-08-20,2025-08-20 14:37:53 UTC,Eastern Time (US & Canada),5082106,mariposasquimnipiac,,2025-08-20 14:38:54 UTC,2025-08-23 12:57:01 UTC,research,CC-BY-NC,https://www.inaturalist.org/observations/307749572,https://inaturalist-open-data.s3.amazonaws.com/photos/555829265/medium.jpg,,,Growing wild in the grass on the vacant lot. I don't recall seeing it earlier than mid-august this year 2025,1,0,False,2,"Fair Haven Heights, New Haven, CT, USA",41.31431865,-72.87363824,5.0,,,,5.0,,,False,,,chicory,Cichorium intybus,chicory,Plantae,52913.0,outside
308269389,d96f2a59-eb9b-471c-9ac9-ef7e799f1cfa,2025-08-22 16:13:24,2025-08-22,2025-08-22 20:13:24 UTC,Eastern Time (US & Canada),5082106,mariposasquimnipiac,,2025-08-22 20:13:53 UTC,2025-08-22 20:15:08 UTC,needs_id,CC-BY-NC,https://www.inaturalist.org/observations/308269389,https://inaturalist-open-data.s3.amazonaws.com/photos/556141204/medium.jpg,,,,0,0,False,2,"New Haven County, US-CT, US",41.31445141,-72.87372428,5.0,,,,5.0,,,False,,,Bushy Aster,Symphyotrichum dumosum,Bushy Aster,Plantae,81593.0,Garden Boundary
308269673,b6a4283d-74d9-412f-b099-c2ea0453dcf4,2025-08-22 16:14:58,2025-08-22,2025-08-22 20:14:58 UTC,Eastern Time (US & Canada),5082106,mariposasquimnipiac,,2025-08-22 20:15:24 UTC,2025-08-22 21:22:46 UTC,needs_id,CC-BY-NC,https://www.inaturalist.org/observations/308269673,https://inaturalist-open-data.s3.amazonaws.com/photos/556167722/medium.jpg,,,Weed,0,0,False,2,"Fair Haven Heights, New Haven, CT, USA",41.31448854,-72.87371698,5.0,,,,5.0,,,False,,,Japanese Hops,Humulus scandens,Japanese Hops,Plantae,474366.0,F
308271256,469215fc-11c7-4bdb-a0c6-7af545e9febb,2025-08-22 16:17:11,2025-08-22,2025-08-22 20:17:11 UTC,Eastern Time (US & Canada),5612599,samsmithonearth,Samantha Smith,2025-08-22 20:23:00 UTC,2025-08-22 20:23:01 UTC,needs_id,,https://www.inaturalist.org/observations/308271256,https://static.inaturalist.org/photos/556144224/medium.jpg,,,,0,0,False,843,"Hemingway St, New Haven, CT, US",41.3144615775,-72.8737539985,4.0,,,,4.0,,,False,,,,Novisuccinea ovalis,Oval Ambersnail,Mollusca,171932.0,Garden Boundary
308296399,98018592-5a65-498d-a4df-c6892049ce80,2025-08-22 17:36:16,2025-08-22,2025-08-22 21:36:16 UTC,Eastern Time (US & Canada),5612599,samsmithonearth,Samantha Smith,2025-08-22 22:34:06 UTC,2025-08-28 23:35:55 UTC,research,,https://www.inaturalist.org/observations/308296399,https://static.inaturalist.org/photos/556194698/medium.jpg,,,,2,0,False,843,"Eastern St, New Haven, CT, US",41.314527507,-72.8738056601,3.0,,,,3.0,,,False,,,common ragweed,Ambrosia artemisiifolia,common ragweed,Plantae,53587.0,outside
309057375,ce70ec6b-0aa4-49e7-b534-9c6d01dbe654,2025-08-25 14:16:15,2025-08-25,2025-08-25 18:16:15 UTC,Eastern Time (US & Canada),5082106,mariposasquimnipiac,,2025-08-25 18:16:32 UTC,2025-08-25 18:16:38 UTC,needs_id,CC-BY-NC,https://www.inaturalist.org/observations/309057375,https://inaturalist-open-data.s3.amazonaws.com/photos/557653520/medium.jpg,,,,0,0,False,2,"Fair Haven Heights, New Haven, CT, USA",41.31450064,-72.87379567,3.0,,,,3.0,,,False,,,showy goldenrod,Solidago speciosa,showy goldenrod,Plantae,130376.0,Garden Boundary
309059304,914103eb-1957-4310-ab6a-45b471824bf9,2025-08-25 14:24:16,2025-08-25,2025-08-25 18:24:16 UTC,Eastern Time (US & Canada),5082106,mariposasquimnipiac,,2025-08-25 18:24:44 UTC,2026-02-22 18:37:51 UTC,research,CC-BY-NC,https://www.inaturalist.org/observations/309059304,https://inaturalist-open-data.s3.amazonaws.com/photos/557657208/medium.jpg,,,Volunteer amid the branches of our baby spicebush shrub,1,0,False,2,"Fair Haven Heights, New Haven, CT, USA",41.31436039,-72.87383648,3.0,,,,3.0,,open,False,,,black cherry,Prunus serotina,black cherry,Plantae,54834.0,Garden Boundary
309059809,05c650e3-91df-4c0d-b094-8ab2f8250b40,2025-08-25 14:26:46,2025-08-25,2025-08-25 18:26:46 UTC,Eastern Time (US & Canada),5082106,mariposasquimnipiac,,2025-08-25 18:27:27 UTC,2025-08-26 20:25:00 UTC,needs_id,CC-BY-NC,https://www.inaturalist.org/observations/309059809,https://inaturalist-open-data.s3.amazonaws.com/photos/558182112/medium.jpg,,,Sprouting across the path from our intentional goldenrods,0,0,False,2,"Fair Haven Heights, New Haven, CT, USA",41.31443869,-72.87384502,6.0,,,,6.0,,,False,,,common wrinkle-leaved goldenrod,Solidago rugosa,common wrinkle-leaved goldenrod,Plantae,128551.0,Garden Boundary
309332914,06a1f7d7-2cf5-4eca-888c-e8f6e3c2d30e,2025-08-26 16:24:55,2025-08-26,2025-08-26 20:24:55 UTC,Eastern Time (US & Canada),5082106,mariposasquimnipiac,,2025-08-26 20:26:51 UTC,2025-08-26 20:26:57 UTC,needs_id,CC-BY-NC,https://www.inaturalist.org/observations/309332914,https://inaturalist-open-data.s3.amazonaws.com/photos/558182935/medium.jpg,,,"Volunteer in the garden, so I guess it's got to go.",0,0,False,2,"Fair Haven Heights, New Haven, CT, USA",41.3143661,-72.87371841,7.0,,,,7.0,,,False,,,border privet,Ligustrum obtusifolium,border privet,Plantae,204160.0,Garden Boundary
309334344,26e26cf5-2b4d-4cdb-aaee-cf194921e078,2025-08-26 16:31:59,2025-08-26,2025-08-26 20:31:59 UTC,Eastern Time (US & Canada),5082106,mariposasquimnipiac,,2025-08-26 20:33:43 UTC,2025-08-26 20:42:23 UTC,needs_id,CC-BY-NC,https://www.inaturalist.org/observations/309334344,https://inaturalist-open-data.s3.amazonaws.com/photos/558189626/medium.jpg,,,"We have lots of volunteers that are oak of which there are some across the street 50 ft in a couple of directions.

6 years we've been creating this Garden taking out invasive plants and planting a thousand natives. Probably a dozen oaks coming up this year",0,0,False,2,"Fair Haven Heights, New Haven, CT, USA",41.31430954,-72.87372014,6.0,,,,6.0,,open,False,,,northern red oak,Quercus rubra,northern red oak,Plantae,49005.0,Garden Boundary
309336756,2c003f9f-9e30-4854-8967-db78d75056ca,2025-08-26 16:43:03,2025-08-26,2025-08-26 20:43:03 UTC,Eastern Time (US & Canada),5082106,mariposasquimnipiac,,2025-08-26 20:43:40 UTC,2025-08-28 15:50:31 UTC,research,CC-BY-NC,https://www.inaturalist.org/observations/309336756,https://inaturalist-open-data.s3.amazonaws.com/photos/558190344/medium.jpg,,,,1,0,False,2,"Fair Haven Heights, New Haven, CT, USA",41.31404332,-72.87381573,4.0,,,,4.0,,,False,,,fennel,Foeniculum vulgare,fennel,Plantae,53052.0,Garden Boundary
311087496,2735d88b-d09f-4535-9cb7-36be73ea5c92,2025-09-02 15:05:19,2025-09-02,2025-09-02 19:05:19 UTC,Eastern Time (US & Canada),5082106,mariposasquimnipiac,,2025-09-02 19:06:11 UTC,2025-09-02 19:06:56 UTC,needs_id,CC-BY-NC,https://www.inaturalist.org/observations/311087496,https://inaturalist-open-data.s3.amazonaws.com/photos/561532459/medium.jpg,,,,0,0,False,2,"Fair Haven Heights, New Haven, CT, USA",41.31426942,-72.87390342,5.0,,,,5.0,,open,False,,,wild cherry,Prunus avium,wild cherry,Plantae,61964.0,Garden Boundary
311528757,b77c6c0b-1acb-47c3-983b-5451bbf99683,2025-09-04 14:38:34,2025-09-04,2025-09-04 18:38:34 UTC,Eastern Time (US & Canada),5082106,mariposasquimnipiac,,2025-09-04 18:39:09 UTC,2025-09-04 18:43:33 UTC,needs_id,CC-BY-NC,https://www.inaturalist.org/observations/311528757,https://inaturalist-open-data.s3.amazonaws.com/photos/562380296/medium.jpg,,,"Definitely an oak volunteer, not sure which kind.",0,0,False,2,"Fair Haven Heights, New Haven, CT, USA",41.31440921,-72.87387359,5.0,,,,5.0,,open,False,,,northern red oak,Quercus rubra,northern red oak,Plantae,49005.0,Garden Boundary
311530703,91ad0fea-e410-4def-927e-525b0f4304f7,2025-09-04 14:45:53,2025-09-04,2025-09-04 18:45:53 UTC,Eastern Time (US & Canada),5082106,mariposasquimnipiac,,2025-09-04 18:47:07 UTC,2025-09-04 18:48:21 UTC,needs_id,CC-BY-NC,https://www.inaturalist.org/observations/311530703,https://inaturalist-open-data.s3.amazonaws.com/photos/562382231/medium.jpg,,,,0,0,False,2,"Fair Haven Heights, New Haven, CT, USA",41.3141122,-72.8743252,72.0,,,,72.0,,open,False,,,red maple,Acer rubrum,red maple,Plantae,48098.0,outside
311533783,989bda00-13e1-43d1-8ced-a3a8941d3f86,2025-09-04 15:00:59,2025-09-04,2025-09-04 19:00:59 UTC,Eastern Time (US & Canada),5082106,mariposasquimnipiac,,2025-09-04 19:01:31 UTC,2025-09-04 19:12:00 UTC,needs_id,CC-BY-NC,https://www.inaturalist.org/observations/311533783,https://inaturalist-open-data.s3.amazonaws.com/photos/562391756/medium.jpg,,,,0,0,False,2,"Fair Haven Heights, New Haven, CT, USA",41.31433029,-72.87373774,8.0,,,,8.0,,,False,,,eastern poison ivy,Toxicodendron radicans,eastern poison ivy,Plantae,58732.0,Garden Boundary
311535674,d6588732-872b-4933-bd25-615fc189f683,2025-09-04 15:01:32,2025-09-04,2025-09-04 19:01:32 UTC,Eastern Time (US & Canada),5082106,mariposasquimnipiac,,2025-09-04 19:12:01 UTC,2025-09-04 22:21:47 UTC,needs_id,CC-BY-NC,https://www.inaturalist.org/observations/311535674,https://inaturalist-open-data.s3.amazonaws.com/photos/562391789/medium.jpg,,,,1,0,False,2,"Fair Haven Heights, New Haven, CT, USA",41.3143286,-72.87374383,9.0,,,,9.0,,,False,,,poison ivies and oaks,Toxicodendron,poison ivies and oaks,Plantae,51079.0,Garden Boundary
311535942,e2380b9e-fb2b-4dc9-b42e-d71db1f7bac1,2025-09-04 15:12:34,2025-09-04,2025-09-04 19:12:34 UTC,Eastern Time (US & Canada),5082106,mariposasquimnipiac,,2025-09-04 19:12:58 UTC,2025-09-04 19:13:04 UTC,needs_id,CC-BY-NC,https://www.inaturalist.org/observations/311535942,https://inaturalist-open-data.s3.amazonaws.com/photos/562392076/medium.jpg,,,,0,0,False,2,"Fair Haven Heights, New Haven, CT, USA",41.31429473,-72.873847,9.0,,,,9.0,,open,False,,,American elm,Ulmus americana,American elm,Plantae,53547.0,Garden Boundary
311537982,63f49ec5-69dd-4c8e-89a4-22daecc3321c,2025-09-04 15:22:51,2025-09-04,2025-09-04 19:22:51 UTC,Eastern Time (US & Canada),5082106,mariposasquimnipiac,,2025-09-04 19:23:21 UTC,2025-09-04 19:23:27 UTC,needs_id,CC-BY-NC,https://www.inaturalist.org/observations/311537982,https://inaturalist-open-data.s3.amazonaws.com/photos/562396521/medium.jpg,,,It's coming up everywhere,0,0,False,2,"Fair Haven Heights, New Haven, CT, USA",41.31428877,-72.87377446,4.0,,,,4.0,,,False,,,Porcelain Berry,Ampelopsis glandulosa,Porcelain Berry,Plantae,204237.0,Garden Boundary
313405534,652dfc26-94d4-45fb-8b9e-7333ea63580b,2025-09-12 16:23:32,2025-09-12,2025-09-12 20:23:32 UTC,Eastern Time (US & Canada),5082106,mariposasquimnipiac,,2025-09-12 20:25:00 UTC,2025-09-12 21:10:18 UTC,needs_id,CC-BY-NC,https://www.inaturalist.org/observations/313405534,https://inaturalist-open-data.s3.amazonaws.com/photos/565979924/medium.jpg,,,Another night? We're battling Japanese knotweed by the creek and it's very discouraging to see another knotweed,0,0,False,2,"Fair Haven Heights, New Haven, CT, USA",41.31452382,-72.87369894,4.0,,,,4.0,,,False,,,knotweeds,Polygonum,knotweeds,Plantae,48972.0,F
313414383,70693fb8-d5df-4921-9524-87858520c43e,2025-09-12 17:09:48,2025-09-12,2025-09-12 21:09:48 UTC,Eastern Time (US & Canada),5082106,mariposasquimnipiac,,2025-09-12 21:10:20 UTC,2025-09-15 19:44:52 UTC,needs_id,CC-BY-NC,https://www.inaturalist.org/observations/313414383,https://inaturalist-open-data.s3.amazonaws.com/photos/567452259/medium.jpg,,,,0,0,False,2,"Fair Haven Heights, New Haven, CT, USA",41.31417135,-72.87383533,4.0,,,,4.0,,,False,,,Common Snowberry,Symphoricarpos albus,Common Snowberry,Plantae,48523.0,E
315083161,f21c5fde-8333-4684-b635-4170e4677f20,2025-09-19 15:58:09,2025-09-19,2025-09-19 19:58:09 UTC,Eastern Time (US & Canada),5082106,mariposasquimnipiac,,2025-09-19 19:58:35 UTC,2025-12-29 20:56:30 UTC,needs_id,CC-BY-NC,https://www.inaturalist.org/observations/315083161,https://inaturalist-open-data.s3.amazonaws.com/photos/569483327/medium.jpg,,,,2,1,False,2,"Fair Haven Heights, New Haven, CT, USA",41.31441502,-72.87393886,3.0,,,,3.0,,,False,,,life,Life,life,,48460.0,Garden Boundary
316813349,db433419-ad26-4784-b37f-3339eb97e08c,2025-09-26 16:01:20,2025-09-26,2025-09-26 20:01:20 UTC,Eastern Time (US & Canada),5082106,mariposasquimnipiac,,2025-09-26 20:01:51 UTC,2025-09-27 23:21:07 UTC,research,CC-BY-NC,https://www.inaturalist.org/observations/316813349,https://inaturalist-open-data.s3.amazonaws.com/photos/572422389/medium.jpg,,,,1,0,False,2,"Fair Haven Heights, New Haven, CT, USA",41.31419031,-72.8737524,6.0,,,,6.0,,open,False,,,blue mistflower,Conoclinium coelestinum,blue mistflower,Plantae,119095.0,Garden Boundary
316813647,d867ada0-c083-4e09-bccb-b0c9bb2c079d,2025-09-26 16:01:56,2025-09-26,2025-09-26 20:01:56 UTC,Eastern Time (US & Canada),5082106,mariposasquimnipiac,,2025-09-26 20:03:02 UTC,2025-09-26 20:03:35 UTC,needs_id,CC-BY-NC,https://www.inaturalist.org/observations/316813647,https://inaturalist-open-data.s3.amazonaws.com/photos/572422996/medium.jpg,,,,0,0,False,2,"Fair Haven Heights, New Haven, CT, USA",41.31420129,-72.87375349,4.0,,,,4.0,,,False,,,wild bergamot,Monarda fistulosa,wild bergamot,Plantae,85320.0,Garden Boundary
316815185,7c35a313-be0b-4fd7-8862-bbe089b0b915,2025-09-26 16:06:13,2025-09-26,2025-09-26 20:06:13 UTC,Eastern Time (US & Canada),5082106,mariposasquimnipiac,,2025-09-26 20:10:11 UTC,2025-09-26 20:44:26 UTC,needs_id,CC-BY-NC,https://www.inaturalist.org/observations/316815185,https://inaturalist-open-data.s3.amazonaws.com/photos/572438608/medium.jpg,,,,0,0,False,2,"Fair Haven Heights, New Haven, CT, USA",41.31420893,-72.87379417,7.0,,,,7.0,,,False,,,wild bergamot,Monarda fistulosa,wild bergamot,Plantae,85320.0,Garden Boundary
317309853,4563363f-adfb-4950-941d-9c59e8d4f8cd,2025-09-26 16:44:15,2025-09-26,2025-09-26 20:44:15 UTC,Eastern Time (US & Canada),5082106,mariposasquimnipiac,,2025-09-28 17:21:52 UTC,2025-09-28 17:21:57 UTC,needs_id,CC-BY-NC,https://www.inaturalist.org/observations/317309853,https://inaturalist-open-data.s3.amazonaws.com/photos/573360263/medium.jpg,,,,0,0,False,2,"Fair Haven Heights, New Haven, CT, USA",41.31417327,-72.87380089,5.0,,,,5.0,,,False,,,curled dock,Rumex crispus,curly dock,Plantae,53197.0,E
318468464,02f0c361-7de2-4c33-8031-ea447b010978,2025-10-03 15:51:10,2025-10-03,2025-10-03 19:51:10 UTC,Eastern Time (US & Canada),5082106,mariposasquimnipiac,,2025-10-03 19:52:03 UTC,2025-10-14 03:26:52 UTC,research,CC-BY-NC,https://www.inaturalist.org/observations/318468464,https://inaturalist-open-data.s3.amazonaws.com/photos/577812538/medium.jpg,,,,1,0,False,2,"Fair Haven Heights, New Haven, CT, USA",41.31442305,-72.87379342,9.0,,,,9.0,,,False,,,common mugwort,Artemisia vulgaris,common mugwort,Plantae,52856.0,Garden Boundary
319638035,b9675b05-1272-447a-b900-060ca35bb6fa,2025-10-03 16:46:31,2025-10-03,2025-10-03 20:46:31 UTC,Eastern Time (US & Canada),5082106,mariposasquimnipiac,,2025-10-08 20:59:23 UTC,2025-10-13 20:26:38 UTC,research,CC-BY-NC,https://www.inaturalist.org/observations/319638035,https://inaturalist-open-data.s3.amazonaws.com/photos/577812578/medium.jpg,,,Invasive tree volunteered in our garden,1,0,False,2,"Fair Haven Heights, New Haven, CT, USA",41.3144375,-72.87375466,5.0,,,,5.0,,open,False,,,northern catalpa,Catalpa speciosa,northern catalpa,Plantae,76158.0,Garden Boundary
320018696,a01fc75b-5d94-40cc-b2f2-e5f5070b0497,2025-10-10 15:39:39,2025-10-10,2025-10-10 19:39:39 UTC,Eastern Time (US & Canada),5082106,mariposasquimnipiac,,2025-10-10 19:40:39 UTC,2025-10-13 15:43:44 UTC,research,CC-BY-NC,https://www.inaturalist.org/observations/320018696,https://inaturalist-open-data.s3.amazonaws.com/photos/578543943/medium.jpg,,,Volunteer in our garden of native plants,1,0,False,2,"Fair Haven Heights, New Haven, CT, USA",41.31435865,-72.87384848,6.0,,,,6.0,,open,False,,,panicled aster,Symphyotrichum lanceolatum,panicled aster,Plantae,79301.0,Garden Boundary
320019729,8ef3e9e1-ec77-4add-8a8c-7426bae00098,2025-10-10 15:41:04,2025-10-10,2025-10-10 19:41:04 UTC,Eastern Time (US & Canada),5082106,mariposasquimnipiac,,2025-10-10 19:45:18 UTC,2025-10-13 15:43:40 UTC,research,CC-BY-NC,https://www.inaturalist.org/observations/320019729,https://inaturalist-open-data.s3.amazonaws.com/photos/578563456/medium.jpg,,,"Another volunteer in our native plant garden. We have lots of New England asters, but not White",1,0,False,2,"Fair Haven Heights, New Haven, CT, USA",41.31431027,-72.87385291,6.0,,,,6.0,,open,False,,,panicled aster,Symphyotrichum lanceolatum,panicled aster,Plantae,79301.0,Garden Boundary
320032812,0d729a74-a651-4b0c-8d36-2c9819f9a99e,2025-10-10 16:57:35,2025-10-10,2025-10-10 20:57:35 UTC,Eastern Time (US & Canada),5082106,mariposasquimnipiac,,2025-10-10 20:58:09 UTC,2025-10-11 01:55:42 UTC,research,CC-BY-NC,https://www.inaturalist.org/observations/320032812,https://inaturalist-open-data.s3.amazonaws.com/photos/578571230/medium.jpg,,,,1,0,False,2,"Fair Haven Heights, New Haven, CT, USA",41.31442871,-72.87377099,6.0,,,,6.0,,,False,,,chicory,Cichorium intybus,chicory,Plantae,52913.0,Garden Boundary
320033019,92038a64-eab7-4d6c-b1b0-adae16ab4733,2025-10-10 16:59:16,2025-10-10,2025-10-10 20:59:16 UTC,Eastern Time (US & Canada),5082106,mariposasquimnipiac,,2025-10-10 20:59:33 UTC,2025-10-13 15:40:56 UTC,research,CC-BY-NC,https://www.inaturalist.org/observations/320033019,https://inaturalist-open-data.s3.amazonaws.com/photos/578576187/medium.jpg,,,,1,0,False,2,"Fair Haven Heights, New Haven, CT, USA",41.31448596,-72.87374755,8.0,,,,8.0,,open,False,,,Devil's Beggarticks,Bidens frondosa,Devil's Beggarticks,Plantae,51712.0,F
320040619,f00d01e4-7163-42ea-96e7-6a2769369ced,2025-10-10 17:14:56,2025-10-10,2025-10-10 21:14:56 UTC,Eastern Time (US & Canada),5082106,mariposasquimnipiac,,2025-10-10 21:44:40 UTC,2025-11-01 21:27:09 UTC,needs_id,CC-BY-NC,https://www.inaturalist.org/observations/320040619,https://inaturalist-open-data.s3.amazonaws.com/photos/587135049/medium.jpg,,,,0,0,False,2,"Fair Haven Heights, New Haven, CT, USA",41.31430456,-72.87402687,8.0,,,,8.0,,open,False,,,northern catalpa,Catalpa speciosa,northern catalpa,Plantae,76158.0,G
324396752,bd8e9545-a20e-4d6e-bd47-3fa180e2a8f9,2025-10-10 16:00:00,2025-10-10,2025-10-10 20:00:00 UTC,Eastern Time (US & Canada),5082106,mariposasquimnipiac,,2025-11-01 21:27:19 UTC,2025-11-02 15:19:46 UTC,needs_id,CC-BY-NC,https://www.inaturalist.org/observations/324396752,https://inaturalist-open-data.s3.amazonaws.com/photos/587135149/medium.jpg,,,Not sure whicj Dilophus ... See LOTS if them on goldenrod...,0,0,False,2,"Eastern St & Bella Vista, New Haven, CT 06513, USA",41.3143986392,-72.8738144785,68.0,,,,68.0,,,False,gps,gps,Dilophus spinipes,Dilophus spinipes,,Insecta,480267.0,A
334125788,c2a2d975-ab99-46ae-9e05-aae645bf66f2,2026-01-09 15:25:42,2026-01-09,2026-01-09 20:25:42 UTC,Eastern Time (US & Canada),5082106,mariposasquimnipiac,,2026-01-09 20:27:28 UTC,2026-01-14 03:44:08 UTC,research,CC-BY-NC,https://www.inaturalist.org/observations/334125788,https://inaturalist-open-data.s3.amazonaws.com/photos/606700799/medium.jpg,,,,4,1,False,2,"Eastern St & Jackson Ln, New Haven, CT 06513, USA",41.31406387,-72.87387587,8.0,,,,8.0,,open,False,,,eastern redcedar,Juniperus virginiana,eastern redcedar,Plantae,49399.0,Garden Boundary
334126174,94932a7c-42d7-4699-aea7-664ceb273b8c,2026-01-09 15:27:47,2026-01-09,2026-01-09 20:27:47 UTC,Eastern Time (US & Canada),5082106,mariposasquimnipiac,,2026-01-09 20:30:18 UTC,2026-01-09 20:30:24 UTC,needs_id,CC-BY-NC,https://www.inaturalist.org/observations/334126174,https://inaturalist-open-data.s3.amazonaws.com/photos/606700841/medium.jpg,,,,0,0,False,2,"Eastern St & Jackson Ln, New Haven, CT 06513, USA",41.31405713,-72.87391142,4.0,,,,4.0,,,False,,,wineberry,Rubus phoenicolasius,wineberry,Plantae,84227.0,Garden Boundary
334126278,c5e3f47c-c88f-435f-b4c7-1cdce170c61f,2026-01-09 15:30:32,2026-01-09,2026-01-09 20:30:32 UTC,Eastern Time (US & Canada),5082106,mariposasquimnipiac,,2026-01-09 20:31:10 UTC,2026-01-09 20:35:07 UTC,needs_id,CC-BY-NC,https://www.inaturalist.org/observations/334126278,https://inaturalist-open-data.s3.amazonaws.com/photos/606702078/medium.jpg,,,,0,0,False,2,"Eastern St & Jackson Ln, New Haven, CT 06513, USA",41.31401708,-72.87390281,4.0,,,,4.0,,open,False,,,northern spicebush,Lindera benzoin,northern spicebush,Plantae,54793.0,Garden Boundary
334981658,b4e7bbba-b61a-4e82-ab4c-771191176c4d,2026-01-09 16:04:20,2026-01-09,2026-01-09 21:04:20 UTC,Eastern Time (US & Canada),5082106,mariposasquimnipiac,,2026-01-16 20:19:25 UTC,2026-01-16 20:19:32 UTC,needs_id,CC-BY-NC,https://www.inaturalist.org/observations/334981658,https://inaturalist-open-data.s3.amazonaws.com/photos/608448227/medium.jpg,,,,0,0,False,2,"Eastern St & Bella Vista, New Haven, CT 06513, USA",41.31457342,-72.87382145,12.0,,,,12.0,,,False,,,common evening-primrose,Oenothera biennis,common evening-primrose,Plantae,62207.0,outside
334982802,fec45477-6a9e-4164-9150-fa5d281aa4c2,2026-01-16 15:19:20,2026-01-16,2026-01-16 20:19:20 UTC,Eastern Time (US & Canada),5082106,mariposasquimnipiac,,2026-01-16 20:30:41 UTC,2026-01-16 21:37:30 UTC,research,CC-BY-NC,https://www.inaturalist.org/observations/334982802,https://inaturalist-open-data.s3.amazonaws.com/photos/608450957/medium.jpg,,,Invasive and we don't want it near our garden,1,0,False,2,"Eastern St & Bella Vista, New Haven, CT 06513, USA",41.31428389,-72.87425198,4.0,,,,4.0,,,False,,,tree-of-heaven,Ailanthus altissima,tree-of-heaven,Plantae,57278.0,outside
334983216,c87ed3a4-dc34-4555-9a51-176988b56d9c,2026-01-16 15:30:42,2026-01-16,2026-01-16 20:30:42 UTC,Eastern Time (US & Canada),5082106,mariposasquimnipiac,,2026-01-16 20:33:51 UTC,2026-01-16 21:37:26 UTC,research,CC-BY-NC,https://www.inaturalist.org/observations/334983216,https://inaturalist-open-data.s3.amazonaws.com/photos/608451010/medium.jpg,,,Too much of this growing up near the creek Bank,1,0,False,2,"Eastern St & Jackson Ln, New Haven, CT 06513, USA",41.31405143,-72.87399753,5.0,,,,5.0,,,False,,,wineberry,Rubus phoenicolasius,wineberry,Plantae,84227.0,outside
334983231,64bcc577-b54d-4ef1-bcc6-e29f38197458,2026-01-16 15:33:32,2026-01-16,2026-01-16 20:33:32 UTC,Eastern Time (US & Canada),5082106,mariposasquimnipiac,,2026-01-16 20:34:01 UTC,2026-01-16 21:37:22 UTC,research,CC-BY-NC,https://www.inaturalist.org/observations/334983231,https://inaturalist-open-data.s3.amazonaws.com/photos/608452425/medium.jpg,,,Ugh ... So much of it,1,0,False,2,"Eastern St & Jackson Ln, New Haven, CT 06513, USA",41.31402642,-72.87404773,7.0,,,,7.0,,,False,,,wineberry,Rubus phoenicolasius,wineberry,Plantae,84227.0,outside
347053026,90421c5c-96ea-42c3-9c94-41dd62dd9aba,2026-04-03 14:24:34,2026-04-03,2026-04-03 18:24:34 UTC,Eastern Time (US & Canada),5082106,mariposasquimnipiac,,2026-04-03 18:25:17 UTC,2026-04-04 06:57:23 UTC,research,CC-BY-NC,https://www.inaturalist.org/observations/347053026,https://inaturalist-open-data.s3.amazonaws.com/photos/632724062/medium.jpg,,,,1,0,False,2,"Eastern St & Bella Vista, New Haven, CT 06513, USA",41.31437369,-72.87390973,6.0,,,,6.0,,,False,,,garlic mustard,Alliaria petiolata,garlic mustard,Plantae,56061.0,Garden Boundary
347053175,ccb5cc0b-1fa5-424a-944b-c0d48ec9003d,2026-04-03 14:25:23,2026-04-03,2026-04-03 18:25:23 UTC,Eastern Time (US & Canada),5082106,mariposasquimnipiac,,2026-04-03 18:25:48 UTC,2026-04-03 18:26:31 UTC,needs_id,CC-BY-NC,https://www.inaturalist.org/observations/347053175,https://inaturalist-open-data.s3.amazonaws.com/photos/632724634/medium.jpg,,,,0,0,False,2,"Eastern St & Bella Vista, New Haven, CT 06513, USA",41.31437384,-72.87390516,9.0,,,,9.0,,,False,,,dame's rocket,Hesperis matronalis,dame's rocket,Plantae,47697.0,Garden Boundary
347053888,b85e60d5-2788-4d5d-aea1-debc9cce61c9,2026-04-03 14:26:40,2026-04-03,2026-04-03 18:26:40 UTC,Eastern Time (US & Canada),5082106,mariposasquimnipiac,,2026-04-03 18:29:08 UTC,2026-04-05 15:33:13 UTC,needs_id,CC-BY-NC,https://www.inaturalist.org/observations/347053888,https://inaturalist-open-data.s3.amazonaws.com/photos/633711570/medium.jpg,,,"Not likely, but it came up with this, Foxglove and others",0,0,False,2,"Eastern St & Bella Vista, New Haven, CT 06513, USA",41.31433162,-72.8738771,8.0,,,,8.0,,open,False,,,common boneset,Eupatorium perfoliatum,common boneset,Plantae,119045.0,Garden Boundary
347550196,aba75241-65a9-4a9f-8452-ca2e877f85a8,2026-04-03 14:36:05,2026-04-03,2026-04-03 18:36:05 UTC,Eastern Time (US & Canada),5082106,mariposasquimnipiac,,2026-04-05 15:33:14 UTC,2026-04-05 15:59:13 UTC,needs_id,CC-BY-NC,https://www.inaturalist.org/observations/347550196,https://inaturalist-open-data.s3.amazonaws.com/photos/633724533/medium.jpg,,,Maybe?,0,0,False,2,"Eastern St & Bella Vista, New Haven, CT 06513, USA",41.31420549,-72.87387517,7.0,,,,7.0,,,False,,,lesser periwinkle,Vinca minor,lesser periwinkle,Plantae,55844.0,Garden Boundary
349596785,4794b799-e620-4365-8e23-c8939aeb36c3,2026-04-13 15:48:18,2026-04-13,2026-04-13 19:48:18 UTC,Eastern Time (US & Canada),5082106,mariposasquimnipiac,,2026-04-13 19:49:17 UTC,2026-04-13 20:06:06 UTC,needs_id,CC-BY-NC,https://www.inaturalist.org/observations/349596785,https://inaturalist-open-data.s3.amazonaws.com/photos/637767923/medium.jpg,,,,0,0,False,2,"Eastern St & Bella Vista, New Haven, CT 06513, USA",41.31448014,-72.87371275,5.0,,,,5.0,,,False,,,garden parsley,Petroselinum crispum,garden parsley,Plantae,78465.0,F
349600855,8ce275d8-2c3c-4b26-abbb-bd1cc1c00131,2026-04-13 16:06:02,2026-04-13,2026-04-13 20:06:02 UTC,Eastern Time (US & Canada),5082106,mariposasquimnipiac,,2026-04-13 20:07:13 UTC,2026-04-13 20:07:18 UTC,needs_id,CC-BY-NC,https://www.inaturalist.org/observations/349600855,https://inaturalist-open-data.s3.amazonaws.com/photos/637768435/medium.jpg,,,,0,0,False,2,"Eastern St & Bella Vista, New Haven, CT 06513, USA",41.31448769,-72.87375141,4.0,,,,4.0,,,False,,,American yellowrocket,Barbarea orthoceras,American yellowrocket,Plantae,52976.0,F
350070718,7ea4817d-6729-44b8-8b8b-c153ec27151d,2026-04-15 14:06:02,2026-04-15,2026-04-15 18:06:02 UTC,Eastern Time (US & Canada),5082106,mariposasquimnipiac,,2026-04-15 18:06:39 UTC,2026-04-15 18:06:44 UTC,needs_id,CC-BY-NC,https://www.inaturalist.org/observations/350070718,https://inaturalist-open-data.s3.amazonaws.com/photos/638676517/medium.jpg,,,,0,0,False,2,"Eastern St & Bella Vista, New Haven, CT 06513, USA",41.31448773,-72.87381987,9.0,,,,9.0,,open,False,,,chokecherry,Prunus virginiana,chokecherry,Plantae,54835.0,Garden Boundary
350071822,aafced21-c749-457d-80eb-1f47c11ea2d0,2026-04-15 14:11:05,2026-04-15,2026-04-15 18:11:05 UTC,Eastern Time (US & Canada),5082106,mariposasquimnipiac,,2026-04-15 18:11:33 UTC,2026-04-15 18:26:04 UTC,needs_id,CC-BY-NC,https://www.inaturalist.org/observations/350071822,https://inaturalist-open-data.s3.amazonaws.com/photos/638684578/medium.jpg,,,,0,0,False,2,"Eastern St & Bella Vista, New Haven, CT 06513, USA",41.31440292,-72.87368486,7.0,,,,7.0,,,False,,,bird's-eye speedwell,Veronica persica,bird's-eye speedwell,Plantae,55666.0,Garden Boundary
350074639,cdc668fb-cbfe-41f7-a56a-8724d7c53968,2026-04-15 14:25:10,2026-04-15,2026-04-15 18:25:10 UTC,Eastern Time (US & Canada),5082106,mariposasquimnipiac,,2026-04-15 18:26:05 UTC,2026-04-16 03:47:22 UTC,needs_id,CC-BY-NC,https://www.inaturalist.org/observations/350074639,https://inaturalist-open-data.s3.amazonaws.com/photos/638684630/medium.jpg,,,This should be red chokeberry,0,0,False,2,"Eastern St & Bella Vista, New Haven, CT 06513, USA",41.31432157,-72.87389901,4.0,,,,4.0,,,False,,,,Magnoliopsida,Dicots,Plantae,47124.0,Garden Boundary
350602866,058d70df-e74e-4c85-9eb7-251ad5832e57,2026-04-17 15:39:07,2026-04-17,2026-04-17 19:39:07 UTC,Eastern Time (US & Canada),5082106,mariposasquimnipiac,,2026-04-17 19:39:38 UTC,2026-04-17 20:17:51 UTC,needs_id,CC-BY-NC,https://www.inaturalist.org/observations/350602866,https://inaturalist-open-data.s3.amazonaws.com/photos/639739992/medium.jpg,,,Coming up early!,0,0,False,2,"Eastern St & Jackson Ln, New Haven, CT 06513, USA",41.31417068,-72.87395857,8.0,,,,8.0,,,False,,,Common Blue Wood Aster,Symphyotrichum cordifolium,Common Blue Wood Aster,Plantae,153441.0,Garden Boundary
350615931,ea06f037-3f67-48ed-8c9e-ad6c6d5a0506,2026-04-17 16:17:47,2026-04-17,2026-04-17 20:17:47 UTC,Eastern Time (US & Canada),5082106,mariposasquimnipiac,,2026-04-17 20:31:09 UTC,2026-04-17 20:31:29 UTC,needs_id,CC-BY-NC,https://www.inaturalist.org/observations/350615931,https://inaturalist-open-data.s3.amazonaws.com/photos/639746771/medium.jpg,,,,0,0,False,2,"Eastern St & Bella Vista, New Haven, CT 06513, USA",41.31430948,-72.87409731,11.0,,,,11.0,,,False,,,"plums, cherries, and allies",Prunus,"plums, cherries, and allies",Plantae,47351.0,Garden Boundary
350621306,d7fb46cf-b216-4f9d-996c-c7ad96799123,2026-04-17 16:53:02,2026-04-17,2026-04-17 20:53:02 UTC,Eastern Time (US & Canada),5082106,mariposasquimnipiac,,2026-04-17 20:54:09 UTC,2026-04-30 09:30:34 UTC,research,CC-BY-NC,https://www.inaturalist.org/observations/350621306,https://inaturalist-open-data.s3.amazonaws.com/photos/639759107/medium.jpg,,,,1,0,False,2,"Eastern St & Bella Vista, New Haven, CT 06513, USA",41.31435731,-72.87389909,9.0,,,,9.0,,open,False,,,common milkweed,Asclepias syriaca,common milkweed,Plantae,47911.0,Garden Boundary
350622324,ec82242c-391f-4e6c-befb-a2724a605910,2026-04-17 16:58:21,2026-04-17,2026-04-17 20:58:21 UTC,Eastern Time (US & Canada),5082106,mariposasquimnipiac,,2026-04-17 20:58:37 UTC,2026-04-18 20:10:57 UTC,needs_id,CC-BY-NC,https://www.inaturalist.org/observations/350622324,https://inaturalist-open-data.s3.amazonaws.com/photos/640322744/medium.jpg,,,,0,0,False,2,"Eastern St & Bella Vista, New Haven, CT 06513, USA",41.31440297,-72.8738222,6.0,,,,6.0,,,False,,,shrubby St. John's-wort,Hypericum prolificum,shrubby St. John's-wort,Plantae,635325.0,A
352968970,f24bd8ed-2e51-4c65-abe1-dc432cc4899b,2026-04-24 15:09:18,2026-04-24,2026-04-24 19:09:18 UTC,Eastern Time (US & Canada),5082106,mariposasquimnipiac,,2026-04-24 19:09:36 UTC,2026-04-29 21:00:48 UTC,research,CC-BY-NC,https://www.inaturalist.org/observations/352968970,https://inaturalist-open-data.s3.amazonaws.com/photos/644116766/medium.jpg,,,,1,0,False,2,"Eastern St & Bella Vista, New Haven, CT 06513, USA",41.3143489,-72.87378015,4.0,,,,4.0,,,False,,,common comfrey,Symphytum officinale,common comfrey,Plantae,55724.0,Garden Boundary
352981760,f80c1bfb-6918-4b03-80e9-d805a97f7512,2026-04-24 15:28:48,2026-04-24,2026-04-24 19:28:48 UTC,Eastern Time (US & Canada),5082106,mariposasquimnipiac,,2026-04-24 19:29:35 UTC,2026-04-25 00:05:16 UTC,research,CC-BY-NC,https://www.inaturalist.org/observations/352981760,https://inaturalist-open-data.s3.amazonaws.com/photos/644184860/medium.jpg,,,,1,0,False,2,"Eastern St & Bella Vista, New Haven, CT 06513, USA",41.31425149,-72.87403485,4.0,,,,4.0,,,False,,,great mullein,Verbascum thapsus,great mullein,Plantae,59029.0,G
353022022,c0adb806-e153-45eb-8dcf-8086d4d94ee1,2026-04-24 15:45:14,2026-04-24,2026-04-24 19:45:14 UTC,Eastern Time (US & Canada),5082106,mariposasquimnipiac,,2026-04-24 20:32:30 UTC,2026-04-25 15:09:54 UTC,research,CC-BY-NC,https://www.inaturalist.org/observations/353022022,https://inaturalist-open-data.s3.amazonaws.com/photos/644184995/medium.jpg,,,,1,0,False,2,"Eastern St & Bella Vista, New Haven, CT 06513, USA",41.31437358,-72.87410422,4.0,,,,4.0,,open,False,,,staghorn sumac,Rhus typhina,staghorn sumac,Plantae,167829.0,outside
353034900,f84a1851-e860-4f7f-8cb4-785a8f973808,2026-04-24 16:53:03,2026-04-24,2026-04-24 20:53:03 UTC,Eastern Time (US & Canada),5082106,mariposasquimnipiac,,2026-04-24 20:54:05 UTC,2026-04-24 20:54:11 UTC,needs_id,CC-BY-NC,https://www.inaturalist.org/observations/353034900,https://inaturalist-open-data.s3.amazonaws.com/photos/644207050/medium.jpg,,,,0,0,False,2,"Eastern St & Bella Vista, New Haven, CT 06513, USA",41.3143818,-72.87384725,9.0,,,,9.0,,,False,,,white meadowsweet,Spiraea alba,white meadowsweet,Plantae,126823.0,A
353042178,bc1e447d-1528-4ff3-b8d1-162115a0c08d,2026-04-24 17:05:44,2026-04-24,2026-04-24 21:05:44 UTC,Eastern Time (US & Canada),5082106,mariposasquimnipiac,,2026-04-24 21:06:07 UTC,2026-04-29 21:05:16 UTC,research,CC-BY-NC,https://www.inaturalist.org/observations/353042178,https://inaturalist-open-data.s3.amazonaws.com/photos/644221115/medium.jpg,,,,1,0,False,2,"Eastern St & Bella Vista, New Haven, CT 06513, USA",41.31419125,-72.87381937,9.0,,,,9.0,,open,False,,,american witch-hazel,Hamamelis virginiana,common witch-hazel,Plantae,51970.0,E
357283948,587a6a2e-1ff3-40d8-9a25-47d4d5b95c4a,2026-05-01 15:49:00,2026-05-01,2026-05-01 19:49:00 UTC,Eastern Time (US & Canada),5082106,mariposasquimnipiac,,2026-05-01 19:49:27 UTC,2026-05-01 19:56:57 UTC,needs_id,CC-BY-NC,https://www.inaturalist.org/observations/357283948,https://inaturalist-open-data.s3.amazonaws.com/photos/651634352/medium.jpg,,,,0,0,False,2,"Eastern St & Bella Vista, New Haven, CT 06513, USA",41.31421322,-72.87377937,4.0,,,,4.0,,open,False,,,american witch-hazel,Hamamelis virginiana,common witch-hazel,Plantae,51970.0,Garden Boundary
357303207,e2bb37c9-b829-479c-a19f-a952721e3efd,2026-05-01 16:50:48,2026-05-01,2026-05-01 20:50:48 UTC,Eastern Time (US & Canada),5082106,mariposasquimnipiac,,2026-05-01 20:54:43 UTC,2026-05-09 03:37:16 UTC,research,CC-BY-NC,https://www.inaturalist.org/observations/357303207,https://inaturalist-open-data.s3.amazonaws.com/photos/651667676/medium.jpg,,,,1,0,False,2,"Eastern St & Jackson Ln, New Haven, CT 06513, USA",41.31411041,-72.87400522,7.0,,,,7.0,,,False,,,wineberry,Rubus phoenicolasius,wineberry,Plantae,84227.0,Garden Boundary
357303489,4eb28cfe-55ca-4f8c-b721-6c4cdbbc71ff,2026-05-01 16:54:49,2026-05-01,2026-05-01 20:54:49 UTC,Eastern Time (US & Canada),5082106,mariposasquimnipiac,,2026-05-01 20:55:31 UTC,2026-05-04 21:11:44 UTC,research,CC-BY-NC,https://www.inaturalist.org/observations/357303489,https://inaturalist-open-data.s3.amazonaws.com/photos/651669003/medium.jpg,,,Wild volunteer on the edge of Woodlands,1,0,False,2,"Eastern St & Jackson Ln, New Haven, CT 06513, USA",41.31406756,-72.87393411,6.0,,,,6.0,,,False,,,Greater celandine,Chelidonium majus,Greater celandine,Plantae,55757.0,Garden Boundary
357303985,ff157c59-bac3-4e8f-a19a-f02ea13df3d7,2026-05-01 16:55:36,2026-05-01,2026-05-01 20:55:36 UTC,Eastern Time (US & Canada),5082106,mariposasquimnipiac,,2026-05-01 20:56:51 UTC,2026-05-01 20:58:34 UTC,research,CC-BY-NC,https://www.inaturalist.org/observations/357303985,https://inaturalist-open-data.s3.amazonaws.com/photos/651669079/medium.jpg,,,,1,0,False,2,"Eastern St & Jackson Ln, New Haven, CT 06513, USA",41.3140551,-72.87394421,5.0,,,,5.0,,,False,,,multiflora rose,Rosa multiflora,multiflora rose,Plantae,78882.0,Garden Boundary
358151971,72053ec6-1a5f-470f-ab43-9da9dbbcf47b,2025-09-26 16:42:15,2025-09-26,2025-09-26 20:42:15 UTC,Eastern Time (US & Canada),5612599,samsmithonearth,Samantha Smith,2026-05-04 02:15:35 UTC,2026-05-04 10:47:16 UTC,research,,https://www.inaturalist.org/observations/358151971,https://static.inaturalist.org/photos/653321064/medium.jpg,,,,1,0,False,843,"Hemingway St, New Haven, CT, US",41.3142206923,-72.8738308218,4.0,,,,4.0,,,False,,,Pale Green Assassin Bug,Zelus luridus,Pale Green Assassin Bug,Insecta,129423.0,Garden Boundary
358152169,9541e635-18fa-4878-adb6-b5f8ba9e431c,2025-08-22 15:39:09,2025-08-22,2025-08-22 19:39:09 UTC,Eastern Time (US & Canada),5612599,samsmithonearth,Samantha Smith,2026-05-04 02:16:17 UTC,2026-05-04 09:39:49 UTC,needs_id,,https://www.inaturalist.org/observations/358152169,https://static.inaturalist.org/photos/653321404/medium.jpg,,,,1,0,False,843,"Eastern St, New Haven, CT, US",41.3142612835,-72.8736981241,9.0,,,,9.0,,,False,,,Striped Sweat Bees,Agapostemon,Striped Sweat Bees,Insecta,50086.0,Garden Boundary
358152205,840ca596-0db4-4720-928b-a0995709c8fd,2025-08-22 15:39:32,2025-08-22,2025-08-22 19:39:32 UTC,Eastern Time (US & Canada),5612599,samsmithonearth,Samantha Smith,2026-05-04 02:16:27 UTC,2026-05-04 12:41:54 UTC,research,,https://www.inaturalist.org/observations/358152205,https://static.inaturalist.org/photos/653321495/medium.jpg,,,,1,0,False,843,"Eastern St, New Haven, CT, US",41.314268206,-72.8737512764,3.0,,,,3.0,,open,False,,,great blue lobelia,Lobelia siphilitica,great blue lobelia,Plantae,119806.0,Garden Boundary
359604704,73232ac5-0392-4c3a-a9c5-3ae48eaeae5b,2026-05-08 14:29:16,2026-05-08,2026-05-08 18:29:16 UTC,Eastern Time (US & Canada),5082106,mariposasquimnipiac,,2026-05-08 19:19:13 UTC,2026-05-08 19:19:30 UTC,needs_id,CC-BY-NC,https://www.inaturalist.org/observations/359604704,https://inaturalist-open-data.s3.amazonaws.com/photos/656122191/medium.jpg,,,We planted swamp milkweed in this area and one stick remains so,0,0,False,2,"Eastern St & Bella Vista, New Haven, CT 06513, USA",41.31424486,-72.87382684,3.0,,,,3.0,,open,False,,,swamp milkweed,Asclepias incarnata,swamp milkweed,Plantae,125381.0,Garden Boundary
359607815,794baccb-60a9-4bae-8060-cc4cd05d7aed,2026-05-08 15:19:13,2026-05-08,2026-05-08 19:19:13 UTC,Eastern Time (US & Canada),5082106,mariposasquimnipiac,,2026-05-08 19:29:36 UTC,2026-05-09 01:00:29 UTC,needs_id,CC-BY-NC,https://www.inaturalist.org/observations/359607815,https://inaturalist-open-data.s3.amazonaws.com/photos/656128905/medium.jpg,,,,1,0,False,2,"Eastern St & Bella Vista, New Haven, CT 06513, USA",41.3143046,-72.87399898,4.0,,,,4.0,,open,False,,,Sweet Pepperbush,Clethra alnifolia,Sweet Pepperbush,Plantae,52867.0,G
359608056,add16bd2-cca5-4b43-b221-9699738244b2,2026-05-08 15:29:37,2026-05-08,2026-05-08 19:29:37 UTC,Eastern Time (US & Canada),5082106,mariposasquimnipiac,,2026-05-08 19:30:35 UTC,2026-05-10 14:29:25 UTC,needs_id,CC-BY-NC,https://www.inaturalist.org/observations/359608056,https://inaturalist-open-data.s3.amazonaws.com/photos/657309156/medium.jpg,,,,0,0,False,2,"Eastern St & Bella Vista, New Haven, CT 06513, USA",41.31450619,-72.8737375,3.0,,,,3.0,,,False,,,wintercresses,Barbarea,wintercresses,Plantae,52977.0,F
360229321,7e5402cf-a24e-48fa-90f5-530fffebb6fe,2026-05-08 15:30:35,2026-05-08,2026-05-08 19:30:35 UTC,Eastern Time (US & Canada),5082106,mariposasquimnipiac,,2026-05-10 14:29:26 UTC,2026-05-10 14:30:02 UTC,needs_id,CC-BY-NC,https://www.inaturalist.org/observations/360229321,https://inaturalist-open-data.s3.amazonaws.com/photos/657309598/medium.jpg,,,,0,0,False,2,"Eastern St & Bella Vista, New Haven, CT 06513, USA",41.31447685,-72.8737575,4.0,,,,4.0,,,False,,,pearly everlasting,Anaphalis margaritacea,pearly everlasting,Plantae,52833.0,F
360229568,2a762f46-aca4-4c2a-88d7-4e48dd86880e,2026-05-08 15:33:04,2026-05-08,2026-05-08 19:33:04 UTC,Eastern Time (US & Canada),5082106,mariposasquimnipiac,,2026-05-10 14:30:04 UTC,2026-05-10 14:45:55 UTC,needs_id,CC-BY-NC,https://www.inaturalist.org/observations/360229568,https://inaturalist-open-data.s3.amazonaws.com/photos/657319303/medium.jpg,,,,0,0,False,2,"Eastern St & Bella Vista, New Haven, CT 06513, USA",41.31441062,-72.87376533,3.0,,,,3.0,,,False,,,"Sunflowers, Daisies, Asters, and Allies",Asteraceae,"Sunflowers, Daisies, Asters, and Allies",Plantae,47604.0,Garden Boundary
