{
  "type" : "FeatureCollection",
  "name" : "Tracks",
  "features" : [
    {
      "properties" : {
        "Name" : "Track 1",
        "Length" : 56.26306749576122,
        "Remarks" : ""
      },
      "type" : "Feature",
      "geometry" : {
        "type" : "LineString",
        "coordinates" : [
          [
            -72.873862467999999,
            41.314404635000002,
            -26.8842
          ],
          [
            -72.873861751000007,
            41.314404234000001,
            -26.986699999999999
          ],
          [
            -72.873864467000004,
            41.314409484000002,
            -27.049900000000001
          ],
          [
            -72.873864796999996,
            41.314410612000003,
            -27.041699999999999
          ],
          [
            -72.873863151999998,
            41.314415814,
            -27.114899999999999
          ],
          [
            -72.873863420000006,
            41.314418846999999,
            -27.029399999999999
          ],
          [
            -72.873856715000002,
            41.314419743000002,
            -26.787400000000002
          ],
          [
            -72.873840207000001,
            41.314415781000001,
            -26.6586
          ],
          [
            -72.873831134,
            41.314413801000001,
            -27.0808
          ],
          [
            -72.873825847999996,
            41.314404701999997,
            -26.9148
          ],
          [
            -72.873818710999998,
            41.314397841000002,
            -26.892900000000001
          ],
          [
            -72.873810797999994,
            41.314389059,
            -26.8432
          ],
          [
            -72.873803658,
            41.314390971000002,
            -27.060600000000001
          ],
          [
            -72.873793849999998,
            41.314384539000002,
            -26.950900000000001
          ],
          [
            -72.873785939000001,
            41.314380110999998,
            -26.828800000000001
          ],
          [
            -72.873779900000002,
            41.314380649,
            -26.8826
          ],
          [
            -72.873779476999999,
            41.314378923,
            -26.857500000000002
          ],
          [
            -72.873772345999996,
            41.314380006999997,
            -26.777799999999999
          ],
          [
            -72.873765238000004,
            41.314376737000003,
            -26.842099999999999
          ],
          [
            -72.873762151999998,
            41.314374063000002,
            -26.7407
          ],
          [
            -72.873760630000007,
            41.314368008999999,
            -26.898700000000002
          ],
          [
            -72.873759923999998,
            41.314373543999999,
            -26.7362
          ],
          [
            -72.873767826000005,
            41.314377413999999,
            -26.831399999999999
          ],
          [
            -72.873773960999998,
            41.314375851999998,
            -26.794899999999998
          ],
          [
            -72.873775877,
            41.314380880000002,
            -26.608000000000001
          ],
          [
            -72.873775941999995,
            41.314378349999998,
            -26.5913
          ],
          [
            -72.873782485999996,
            41.314380876000001,
            -26.449100000000001
          ],
          [
            -72.873784936999996,
            41.314375382999998,
            -26.523299999999999
          ],
          [
            -72.873790764999995,
            41.314375009999999,
            -26.537400000000002
          ],
          [
            -72.873800373999998,
            41.314376418000002,
            -26.579599999999999
          ],
          [
            -72.873810062000004,
            41.314376926999998,
            -26.305700000000002
          ],
          [
            -72.873827247999998,
            41.314374291999997,
            -26.572600000000001
          ],
          [
            -72.873837621000007,
            41.314372444,
            -26.543600000000001
          ],
          [
            -72.873845744999997,
            41.314375392000002,
            -26.471
          ],
          [
            -72.873853513,
            41.314372351999999,
            -26.543299999999999
          ],
          [
            -72.873855910000003,
            41.314378240000003,
            -26.1709
          ],
          [
            -72.873860382999993,
            41.314383409999998,
            -26.100000000000001
          ],
          [
            -72.873860128000004,
            41.314388753999999,
            -26.3977
          ],
          [
            -72.873863555,
            41.314396729000002,
            -26.564399999999999
          ],
          [
            -72.873866561,
            41.314399543,
            -26.648
          ],
          [
            -72.873867681999997,
            41.314407529,
            -26.615200000000002
          ],
          [
            -72.873859725000003,
            41.314413350999999,
            -26.703800000000001
          ],
          [
            -72.873848398999996,
            41.314415908999997,
            -26.588699999999999
          ],
          [
            -72.873849629000006,
            41.314413649999999,
            -26.7456
          ],
          [
            -72.873840580999996,
            41.314419448999999,
            -26.6188
          ],
          [
            -72.873833145999996,
            41.314425743999998,
            -26.583200000000001
          ],
          [
            -72.873823806000004,
            41.314428939999999,
            -26.460899999999999
          ],
          [
            -72.873814624999994,
            41.314427623999997,
            -26.629300000000001
          ],
          [
            -72.873807349000003,
            41.314424586000001,
            -26.8019
          ],
          [
            -72.873802587,
            41.314423108,
            -26.745899999999999
          ],
          [
            -72.873795555000001,
            41.314417427000002,
            -26.7942
          ],
          [
            -72.873798024999999,
            41.314418365999998,
            -27.290800000000001
          ],
          [
            -72.873791660999998,
            41.314415769999997,
            -27.233000000000001
          ],
          [
            -72.873789673999994,
            41.314412519000001,
            -27.2349
          ],
          [
            -72.873788977999993,
            41.314411405999998,
            -27.270199999999999
          ],
          [
            -72.873788611999998,
            41.314409992000002,
            -27.252099999999999
          ],
          [
            -72.873788860000005,
            41.314409689999998,
            -27.135899999999999
          ],
          [
            -72.873788485999995,
            41.314408893,
            -26.9864
          ],
          [
            -72.873788662999999,
            41.314409003000002,
            -26.986899999999999
          ],
          [
            -72.873786866000003,
            41.314407938000002,
            -26.9801
          ],
          [
            -72.873785701000003,
            41.314408182999998,
            -26.904900000000001
          ],
          [
            -72.873785561000005,
            41.314408851000003,
            -26.871300000000002
          ],
          [
            -72.873785402999999,
            41.314408683000003,
            -26.7501
          ],
          [
            -72.873785537000003,
            41.314408849000003,
            -26.792300000000001
          ],
          [
            -72.873785537000003,
            41.314408849000003,
            -26.792300000000001
          ],
          [
            -72.873786039999999,
            41.314409046000002,
            -26.876999999999999
          ],
          [
            -72.873788058000002,
            41.314409517999998,
            -26.7986
          ],
          [
            -72.873786272999993,
            41.314409394999998,
            -26.840199999999999
          ],
          [
            -72.873786409999994,
            41.314410225000003,
            -26.840299999999999
          ],
          [
            -72.873786409999994,
            41.314410225000003,
            -26.840299999999999
          ],
          [
            -72.873791968999996,
            41.314407684999999,
            -26.780000000000001
          ],
          [
            -72.873795763000004,
            41.314408376999999,
            -26.705300000000001
          ],
          [
            -72.873798613999995,
            41.314405944000001,
            -26.868500000000001
          ],
          [
            -72.873803229000004,
            41.314402715,
            -26.860800000000001
          ],
          [
            -72.873805521999998,
            41.314399473000002,
            -26.8215
          ],
          [
            -72.873812199,
            41.314396799999997,
            -26.761700000000001
          ],
          [
            -72.873809992000005,
            41.314392673999997,
            -26.650600000000001
          ],
          [
            -72.873813510999994,
            41.314394323000002,
            -26.631499999999999
          ],
          [
            -72.873802893999994,
            41.314390271000001,
            -26.641400000000001
          ],
          [
            -72.873797109999998,
            41.314385139000002,
            -26.574999999999999
          ],
          [
            -72.873786976999995,
            41.314382123000001,
            -26.664400000000001
          ],
          [
            -72.873776965999994,
            41.314377491999998,
            -26.554099999999998
          ],
          [
            -72.873772328000001,
            41.314376623000001,
            -26.402699999999999
          ],
          [
            -72.873780738999997,
            41.314376605,
            -26.3309
          ],
          [
            -72.873787370000002,
            41.314384326999999,
            -26.361799999999999
          ],
          [
            -72.873797296999996,
            41.314385039999998,
            -26.352399999999999
          ],
          [
            -72.873807653,
            41.314391465,
            -26.347300000000001
          ],
          [
            -72.873821504999995,
            41.314397546000002,
            -26.3582
          ],
          [
            -72.873832938999996,
            41.314403022,
            -26.427299999999999
          ],
          [
            -72.873842320999998,
            41.314407877999997,
            -26.5275
          ],
          [
            -72.873850661000006,
            41.314409922000003,
            -26.6615
          ],
          [
            -72.873858541000004,
            41.314410680999998,
            -26.5456
          ],
          [
            -72.873861434999995,
            41.314409541000003,
            -26.438600000000001
          ],
          [
            -72.873862822000007,
            41.314410518999999,
            -26.474499999999999
          ],
          [
            -72.873862153999994,
            41.314409716,
            -26.473400000000002
          ],
          [
            -72.873862588999998,
            41.314409765999997,
            -26.482399999999998
          ],
          [
            -72.873864573999995,
            41.314409910000002,
            -26.469200000000001
          ],
          [
            -72.873864791000003,
            41.314410176999999,
            -26.474699999999999
          ],
          [
            -72.873865437999996,
            41.314410328999998,
            -26.401900000000001
          ],
          [
            -72.873866168999996,
            41.314410852999998,
            -26.439399999999999
          ],
          [
            -72.873865956000003,
            41.314413989999998,
            -26.497
          ],
          [
            -72.873869974000002,
            41.314416973,
            -26.410900000000002
          ],
          [
            -72.873871453999996,
            41.314420259000002,
            -26.462800000000001
          ]
        ]
      }
    },
    {
      "geometry" : {
        "coordinates" : [
          [
            -72.873898154000003,
            41.314410531999997,
            -27.093499999999999
          ],
          [
            -72.873895903000005,
            41.314409374999997,
            -26.9816
          ],
          [
            -72.873897193000005,
            41.314406876,
            -27.047999999999998
          ],
          [
            -72.873893324999997,
            41.314405604000001,
            -26.965399999999999
          ],
          [
            -72.873893843000005,
            41.314404656999997,
            -27.029800000000002
          ],
          [
            -72.873894750000005,
            41.314403491999997,
            -27.0045
          ],
          [
            -72.873896639999998,
            41.314402504999997,
            -27.032499999999999
          ],
          [
            -72.873898076000003,
            41.314398621999999,
            -26.937999999999999
          ],
          [
            -72.873895985000004,
            41.314394923000002,
            -26.9605
          ],
          [
            -72.873895399999995,
            41.314389276,
            -26.968
          ],
          [
            -72.873891056999994,
            41.314382399000003,
            -26.847100000000001
          ],
          [
            -72.873889495,
            41.314376025000001,
            -26.6492
          ],
          [
            -72.873887667000005,
            41.314370848999999,
            -26.6919
          ],
          [
            -72.873884641000004,
            41.314364601999998,
            -26.699100000000001
          ],
          [
            -72.873881365000003,
            41.314360493999999,
            -26.709900000000001
          ],
          [
            -72.873878423999997,
            41.314355554000002,
            -26.677499999999998
          ],
          [
            -72.873874866999998,
            41.314351629999997,
            -26.512499999999999
          ],
          [
            -72.873870862999993,
            41.314348328000001,
            -26.609000000000002
          ],
          [
            -72.873868376999994,
            41.314343405000002,
            -26.5093
          ],
          [
            -72.873865335000005,
            41.314339517000001,
            -26.231400000000001
          ],
          [
            -72.873862137000003,
            41.314334269,
            -26.156400000000001
          ],
          [
            -72.873860368999999,
            41.314330650000002,
            -26.182400000000001
          ],
          [
            -72.873855930000005,
            41.314325445999998,
            -26.125800000000002
          ],
          [
            -72.873854508999997,
            41.314324433000003,
            -26.2072
          ],
          [
            -72.873854170000001,
            41.314325392999997,
            -26.229299999999999
          ],
          [
            -72.873854484000006,
            41.314325910999997,
            -26.230799999999999
          ],
          [
            -72.873854484000006,
            41.314325910999997,
            -26.230799999999999
          ],
          [
            -72.873853260999994,
            41.314325248000003,
            -26.155999999999999
          ],
          [
            -72.873854094999999,
            41.314325015999998,
            -26.205400000000001
          ],
          [
            -72.873854094999999,
            41.314325015999998,
            -26.205400000000001
          ],
          [
            -72.873854453000007,
            41.314325138999997,
            -26.036799999999999
          ],
          [
            -72.873852607000003,
            41.314324138000003,
            -25.878499999999999
          ],
          [
            -72.873853370999996,
            41.314324274999997,
            -25.781099999999999
          ],
          [
            -72.873853718000007,
            41.314324560000003,
            -25.763999999999999
          ],
          [
            -72.873852112999998,
            41.314325373999999,
            -25.811299999999999
          ],
          [
            -72.873852024000001,
            41.314322992999998,
            -25.802
          ],
          [
            -72.873851285000001,
            41.31432418,
            -25.8001
          ],
          [
            -72.873851403000003,
            41.314324831999997,
            -25.799600000000002
          ],
          [
            -72.873851196999993,
            41.314324081000002,
            -25.8142
          ],
          [
            -72.873850657999995,
            41.314323463999997,
            -25.882400000000001
          ],
          [
            -72.873851313000003,
            41.314324640000002,
            -25.8947
          ],
          [
            -72.873849415999999,
            41.314322904000001,
            -25.999500000000001
          ],
          [
            -72.873847081999997,
            41.314322625000003,
            -26.0593
          ],
          [
            -72.873848219999999,
            41.314325236000002,
            -26.088000000000001
          ],
          [
            -72.873848897000002,
            41.314325723000003,
            -26.0063
          ],
          [
            -72.873849664999995,
            41.314325512000003,
            -26.1509
          ],
          [
            -72.873849648000004,
            41.314326518999998,
            -26.189299999999999
          ],
          [
            -72.87385046,
            41.314326844999997,
            -26.236699999999999
          ],
          [
            -72.87385046,
            41.314326844999997,
            -26.236699999999999
          ],
          [
            -72.873851224000006,
            41.314327059,
            -26.304600000000001
          ],
          [
            -72.873850974000007,
            41.314327007000003,
            -26.440999999999999
          ],
          [
            -72.873851619000007,
            41.314325631000003,
            -26.525500000000001
          ],
          [
            -72.873852599000003,
            41.314327096,
            -26.530000000000001
          ],
          [
            -72.873852916000004,
            41.314326373999997,
            -26.4892
          ],
          [
            -72.873853612000005,
            41.314327265999999,
            -26.537199999999999
          ],
          [
            -72.873854382999994,
            41.314327448999997,
            -26.6523
          ],
          [
            -72.873852638000002,
            41.314325394000001,
            -26.692900000000002
          ],
          [
            -72.873852841000001,
            41.314325502999999,
            -26.730699999999999
          ],
          [
            -72.873853456000006,
            41.314325512000003,
            -26.782499999999999
          ],
          [
            -72.873853581999995,
            41.314325666999999,
            -26.789100000000001
          ],
          [
            -72.873854097000006,
            41.314323921000003,
            -26.875699999999998
          ],
          [
            -72.873853659000005,
            41.314323971999997,
            -26.868300000000001
          ],
          [
            -72.873854528999999,
            41.314324110999998,
            -26.8504
          ],
          [
            -72.873854210000005,
            41.314324149000001,
            -26.9861
          ],
          [
            -72.873852959000004,
            41.314326858999998,
            -26.895600000000002
          ],
          [
            -72.873852280999998,
            41.314324335999999,
            -26.9984
          ],
          [
            -72.873853754999999,
            41.314326465999997,
            -26.8919
          ],
          [
            -72.873853151999995,
            41.314326508000001,
            -26.853000000000002
          ],
          [
            -72.873853038999997,
            41.314326790999999,
            -26.866199999999999
          ],
          [
            -72.873853038999997,
            41.314326790999999,
            -26.866199999999999
          ],
          [
            -72.873853038999997,
            41.314326790999999,
            -26.866199999999999
          ],
          [
            -72.873852137,
            41.314326057000002,
            -26.757200000000001
          ],
          [
            -72.873851604999999,
            41.314326221999998,
            -26.8338
          ],
          [
            -72.873852103000004,
            41.314329743999998,
            -27.378399999999999
          ],
          [
            -72.873851310000006,
            41.314329588,
            -27.5044
          ],
          [
            -72.873851951000006,
            41.314332508,
            -27.595500000000001
          ],
          [
            -72.873851951000006,
            41.314332508,
            -27.595500000000001
          ],
          [
            -72.873851951000006,
            41.314332508,
            -27.595500000000001
          ],
          [
            -72.873851951000006,
            41.314332508,
            -27.595500000000001
          ],
          [
            -72.873851951000006,
            41.314332508,
            -27.595500000000001
          ],
          [
            -72.873851951000006,
            41.314332508,
            -27.595500000000001
          ],
          [
            -72.873851951000006,
            41.314332508,
            -27.595500000000001
          ],
          [
            -72.873851951000006,
            41.314332508,
            -27.595500000000001
          ],
          [
            -72.873851951000006,
            41.314332508,
            -27.595500000000001
          ],
          [
            -72.873851951000006,
            41.314332508,
            -27.595500000000001
          ],
          [
            -72.873851951000006,
            41.314332508,
            -27.595500000000001
          ],
          [
            -72.873851951000006,
            41.314332508,
            -27.595500000000001
          ],
          [
            -72.873851951000006,
            41.314332508,
            -27.595500000000001
          ],
          [
            -72.873851951000006,
            41.314332508,
            -27.595500000000001
          ],
          [
            -72.873851951000006,
            41.314332508,
            -27.595500000000001
          ],
          [
            -72.873851951000006,
            41.314332508,
            -27.595500000000001
          ],
          [
            -72.873851951000006,
            41.314332508,
            -27.595500000000001
          ],
          [
            -72.873851951000006,
            41.314332508,
            -27.595500000000001
          ],
          [
            -72.873851951000006,
            41.314332508,
            -27.595500000000001
          ],
          [
            -72.873851951000006,
            41.314332508,
            -27.595500000000001
          ],
          [
            -72.873851951000006,
            41.314332508,
            -27.595500000000001
          ],
          [
            -72.873851951000006,
            41.314332508,
            -27.595500000000001
          ],
          [
            -72.873851951000006,
            41.314332508,
            -27.595500000000001
          ],
          [
            -72.873851951000006,
            41.314332508,
            -27.595500000000001
          ],
          [
            -72.873851951000006,
            41.314332508,
            -27.595500000000001
          ],
          [
            -72.873851951000006,
            41.314332508,
            -27.595500000000001
          ],
          [
            -72.873851951000006,
            41.314332508,
            -27.595500000000001
          ],
          [
            -72.873851951000006,
            41.314332508,
            -27.595500000000001
          ],
          [
            -72.873851951000006,
            41.314332508,
            -27.595500000000001
          ],
          [
            -72.873851951000006,
            41.314332508,
            -27.595500000000001
          ],
          [
            -72.873851951000006,
            41.314332508,
            -27.595500000000001
          ],
          [
            -72.873851951000006,
            41.314332508,
            -27.595500000000001
          ],
          [
            -72.873851951000006,
            41.314332508,
            -27.595500000000001
          ],
          [
            -72.873851951000006,
            41.314332508,
            -27.595500000000001
          ],
          [
            -72.873851951000006,
            41.314332508,
            -27.595500000000001
          ],
          [
            -72.873851951000006,
            41.314332508,
            -27.595500000000001
          ],
          [
            -72.873837418999997,
            41.314324225999997,
            -25.010200000000001
          ],
          [
            -72.873838296000002,
            41.314324425000002,
            -25.009899999999998
          ],
          [
            -72.873838296000002,
            41.314324425000002,
            -25.009899999999998
          ],
          [
            -72.873836918999999,
            41.314325033999999,
            -25.020900000000001
          ],
          [
            -72.873837347999995,
            41.314325322000002,
            -25.024899999999999
          ],
          [
            -72.873837347999995,
            41.314325322000002,
            -25.024899999999999
          ],
          [
            -72.873836787000002,
            41.314324814999999,
            -25.255800000000001
          ],
          [
            -72.873837166000001,
            41.314325036,
            -25.257400000000001
          ],
          [
            -72.873837166000001,
            41.314325036,
            -25.257400000000001
          ],
          [
            -72.873837166000001,
            41.314325036,
            -25.257400000000001
          ],
          [
            -72.873837166000001,
            41.314325036,
            -25.257400000000001
          ],
          [
            -72.873834721999998,
            41.314324743,
            -25.5916
          ],
          [
            -72.873834860000002,
            41.314324859000003,
            -25.595500000000001
          ],
          [
            -72.873834860000002,
            41.314324859000003,
            -25.595500000000001
          ],
          [
            -72.873834860000002,
            41.314324859000003,
            -25.595500000000001
          ],
          [
            -72.873834860000002,
            41.314324859000003,
            -25.595500000000001
          ],
          [
            -72.873834860000002,
            41.314324859000003,
            -25.595500000000001
          ],
          [
            -72.873834860000002,
            41.314324859000003,
            -25.595500000000001
          ],
          [
            -72.873834860000002,
            41.314324859000003,
            -25.595500000000001
          ],
          [
            -72.873834860000002,
            41.314324859000003,
            -25.595500000000001
          ],
          [
            -72.873834860000002,
            41.314324859000003,
            -25.595500000000001
          ],
          [
            -72.873834860000002,
            41.314324859000003,
            -25.595500000000001
          ],
          [
            -72.873834860000002,
            41.314324859000003,
            -25.595500000000001
          ],
          [
            -72.873833450000006,
            41.314322150000002,
            -26.110399999999998
          ],
          [
            -72.873832585000002,
            41.314321759000002,
            -26.130700000000001
          ],
          [
            -72.873832570999994,
            41.314321688,
            -26.147099999999998
          ],
          [
            -72.873832570999994,
            41.314321688,
            -26.147099999999998
          ],
          [
            -72.873832570999994,
            41.314321688,
            -26.147099999999998
          ],
          [
            -72.873832570999994,
            41.314321688,
            -26.147099999999998
          ],
          [
            -72.873832570999994,
            41.314321688,
            -26.147099999999998
          ],
          [
            -72.873832570999994,
            41.314321688,
            -26.147099999999998
          ],
          [
            -72.873832570999994,
            41.314321688,
            -26.147099999999998
          ],
          [
            -72.873833090999995,
            41.314320305000003,
            -26.3994
          ],
          [
            -72.873830628999997,
            41.314318448000002,
            -26.360700000000001
          ],
          [
            -72.873822861999997,
            41.314313736999999,
            -26.3385
          ],
          [
            -72.873823650000006,
            41.314309135999999,
            -26.424399999999999
          ],
          [
            -72.873817842999998,
            41.314304806000003,
            -26.6983
          ],
          [
            -72.873819922999999,
            41.314305394999998,
            -26.569800000000001
          ],
          [
            -72.873818736000004,
            41.314306272000003,
            -26.457799999999999
          ],
          [
            -72.873819492999999,
            41.314304829000001,
            -26.4847
          ],
          [
            -72.873819585999996,
            41.314305591,
            -26.373100000000001
          ],
          [
            -72.873819585999996,
            41.314305591,
            -26.373100000000001
          ],
          [
            -72.873819897999994,
            41.314304470000003,
            -26.204000000000001
          ],
          [
            -72.873818686000007,
            41.314308332000003,
            -26.277899999999999
          ],
          [
            -72.873821274999997,
            41.314290851999999,
            -25.656099999999999
          ],
          [
            -72.873820484000007,
            41.314298119,
            -26.021699999999999
          ],
          [
            -72.873816743000006,
            41.314294934000003,
            -25.988700000000001
          ],
          [
            -72.873814435,
            41.314296691000003,
            -26.008500000000002
          ],
          [
            -72.87381413,
            41.314296339999999,
            -26.048200000000001
          ],
          [
            -72.873814620000005,
            41.314296661,
            -25.9985
          ],
          [
            -72.873816958000006,
            41.314291887000003,
            -26.180800000000001
          ],
          [
            -72.873817989000003,
            41.314292283999997,
            -26.164100000000001
          ],
          [
            -72.873817989000003,
            41.314292283999997,
            -26.164100000000001
          ],
          [
            -72.873812662000006,
            41.314285509000001,
            -26.241099999999999
          ],
          [
            -72.873809359999996,
            41.314282626999997,
            -26.198599999999999
          ],
          [
            -72.873802792000006,
            41.314282454999997,
            -26.323399999999999
          ],
          [
            -72.873796972999997,
            41.314282265999999,
            -26.328700000000001
          ],
          [
            -72.873796083000002,
            41.314282081999998,
            -26.268899999999999
          ],
          [
            -72.873795403000003,
            41.314282947999999,
            -26.283000000000001
          ],
          [
            -72.873796235,
            41.314281711,
            -26.331900000000001
          ]
        ],
        "type" : "LineString"
      },
      "type" : "Feature",
      "properties" : {
        "Remarks" : "",
        "Name" : "2020 ink",
        "Length" : 30.106207492811883
      }
    },
    {
      "properties" : {
        "Name" : "sunny 2024",
        "Remarks" : "",
        "Length" : 41.193439415352614
      },
      "type" : "Feature",
      "geometry" : {
        "coordinates" : [
          [
            -72.873719692999998,
            41.314449070000002,
            -27.445699999999999
          ],
          [
            -72.873710872000004,
            41.314449535000001,
            -27.396699999999999
          ],
          [
            -72.873714801999995,
            41.314446826999998,
            -27.4834
          ],
          [
            -72.873715214000001,
            41.314448534,
            -27.403199999999998
          ],
          [
            -72.873714121000006,
            41.314448362,
            -27.388000000000002
          ],
          [
            -72.873717438,
            41.314453710000002,
            -29.039899999999999
          ],
          [
            -72.873709567000006,
            41.314451278,
            -28.181100000000001
          ],
          [
            -72.873705911000002,
            41.314448237000001,
            -28.116499999999998
          ],
          [
            -72.873704058000001,
            41.314445202999998,
            -28.329699999999999
          ],
          [
            -72.873703128000002,
            41.314445939999999,
            -28.174499999999998
          ],
          [
            -72.873700348,
            41.314444731999998,
            -28.193200000000001
          ],
          [
            -72.873695436000006,
            41.314445335000002,
            -28.094000000000001
          ],
          [
            -72.873692207000005,
            41.314445620999997,
            -28.127300000000002
          ],
          [
            -72.873690835999994,
            41.314446130999997,
            -28.0275
          ],
          [
            -72.873689505000002,
            41.314444590999997,
            -27.984000000000002
          ],
          [
            -72.873684995999994,
            41.314445745,
            -28.047999999999998
          ],
          [
            -72.873677258000001,
            41.314451882999997,
            -28.105799999999999
          ],
          [
            -72.873674582000007,
            41.3144566,
            -28.071999999999999
          ],
          [
            -72.873670958999995,
            41.314462527000003,
            -27.9877
          ],
          [
            -72.873669839000002,
            41.314467188000002,
            -27.9405
          ],
          [
            -72.873667458,
            41.314471011000002,
            -27.990300000000001
          ],
          [
            -72.873664723999994,
            41.314476011000004,
            -27.933
          ],
          [
            -72.873660462000004,
            41.314481768999997,
            -27.859999999999999
          ],
          [
            -72.873659072999999,
            41.314487544000002,
            -27.869900000000001
          ],
          [
            -72.873656991000004,
            41.314493407999997,
            -27.776
          ],
          [
            -72.87365973,
            41.314501,
            -27.703299999999999
          ],
          [
            -72.873659903000004,
            41.314507923999997,
            -27.705200000000001
          ],
          [
            -72.873661014000007,
            41.314515626999999,
            -27.707100000000001
          ],
          [
            -72.873666865000004,
            41.314520623999996,
            -27.710699999999999
          ],
          [
            -72.873673390999997,
            41.314523991000002,
            -27.493400000000001
          ],
          [
            -72.873684304999998,
            41.314526061000002,
            -27.578099999999999
          ],
          [
            -72.873695092999995,
            41.314526678,
            -27.402200000000001
          ],
          [
            -72.873705759000003,
            41.314525885000002,
            -27.267099999999999
          ],
          [
            -72.873717729000006,
            41.314524655,
            -27.259799999999998
          ],
          [
            -72.873727411000004,
            41.314520768999998,
            -27.156300000000002
          ],
          [
            -72.873739180000001,
            41.314516679999997,
            -27.125699999999998
          ],
          [
            -72.873749451999998,
            41.314513161000001,
            -27.144600000000001
          ],
          [
            -72.873758933999994,
            41.314507466999999,
            -26.9864
          ],
          [
            -72.873768322000004,
            41.314502877999999,
            -27.011700000000001
          ],
          [
            -72.873772701999997,
            41.314498538999999,
            -26.941500000000001
          ],
          [
            -72.873774333,
            41.314495014999999,
            -26.891999999999999
          ],
          [
            -72.873774658000002,
            41.314494662000001,
            -26.804200000000002
          ],
          [
            -72.873779087000003,
            41.314492827999999,
            -26.960599999999999
          ],
          [
            -72.873774795000003,
            41.314494996999997,
            -27.0947
          ],
          [
            -72.873780902999997,
            41.314491211000004,
            -26.780100000000001
          ],
          [
            -72.873777451999999,
            41.314487518999996,
            -26.707100000000001
          ],
          [
            -72.873777984,
            41.314485302999998,
            -26.651299999999999
          ],
          [
            -72.873775735999999,
            41.314482253999998,
            -26.598800000000001
          ],
          [
            -72.873771821000005,
            41.314478442999999,
            -26.3567
          ],
          [
            -72.873772807999998,
            41.314475481000002,
            -26.5566
          ],
          [
            -72.873770328999996,
            41.314472785,
            -26.450800000000001
          ],
          [
            -72.873764582000007,
            41.314470157999999,
            -26.445799999999998
          ],
          [
            -72.873769260000003,
            41.314469187,
            -26.239999999999998
          ],
          [
            -72.873768057999996,
            41.314467598999997,
            -26.278700000000001
          ],
          [
            -72.873770160000007,
            41.314467110000002,
            -26.362500000000001
          ],
          [
            -72.873770925000002,
            41.314465202999997,
            -26.5061
          ],
          [
            -72.873760583000006,
            41.314462833999997,
            -25.615600000000001
          ],
          [
            -72.873767337999993,
            41.314463428000003,
            -25.974799999999998
          ],
          [
            -72.873766599000007,
            41.314462704,
            -26.084900000000001
          ],
          [
            -72.873766576999998,
            41.314463930999999,
            -26.121200000000002
          ],
          [
            -72.873767545000007,
            41.314464027,
            -26.183499999999999
          ],
          [
            -72.873766579999995,
            41.314463996999997,
            -26.113099999999999
          ],
          [
            -72.873766666999998,
            41.314464076,
            -26.154800000000002
          ],
          [
            -72.873766666999998,
            41.314464076,
            -26.154800000000002
          ],
          [
            -72.873765172000006,
            41.314466000000003,
            -26.167999999999999
          ],
          [
            -72.873765563999996,
            41.314466951999997,
            -26.134
          ],
          [
            -72.873762611000004,
            41.314464993999998,
            -25.7685
          ],
          [
            -72.873758228,
            41.314465833,
            -25.444500000000001
          ],
          [
            -72.873764093999995,
            41.314463042,
            -25.8309
          ],
          [
            -72.873761536000004,
            41.314470876999998,
            -25.8126
          ],
          [
            -72.873764695000006,
            41.314466846999998,
            -26.1327
          ],
          [
            -72.873762611999993,
            41.314470213,
            -26.089400000000001
          ],
          [
            -72.873764058999996,
            41.314468456999997,
            -26.306000000000001
          ],
          [
            -72.873757870999995,
            41.314477128,
            -26.311800000000002
          ],
          [
            -72.873761080999998,
            41.314480850999999,
            -26.1479
          ],
          [
            -72.873762299999996,
            41.314478217000001,
            -26.3339
          ],
          [
            -72.873765147,
            41.314479581999997,
            -26.295500000000001
          ],
          [
            -72.873761126000005,
            41.314471165999997,
            -26.2151
          ],
          [
            -72.873763365000002,
            41.314471285000003,
            -26.231100000000001
          ],
          [
            -72.873764840999996,
            41.314469490999997,
            -26.185400000000001
          ],
          [
            -72.873765693999999,
            41.314469084999999,
            -26.213999999999999
          ],
          [
            -72.873765832999993,
            41.314469064999997,
            -26.2196
          ],
          [
            -72.87376218,
            41.314467978000003,
            -26.148
          ],
          [
            -72.873762927000001,
            41.314469225000003,
            -26.207899999999999
          ],
          [
            -72.873763046999997,
            41.314468140999999,
            -26.2407
          ],
          [
            -72.873764206000004,
            41.314468466000001,
            -26.252700000000001
          ],
          [
            -72.873764649999998,
            41.314468021000003,
            -26.331399999999999
          ],
          [
            -72.873765074999994,
            41.314467854999997,
            -26.295300000000001
          ],
          [
            -72.873765422999995,
            41.314469076000002,
            -26.247900000000001
          ],
          [
            -72.873766313000004,
            41.314468310000002,
            -26.347100000000001
          ],
          [
            -72.873767452999999,
            41.314468548999997,
            -26.290400000000002
          ],
          [
            -72.873767423000004,
            41.314467874000002,
            -26.286200000000001
          ],
          [
            -72.873767256999997,
            41.314467729999997,
            -26.288599999999999
          ],
          [
            -72.873768690000006,
            41.314467002999997,
            -26.246600000000001
          ],
          [
            -72.873767795000006,
            41.314466834999998,
            -26.199400000000001
          ]
        ],
        "type" : "LineString"
      }
    },
    {
      "geometry" : {
        "type" : "LineString",
        "coordinates" : [
          [
            -72.873842142000001,
            41.314189270999996,
            -26.3553
          ],
          [
            -72.873840318000006,
            41.314188815999998,
            -26.1921
          ],
          [
            -72.873838176999996,
            41.314187578999999,
            -26.557400000000001
          ],
          [
            -72.873838562000003,
            41.314184210999997,
            -26.541799999999999
          ],
          [
            -72.873844477999995,
            41.314179422000002,
            -26.6175
          ],
          [
            -72.873842042999996,
            41.314181842000004,
            -26.873699999999999
          ],
          [
            -72.873843722000004,
            41.314181757,
            -26.7624
          ],
          [
            -72.873842866999993,
            41.314182199000001,
            -26.750299999999999
          ],
          [
            -72.873842163000006,
            41.314182131000003,
            -26.623200000000001
          ],
          [
            -72.873841744000003,
            41.314182107000001,
            -26.686199999999999
          ],
          [
            -72.873842092999993,
            41.314181294000001,
            -26.7898
          ],
          [
            -72.873841260000006,
            41.314180901999997,
            -26.801200000000001
          ],
          [
            -72.873841067000001,
            41.314180733999997,
            -26.718900000000001
          ],
          [
            -72.873840419999993,
            41.314181198,
            -26.759799999999998
          ],
          [
            -72.873840138000006,
            41.314181284999997,
            -26.768599999999999
          ],
          [
            -72.873840138000006,
            41.314181284999997,
            -26.768599999999999
          ],
          [
            -72.873837657999999,
            41.314182281000001,
            -26.4876
          ],
          [
            -72.873837172999998,
            41.314182989000003,
            -26.383800000000001
          ],
          [
            -72.873837449000007,
            41.314183221999997,
            -26.4331
          ],
          [
            -72.873838078999995,
            41.314183952999997,
            -26.444600000000001
          ],
          [
            -72.873839106999995,
            41.314184157,
            -26.459800000000001
          ],
          [
            -72.873838410000005,
            41.314182828,
            -26.353400000000001
          ],
          [
            -72.873837643000002,
            41.314182840999997,
            -26.3324
          ],
          [
            -72.873836718000007,
            41.314184302999998,
            -26.362400000000001
          ],
          [
            -72.873833785000002,
            41.314185641999998,
            -26.304500000000001
          ],
          [
            -72.873842435,
            41.314184339999997,
            -26.3764
          ],
          [
            -72.873841862000006,
            41.314184685000001,
            -26.283100000000001
          ],
          [
            -72.873839505000007,
            41.314185948000002,
            -26.316299999999998
          ],
          [
            -72.873836859999997,
            41.314188690999998,
            -26.1814
          ],
          [
            -72.873838883999994,
            41.314185897999998,
            -26.1675
          ],
          [
            -72.873837895999998,
            41.314187029000003,
            -26.2392
          ],
          [
            -72.87383724,
            41.314187408000002,
            -26.320499999999999
          ],
          [
            -72.873837844999997,
            41.314187644999997,
            -26.329999999999998
          ],
          [
            -72.873838583999998,
            41.314187679,
            -26.465299999999999
          ],
          [
            -72.873838120000002,
            41.314187175999997,
            -26.387799999999999
          ],
          [
            -72.873839429,
            41.314186227,
            -26.561900000000001
          ],
          [
            -72.873840181999995,
            41.314187105000002,
            -26.566299999999998
          ],
          [
            -72.873841437999999,
            41.314186165000002,
            -26.706900000000001
          ],
          [
            -72.873841069999997,
            41.314186990000003,
            -26.604199999999999
          ],
          [
            -72.873840905999998,
            41.314187130999997,
            -26.597300000000001
          ],
          [
            -72.873840905999998,
            41.314187130999997,
            -26.597300000000001
          ],
          [
            -72.873840905999998,
            41.314187130999997,
            -26.597300000000001
          ],
          [
            -72.873840905999998,
            41.314187130999997,
            -26.597300000000001
          ],
          [
            -72.873840905999998,
            41.314187130999997,
            -26.597300000000001
          ],
          [
            -72.873839567999994,
            41.314187943,
            -26.3431
          ],
          [
            -72.873839691000001,
            41.314187220999997,
            -26.290400000000002
          ],
          [
            -72.873838345999999,
            41.314186646000003,
            -26.259899999999998
          ],
          [
            -72.873837739999999,
            41.314186524999997,
            -26.080400000000001
          ],
          [
            -72.873837464999994,
            41.314187617999998,
            -26.074999999999999
          ],
          [
            -72.873836311000005,
            41.314188319000003,
            -25.976099999999999
          ],
          [
            -72.873835990000003,
            41.314188989999998,
            -25.895099999999999
          ],
          [
            -72.873835737999997,
            41.314189124000002,
            -25.880700000000001
          ],
          [
            -72.873835737999997,
            41.314189124000002,
            -25.880700000000001
          ],
          [
            -72.873835737999997,
            41.314189124000002,
            -25.880700000000001
          ],
          [
            -72.873836213999994,
            41.314190171,
            -25.768999999999998
          ],
          [
            -72.873835071000002,
            41.314190035999999,
            -25.768799999999999
          ],
          [
            -72.873833828000002,
            41.314188651999999,
            -25.703800000000001
          ],
          [
            -72.873834001999995,
            41.314186137,
            -25.7149
          ],
          [
            -72.873836417000007,
            41.314179985000003,
            -25.576499999999999
          ],
          [
            -72.873832773000004,
            41.314180141999998,
            -25.408799999999999
          ],
          [
            -72.873831984000006,
            41.314180878999998,
            -25.401599999999998
          ],
          [
            -72.873831984000006,
            41.314180878999998,
            -25.401599999999998
          ],
          [
            -72.873831984000006,
            41.314180878999998,
            -25.401599999999998
          ],
          [
            -72.873831984000006,
            41.314180878999998,
            -25.401599999999998
          ],
          [
            -72.873833187000002,
            41.314181849000001,
            -25.402000000000001
          ],
          [
            -72.873832808000003,
            41.314181372,
            -25.339099999999998
          ],
          [
            -72.873832786999998,
            41.314180763000003,
            -25.268699999999999
          ],
          [
            -72.873837816000005,
            41.314175476999999,
            -25.3338
          ],
          [
            -72.873834349999996,
            41.314176048,
            -25.372499999999999
          ],
          [
            -72.873833672000004,
            41.314171563999999,
            -25.3032
          ],
          [
            -72.873840454000003,
            41.314165682000002,
            -25.9008
          ],
          [
            -72.873834013000007,
            41.314162957999997,
            -25.639199999999999
          ],
          [
            -72.873835135999997,
            41.314158440999996,
            -25.636600000000001
          ],
          [
            -72.873833747000006,
            41.314158712999998,
            -25.415900000000001
          ],
          [
            -72.873830812999998,
            41.314154457000001,
            -25.540900000000001
          ],
          [
            -72.873827065,
            41.314157033999997,
            -25.500599999999999
          ],
          [
            -72.873823475999998,
            41.314161511999998,
            -25.455400000000001
          ],
          [
            -72.873823603999995,
            41.314159316999998,
            -25.462900000000001
          ],
          [
            -72.873823020000003,
            41.314160563999998,
            -25.457100000000001
          ],
          [
            -72.873823384000005,
            41.314160784999999,
            -25.402699999999999
          ],
          [
            -72.873823380000005,
            41.314161126000002,
            -25.393599999999999
          ],
          [
            -72.873821948,
            41.314159105000002,
            -25.2942
          ],
          [
            -72.873817915999993,
            41.314160444999999,
            -25.2621
          ],
          [
            -72.873814956000004,
            41.314160041000001,
            -25.044899999999998
          ],
          [
            -72.873811142999998,
            41.314156564000001,
            -25.151299999999999
          ],
          [
            -72.873802703999999,
            41.314157219000002,
            -25.239899999999999
          ],
          [
            -72.873799747999996,
            41.314158974000001,
            -25.3475
          ],
          [
            -72.873800230000001,
            41.314160737999998,
            -25.4284
          ],
          [
            -72.873802755,
            41.314163157000003,
            -25.460599999999999
          ],
          [
            -72.873802544,
            41.314163106999999,
            -25.6663
          ],
          [
            -72.873800376000005,
            41.314163938999997,
            -25.916699999999999
          ],
          [
            -72.873801533000005,
            41.314165611999996,
            -26.048999999999999
          ],
          [
            -72.873797084000003,
            41.314167148000003,
            -26.311
          ],
          [
            -72.873794954000005,
            41.314169569999997,
            -26.216999999999999
          ],
          [
            -72.873791263000001,
            41.314170156000003,
            -26.333600000000001
          ],
          [
            -72.873787116000003,
            41.314172141999997,
            -26.454000000000001
          ],
          [
            -72.873783914000001,
            41.314175624999997,
            -26.5016
          ],
          [
            -72.873780476999997,
            41.314178712,
            -26.555599999999998
          ],
          [
            -72.873777958999995,
            41.314185215999998,
            -26.450399999999998
          ],
          [
            -72.873780011999997,
            41.314187908000001,
            -26.553000000000001
          ],
          [
            -72.873777974000006,
            41.314193144999997,
            -26.607399999999998
          ],
          [
            -72.873781089999994,
            41.314197438999997,
            -26.533200000000001
          ],
          [
            -72.873782531000003,
            41.314200147999998,
            -26.5243
          ],
          [
            -72.873784275999995,
            41.314201494999999,
            -26.404800000000002
          ],
          [
            -72.873787323000002,
            41.314203282999998,
            -26.408799999999999
          ],
          [
            -72.873792893000001,
            41.314206083999998,
            -26.371200000000002
          ],
          [
            -72.873797178000004,
            41.314208377,
            -26.383500000000002
          ],
          [
            -72.873804031000006,
            41.314209716000001,
            -26.389900000000001
          ],
          [
            -72.873810266999996,
            41.314211688,
            -26.4682
          ],
          [
            -72.8738168,
            41.314212308000002,
            -25.821100000000001
          ],
          [
            -72.873821117000006,
            41.314209513999998,
            -25.944299999999998
          ],
          [
            -72.873819769999997,
            41.314213760000001,
            -25.728899999999999
          ],
          [
            -72.873821461000006,
            41.314207859,
            -25.7028
          ],
          [
            -72.873824255000002,
            41.314209101000003,
            -25.592099999999999
          ],
          [
            -72.873830257999998,
            41.314205932999997,
            -25.628499999999999
          ],
          [
            -72.87383844,
            41.314203437000003,
            -25.604199999999999
          ],
          [
            -72.873841755000001,
            41.314204013000001,
            -25.769600000000001
          ],
          [
            -72.873846364000002,
            41.314200554000003,
            -25.5426
          ],
          [
            -72.873843280000003,
            41.314199989000002,
            -25.731300000000001
          ],
          [
            -72.873840455000007,
            41.314200155000002,
            -25.864899999999999
          ],
          [
            -72.873840786000002,
            41.314199086000002,
            -26.009599999999999
          ],
          [
            -72.873842183999997,
            41.314198568000002,
            -26.159600000000001
          ],
          [
            -72.873841822000003,
            41.314198173999998,
            -26.241
          ],
          [
            -72.873841994000003,
            41.314197698000001,
            -26.377199999999998
          ],
          [
            -72.873843674,
            41.314197456000002,
            -26.421900000000001
          ],
          [
            -72.873843268000002,
            41.314197352000001,
            -26.5245
          ],
          [
            -72.873843984999993,
            41.314196729000003,
            -26.671700000000001
          ],
          [
            -72.873843567999998,
            41.314196498999998,
            -26.814399999999999
          ]
        ]
      },
      "type" : "Feature",
      "properties" : {
        "Length" : 31.69386035615053,
        "Name" : "shady garden",
        "Remarks" : ""
      }
    },
    {
      "type" : "Feature",
      "properties" : {
        "Name" : "garden boundary",
        "Remarks" : "",
        "Length" : 196.96778475019912
      },
      "geometry" : {
        "type" : "LineString",
        "coordinates" : [
          [
            -72.873668265000006,
            41.314354344999998,
            -25.3368
          ],
          [
            -72.873668973999997,
            41.314353785999998,
            -25.3169
          ],
          [
            -72.873665071000005,
            41.314357534000003,
            -25.464099999999998
          ],
          [
            -72.873663891999996,
            41.314363034000003,
            -25.449200000000001
          ],
          [
            -72.873646375999996,
            41.314376766999999,
            -25.397400000000001
          ],
          [
            -72.873649917999998,
            41.314379719000002,
            -25.3719
          ],
          [
            -72.873641039000006,
            41.314391452000002,
            -25.409600000000001
          ],
          [
            -72.873635867999994,
            41.314399334000001,
            -25.507899999999999
          ],
          [
            -72.873628057000005,
            41.314412845,
            -25.560199999999998
          ],
          [
            -72.873625367000002,
            41.314418893999999,
            -25.638100000000001
          ],
          [
            -72.873621528000001,
            41.3144262,
            -25.729700000000001
          ],
          [
            -72.873617409999994,
            41.314438203999998,
            -25.6614
          ],
          [
            -72.873616854000005,
            41.314443181999998,
            -25.691299999999998
          ],
          [
            -72.873618708999999,
            41.314448822000003,
            -25.760999999999999
          ],
          [
            -72.873618784000001,
            41.3144493,
            -25.8843
          ],
          [
            -72.873620330999998,
            41.314449252000003,
            -25.992699999999999
          ],
          [
            -72.873621125,
            41.314448910000003,
            -25.9389
          ],
          [
            -72.873621365000005,
            41.314448894000002,
            -25.9283
          ],
          [
            -72.873621065999998,
            41.314448827,
            -25.872599999999998
          ],
          [
            -72.873620962999993,
            41.314449484999997,
            -25.9086
          ],
          [
            -72.873621172,
            41.314449052000001,
            -25.9162
          ],
          [
            -72.873621172,
            41.314449052000001,
            -25.9162
          ],
          [
            -72.873621811999996,
            41.314449218999997,
            -25.821300000000001
          ],
          [
            -72.873621954000001,
            41.314448886000001,
            -25.8124
          ],
          [
            -72.873621954000001,
            41.314448886000001,
            -25.8124
          ],
          [
            -72.873623508999998,
            41.314449123999999,
            -25.434100000000001
          ],
          [
            -72.873614864000004,
            41.314442038999999,
            -25.830500000000001
          ],
          [
            -72.873622682000004,
            41.314449920999998,
            -25.527200000000001
          ],
          [
            -72.873623128000006,
            41.314447936000001,
            -25.403199999999998
          ],
          [
            -72.873623291000001,
            41.314447557000001,
            -25.377500000000001
          ],
          [
            -72.873623291000001,
            41.314447557000001,
            -25.377500000000001
          ],
          [
            -72.873623112999994,
            41.314447772999998,
            -25.587700000000002
          ],
          [
            -72.873623191999997,
            41.314448022999997,
            -25.640499999999999
          ],
          [
            -72.873623229000003,
            41.314448335999998,
            -25.681899999999999
          ],
          [
            -72.873623281999997,
            41.314448243999998,
            -25.670300000000001
          ],
          [
            -72.873623281999997,
            41.314448243999998,
            -25.670300000000001
          ],
          [
            -72.873623281999997,
            41.314448243999998,
            -25.670300000000001
          ],
          [
            -72.873622291000004,
            41.314448859000002,
            -25.808199999999999
          ],
          [
            -72.873622308999998,
            41.314448683999998,
            -25.797699999999999
          ],
          [
            -72.873621172,
            41.314448970999997,
            -26.154599999999999
          ],
          [
            -72.873621209999996,
            41.314448779999999,
            -26.1448
          ],
          [
            -72.873620458999994,
            41.314449123000003,
            -26.284300000000002
          ],
          [
            -72.873620070000001,
            41.314449209000003,
            -26.348800000000001
          ],
          [
            -72.873619271999999,
            41.314449029999999,
            -26.4102
          ],
          [
            -72.873613676999994,
            41.314452866000003,
            -26.691400000000002
          ],
          [
            -72.873615432999998,
            41.314460271999998,
            -26.8232
          ],
          [
            -72.873613508999995,
            41.314468951000002,
            -26.906400000000001
          ],
          [
            -72.873616408999993,
            41.314477525000001,
            -26.885000000000002
          ],
          [
            -72.873616929999997,
            41.314487454999998,
            -26.800599999999999
          ],
          [
            -72.873618089000004,
            41.314497347,
            -26.8294
          ],
          [
            -72.873622087000001,
            41.314505365000002,
            -26.746200000000002
          ],
          [
            -72.873631778000004,
            41.314514269999997,
            -26.876100000000001
          ],
          [
            -72.873642856000004,
            41.314522762999999,
            -26.8568
          ],
          [
            -72.873655386999999,
            41.314528539000001,
            -26.764600000000002
          ],
          [
            -72.873669340999996,
            41.314532102000001,
            -26.824000000000002
          ],
          [
            -72.873680582000006,
            41.314533529000002,
            -26.8249
          ],
          [
            -72.873692912999999,
            41.314534172999998,
            -26.8614
          ],
          [
            -72.873706966,
            41.314534363,
            -26.987500000000001
          ],
          [
            -72.873719230999995,
            41.314533060000002,
            -26.9039
          ],
          [
            -72.873733380000004,
            41.314529542000002,
            -26.569900000000001
          ],
          [
            -72.873743696000005,
            41.314525109999998,
            -26.8001
          ],
          [
            -72.873754989999995,
            41.314520121000001,
            -26.7547
          ],
          [
            -72.873765949000003,
            41.314515176,
            -26.732800000000001
          ],
          [
            -72.873765523000003,
            41.314516515999998,
            -26.492599999999999
          ],
          [
            -72.873784471999997,
            41.314506471999998,
            -26.5398
          ],
          [
            -72.873795129000001,
            41.314502341999997,
            -26.7834
          ],
          [
            -72.873808069000006,
            41.314499106,
            -26.6617
          ],
          [
            -72.873821946999996,
            41.314495237000003,
            -26.6282
          ],
          [
            -72.873831508999999,
            41.314491318999998,
            -26.7224
          ],
          [
            -72.873844621000003,
            41.314484907999997,
            -26.560099999999998
          ],
          [
            -72.873853896,
            41.314480398999997,
            -26.5885
          ],
          [
            -72.873865363999997,
            41.314474660999998,
            -26.5441
          ],
          [
            -72.873876542000005,
            41.314468173000002,
            -26.500599999999999
          ],
          [
            -72.873885561999998,
            41.314463906999997,
            -26.433399999999999
          ],
          [
            -72.873896658999996,
            41.314458922999997,
            -26.4542
          ],
          [
            -72.873908870999998,
            41.314456145999998,
            -26.417000000000002
          ],
          [
            -72.873920772999995,
            41.314451998000003,
            -26.284600000000001
          ],
          [
            -72.873934652000003,
            41.314448042999999,
            -26.458100000000002
          ],
          [
            -72.873947603999994,
            41.314445069999998,
            -26.424099999999999
          ],
          [
            -72.873959454000001,
            41.314440771999998,
            -26.3704
          ],
          [
            -72.873969373999998,
            41.314436841999999,
            -26.3124
          ],
          [
            -72.873978750000006,
            41.314432349,
            -26.265000000000001
          ],
          [
            -72.873991474999997,
            41.314425872000001,
            -26.2211
          ],
          [
            -72.874003106999993,
            41.314420794999997,
            -26.254799999999999
          ],
          [
            -72.874014088999999,
            41.314413731999998,
            -26.295400000000001
          ],
          [
            -72.874026454000003,
            41.314407000999999,
            -26.285299999999999
          ],
          [
            -72.874035320000004,
            41.314402782000002,
            -26.290600000000001
          ],
          [
            -72.874045516999999,
            41.314398828999998,
            -26.1892
          ],
          [
            -72.874057148999995,
            41.314392626,
            -26.1799
          ],
          [
            -72.87406412,
            41.314389298000002,
            -26.109200000000001
          ],
          [
            -72.874078046999998,
            41.314383749999998,
            -25.892900000000001
          ],
          [
            -72.874087555000003,
            41.314379901000002,
            -25.922000000000001
          ],
          [
            -72.874099549999997,
            41.314374831000002,
            -25.913399999999999
          ],
          [
            -72.874106835000006,
            41.314369980000002,
            -26.0441
          ],
          [
            -72.874112772999993,
            41.314363356000001,
            -26.161200000000001
          ],
          [
            -72.874116881000006,
            41.314357676999997,
            -26.0991
          ],
          [
            -72.874115099999997,
            41.314352958999997,
            -26.078700000000001
          ],
          [
            -72.874113703999996,
            41.314346475999997,
            -26.174199999999999
          ],
          [
            -72.874108852999996,
            41.314341171000002,
            -25.900500000000001
          ],
          [
            -72.874102859999994,
            41.314335669999998,
            -25.929099999999998
          ],
          [
            -72.874095686999993,
            41.314326876999999,
            -26.0366
          ],
          [
            -72.87408843,
            41.314319064999999,
            -26.089400000000001
          ],
          [
            -72.874081462999996,
            41.314313026999997,
            -26.136500000000002
          ],
          [
            -72.874074394999994,
            41.314305801000003,
            -26.076699999999999
          ],
          [
            -72.874070392999997,
            41.314299562999999,
            -25.8705
          ],
          [
            -72.874069293000005,
            41.314291898999997,
            -25.855799999999999
          ],
          [
            -72.874065371,
            41.314283615999997,
            -25.868500000000001
          ],
          [
            -72.874060545000006,
            41.314276184999997,
            -25.7376
          ],
          [
            -72.874056445999997,
            41.314267303000001,
            -25.650099999999998
          ],
          [
            -72.874052528000007,
            41.314258956000003,
            -25.597200000000001
          ],
          [
            -72.874049028000002,
            41.314251913,
            -25.648
          ],
          [
            -72.874043568000005,
            41.314245599000003,
            -25.5336
          ],
          [
            -72.874036926000002,
            41.314238484000001,
            -25.395800000000001
          ],
          [
            -72.874033433999998,
            41.314231360000001,
            -25.2532
          ],
          [
            -72.874028523999996,
            41.314223777999999,
            -25.426600000000001
          ],
          [
            -72.874022484999998,
            41.314216807000001,
            -25.422799999999999
          ],
          [
            -72.874019709999999,
            41.314213598999999,
            -25.267700000000001
          ],
          [
            -72.874016268999995,
            41.314208092999998,
            -25.4208
          ],
          [
            -72.874011725000003,
            41.314201156000003,
            -25.350899999999999
          ],
          [
            -72.874007250000005,
            41.314192388000002,
            -25.686499999999999
          ],
          [
            -72.874002992000001,
            41.314184648999998,
            -25.707999999999998
          ],
          [
            -72.874000357,
            41.314176990999997,
            -26.066800000000001
          ],
          [
            -72.873997344000003,
            41.314169423999999,
            -25.923500000000001
          ],
          [
            -72.873999603000001,
            41.314169022000002,
            -25.6416
          ],
          [
            -72.873997283999998,
            41.314164615999999,
            -25.5685
          ],
          [
            -72.873990816000003,
            41.314154348000002,
            -25.644600000000001
          ],
          [
            -72.873990207000006,
            41.314143182999999,
            -25.6983
          ],
          [
            -72.873990316999993,
            41.314136916999999,
            -25.486599999999999
          ],
          [
            -72.873988135000005,
            41.314130787000003,
            -25.9224
          ],
          [
            -72.873988706000006,
            41.314121116999999,
            -26.104199999999999
          ],
          [
            -72.873990057,
            41.314110182999997,
            -25.890499999999999
          ],
          [
            -72.873992315999999,
            41.314102587999997,
            -25.9741
          ],
          [
            -72.873990981000006,
            41.314099104,
            -26.546500000000002
          ],
          [
            -72.873990941000002,
            41.314087473999997,
            -26.182300000000001
          ],
          [
            -72.873991211000003,
            41.314078264999999,
            -26.180800000000001
          ],
          [
            -72.873992103000006,
            41.314074597000001,
            -25.544899999999998
          ],
          [
            -72.873989213000002,
            41.314062792000001,
            -25.9406
          ],
          [
            -72.873983242999998,
            41.314055160999999,
            -25.939800000000002
          ],
          [
            -72.873973457999995,
            41.314047756999997,
            -25.9511
          ],
          [
            -72.873963402000001,
            41.314041056999997,
            -25.851099999999999
          ],
          [
            -72.873954635000004,
            41.314033162000001,
            -25.818000000000001
          ],
          [
            -72.873949288999995,
            41.31402645,
            -25.906400000000001
          ],
          [
            -72.873943871999998,
            41.314019416000001,
            -25.7745
          ],
          [
            -72.873939589000003,
            41.314016035999998,
            -25.988499999999998
          ],
          [
            -72.873930079999994,
            41.314012923999996,
            -25.8093
          ],
          [
            -72.873924307999999,
            41.314012810000001,
            -25.800799999999999
          ],
          [
            -72.873924407000004,
            41.314012378000001,
            -25.7516
          ],
          [
            -72.873914213999996,
            41.314007508000003,
            -25.7746
          ],
          [
            -72.873910585000004,
            41.314007152999999,
            -25.865100000000002
          ],
          [
            -72.873917074000005,
            41.314009079999998,
            -25.680599999999998
          ],
          [
            -72.873914435000003,
            41.314008530000002,
            -25.594999999999999
          ],
          [
            -72.873915299000004,
            41.314008610999998,
            -25.557300000000001
          ],
          [
            -72.873913889999997,
            41.314009353000003,
            -25.557700000000001
          ],
          [
            -72.873910632999994,
            41.314007994999997,
            -25.482399999999998
          ],
          [
            -72.873909507999997,
            41.314008833000003,
            -25.421800000000001
          ],
          [
            -72.873910398999996,
            41.314008850999997,
            -25.320799999999998
          ],
          [
            -72.873910666,
            41.314008883,
            -25.275400000000001
          ],
          [
            -72.873912735999994,
            41.314009382000002,
            -25.3002
          ],
          [
            -72.873908979999996,
            41.314008946999998,
            -25.351700000000001
          ],
          [
            -72.873908850000007,
            41.314008311999999,
            -25.242799999999999
          ],
          [
            -72.873902133000001,
            41.314004193000002,
            -25.572800000000001
          ],
          [
            -72.873896493000004,
            41.313995398000003,
            -25.414100000000001
          ],
          [
            -72.873894217,
            41.313989499999998,
            -25.417200000000001
          ],
          [
            -72.873892889000004,
            41.313979324999998,
            -25.346499999999999
          ],
          [
            -72.873893938999998,
            41.313972010999997,
            -25.431000000000001
          ],
          [
            -72.873893916,
            41.313961227,
            -25.298300000000001
          ],
          [
            -72.873891185999994,
            41.313953445000003,
            -25.3048
          ],
          [
            -72.873892544,
            41.313952606999997,
            -25.793700000000001
          ],
          [
            -72.873889943999998,
            41.313941765000003,
            -25.3169
          ],
          [
            -72.873885767999994,
            41.313931277999998,
            -25.415600000000001
          ],
          [
            -72.873878168000005,
            41.313921190999999,
            -25.662199999999999
          ],
          [
            -72.873876611,
            41.313915088000002,
            -25.6126
          ],
          [
            -72.873866913000001,
            41.313908538,
            -25.651900000000001
          ],
          [
            -72.873860562000004,
            41.313909569000003,
            -25.9817
          ],
          [
            -72.873852701000004,
            41.313911886,
            -26.2761
          ],
          [
            -72.873843289999996,
            41.313916566000003,
            -26.209099999999999
          ],
          [
            -72.873834432999999,
            41.313921686,
            -25.862100000000002
          ],
          [
            -72.873829741999998,
            41.313927511999999,
            -25.964200000000002
          ],
          [
            -72.873825268999994,
            41.313933230000004,
            -25.657699999999998
          ],
          [
            -72.873819940999994,
            41.313939621000003,
            -25.685099999999998
          ],
          [
            -72.873819812999997,
            41.313946727000001,
            -25.601700000000001
          ],
          [
            -72.873818387,
            41.313954211999999,
            -25.547999999999998
          ],
          [
            -72.873813397999996,
            41.313964327000001,
            -25.545200000000001
          ],
          [
            -72.873817027000001,
            41.313962549000003,
            -25.504799999999999
          ],
          [
            -72.873814639000003,
            41.313966512999997,
            -25.496600000000001
          ],
          [
            -72.873811915000005,
            41.313976754000002,
            -25.406099999999999
          ],
          [
            -72.873806673999994,
            41.313987046999998,
            -25.444600000000001
          ],
          [
            -72.873800763999995,
            41.313997614999998,
            -25.247499999999999
          ],
          [
            -72.873799992000002,
            41.314008938000001,
            -25.428100000000001
          ],
          [
            -72.873797038999996,
            41.314019610000003,
            -25.401
          ],
          [
            -72.873792312999996,
            41.314031401999998,
            -25.307400000000001
          ],
          [
            -72.873785835999996,
            41.314039086000001,
            -25.454699999999999
          ],
          [
            -72.873778870999999,
            41.314046924000003,
            -25.3735
          ],
          [
            -72.873771899999994,
            41.314058566999996,
            -25.468900000000001
          ],
          [
            -72.873764027000007,
            41.314067197,
            -25.440100000000001
          ],
          [
            -72.873758054999996,
            41.314075436000003,
            -25.349599999999999
          ],
          [
            -72.873752182999993,
            41.314084229999999,
            -25.644500000000001
          ],
          [
            -72.873747602999998,
            41.314093866,
            -25.5899
          ],
          [
            -72.873743282000007,
            41.314104944,
            -25.570399999999999
          ],
          [
            -72.873739393999998,
            41.314111855999997,
            -25.630500000000001
          ],
          [
            -72.873735830000001,
            41.314120926999998,
            -25.594200000000001
          ],
          [
            -72.873733428999998,
            41.314126297999998,
            -25.523499999999999
          ],
          [
            -72.873734384000002,
            41.314127141999997,
            -25.4969
          ],
          [
            -72.873734976999998,
            41.314125650999998,
            -25.594999999999999
          ],
          [
            -72.873729699999998,
            41.314133054000003,
            -25.688300000000002
          ],
          [
            -72.8737292,
            41.314142400999998,
            -25.707699999999999
          ],
          [
            -72.873727239999994,
            41.314151596999999,
            -25.732900000000001
          ],
          [
            -72.873723694999995,
            41.314161423000002,
            -25.412199999999999
          ],
          [
            -72.873723564000002,
            41.314170306000001,
            -25.667300000000001
          ],
          [
            -72.873724628999994,
            41.314178411999997,
            -25.488900000000001
          ],
          [
            -72.873723897000005,
            41.314183389999997,
            -25.527100000000001
          ],
          [
            -72.873721068999998,
            41.314192143,
            -25.510000000000002
          ],
          [
            -72.873716286999993,
            41.314202074000001,
            -25.523700000000002
          ],
          [
            -72.873709504999994,
            41.314212144000003,
            -25.381799999999998
          ],
          [
            -72.873705020000003,
            41.314221834000001,
            -25.355499999999999
          ],
          [
            -72.873701822000001,
            41.314232015000002,
            -25.372900000000001
          ],
          [
            -72.873692886000001,
            41.314238199999998,
            -25.660699999999999
          ],
          [
            -72.873688104999999,
            41.314247272000003,
            -25.445499999999999
          ],
          [
            -72.873683851999999,
            41.314259888000002,
            -25.4513
          ],
          [
            -72.873679600000003,
            41.314269647000003,
            -25.447700000000001
          ],
          [
            -72.873675566000003,
            41.314279927999998,
            -25.4057
          ],
          [
            -72.873673100000005,
            41.314289314,
            -25.465499999999999
          ],
          [
            -72.873669978999999,
            41.314299009000003,
            -25.428999999999998
          ],
          [
            -72.873664966999996,
            41.314307470000003,
            -25.439499999999999
          ],
          [
            -72.873660330000007,
            41.314315753999999,
            -25.686499999999999
          ],
          [
            -72.873657041000001,
            41.314326195,
            -25.667300000000001
          ],
          [
            -72.873655380000002,
            41.314336615999999,
            -25.855799999999999
          ],
          [
            -72.873659356000005,
            41.314346485000002,
            -25.846299999999999
          ],
          [
            -72.873663874000002,
            41.31435475,
            -26.151299999999999
          ],
          [
            -72.873662580000001,
            41.314367206999997,
            -26.084199999999999
          ],
          [
            -72.873655338000006,
            41.314375478000002,
            -26.300699999999999
          ],
          [
            -72.873646109000006,
            41.314388076,
            -26.076499999999999
          ],
          [
            -72.873636783999999,
            41.314397040000003,
            -26.640999999999998
          ],
          [
            -72.873629883000007,
            41.314406054000003,
            -26.269500000000001
          ],
          [
            -72.873624599999999,
            41.314416543999997,
            -26.442900000000002
          ],
          [
            -72.873622096999995,
            41.314427109999997,
            -26.2148
          ],
          [
            -72.873618819000001,
            41.314437914999999,
            -26.354800000000001
          ],
          [
            -72.873615897999997,
            41.31444681,
            -26.3048
          ]
        ]
      }
    },
    {
      "type" : "Feature",
      "properties" : {
        "Remarks" : "",
        "Length" : 112.63405143714137,
        "Name" : "2025"
      },
      "geometry" : {
        "coordinates" : [
          [
            -72.874033625999999,
            41.314200978000002,
            -26.390699999999999
          ],
          [
            -72.874033409999996,
            41.314201011999998,
            -26.34
          ],
          [
            -72.874032224999993,
            41.314201384,
            -26.297999999999998
          ],
          [
            -72.874026051000001,
            41.314204429999997,
            -26.253
          ],
          [
            -72.874027695999999,
            41.314215175999998,
            -26.250599999999999
          ],
          [
            -72.874044019999999,
            41.314232627999999,
            -24.618200000000002
          ],
          [
            -72.874051026000004,
            41.314238991000003,
            -24.7651
          ],
          [
            -72.874053064999998,
            41.314246361999999,
            -24.797599999999999
          ],
          [
            -72.874053599999996,
            41.314253108000003,
            -24.679600000000001
          ],
          [
            -72.874059408999997,
            41.314257574999999,
            -24.979199999999999
          ],
          [
            -72.874060744999994,
            41.314261881999997,
            -24.911999999999999
          ],
          [
            -72.874058902000002,
            41.314264590000001,
            -24.803100000000001
          ],
          [
            -72.874061578999999,
            41.314270856,
            -24.948399999999999
          ],
          [
            -72.874056519999996,
            41.314274752999999,
            -24.912099999999999
          ],
          [
            -72.874061701000002,
            41.314276002,
            -24.815799999999999
          ],
          [
            -72.874058574000003,
            41.314277730999997,
            -24.928599999999999
          ],
          [
            -72.874058574000003,
            41.314281614999999,
            -24.952400000000001
          ],
          [
            -72.874051539999996,
            41.314286402999997,
            -24.962399999999999
          ],
          [
            -72.874047285000003,
            41.314285644000002,
            -24.984100000000002
          ],
          [
            -72.874051738000006,
            41.314286342000003,
            -25.046900000000001
          ],
          [
            -72.874055296999998,
            41.314286660999997,
            -25.098400000000002
          ],
          [
            -72.874061091000002,
            41.314289273999997,
            -25.024699999999999
          ],
          [
            -72.874054591999993,
            41.314288240000003,
            -25.126300000000001
          ],
          [
            -72.874055104999997,
            41.314288443999999,
            -25.154299999999999
          ],
          [
            -72.874055446,
            41.314288478999998,
            -25.112100000000002
          ],
          [
            -72.874055850000005,
            41.314288654999999,
            -25.128399999999999
          ],
          [
            -72.874055118000001,
            41.314288070000003,
            -25.163
          ],
          [
            -72.874055975999994,
            41.314288070000003,
            -25.200299999999999
          ],
          [
            -72.874057238000006,
            41.314287675999999,
            -25.229600000000001
          ],
          [
            -72.874058547000004,
            41.314286836999997,
            -25.2361
          ],
          [
            -72.874059162999998,
            41.314286594999999,
            -25.313500000000001
          ],
          [
            -72.874060986999993,
            41.314286193999997,
            -25.4223
          ],
          [
            -72.874062082999998,
            41.314285904000002,
            -25.4206
          ],
          [
            -72.874062284000004,
            41.314285562000002,
            -25.419899999999998
          ],
          [
            -72.874062158000001,
            41.314285366,
            -25.447199999999999
          ],
          [
            -72.874062520999999,
            41.314284776999997,
            -25.430299999999999
          ],
          [
            -72.874063790999998,
            41.314284903000001,
            -25.364899999999999
          ],
          [
            -72.874061562999998,
            41.314285640000001,
            -25.2818
          ],
          [
            -72.874061626,
            41.314285142999999,
            -25.246500000000001
          ],
          [
            -72.874067851999996,
            41.314282380000002,
            -25.346299999999999
          ],
          [
            -72.874071693999994,
            41.314287853000003,
            -25.301500000000001
          ],
          [
            -72.874073476000007,
            41.314294365000002,
            -25.1907
          ],
          [
            -72.874064114999996,
            41.314298540999999,
            -24.978899999999999
          ],
          [
            -72.874064783999998,
            41.314300060000001,
            -25.075700000000001
          ],
          [
            -72.874058691000002,
            41.314302271000003,
            -25.1082
          ],
          [
            -72.874059079999995,
            41.314303377999998,
            -25.1373
          ],
          [
            -72.874055573999996,
            41.314302382999998,
            -25.196300000000001
          ],
          [
            -72.874048450000004,
            41.314295055000002,
            -25.075399999999998
          ],
          [
            -72.874050147000005,
            41.314294918000002,
            -25.257999999999999
          ],
          [
            -72.874041378000001,
            41.314295655000002,
            -25.360700000000001
          ],
          [
            -72.874032681000003,
            41.314294388999997,
            -25.316299999999998
          ],
          [
            -72.874033167999997,
            41.314294338000003,
            -25.3171
          ],
          [
            -72.874032952999997,
            41.314296251000002,
            -25.428599999999999
          ],
          [
            -72.874040829999998,
            41.314306317000003,
            -25.307600000000001
          ],
          [
            -72.874036649000004,
            41.314313237999997,
            -25.4419
          ],
          [
            -72.874034386000005,
            41.314316798,
            -25.342199999999998
          ],
          [
            -72.874033304999998,
            41.314316140999999,
            -25.2744
          ],
          [
            -72.874026581999999,
            41.31431473,
            -25.389700000000001
          ],
          [
            -72.874025477000004,
            41.314317871,
            -25.507300000000001
          ],
          [
            -72.874023584,
            41.314322742000002,
            -25.5168
          ],
          [
            -72.874024589000001,
            41.314324775999999,
            -25.6128
          ],
          [
            -72.874020723000001,
            41.314326448000003,
            -25.692699999999999
          ],
          [
            -72.874022612999994,
            41.314328709000002,
            -25.7559
          ],
          [
            -72.874023496999996,
            41.314326628000003,
            -25.8521
          ],
          [
            -72.874024654999999,
            41.314327409999997,
            -25.933199999999999
          ],
          [
            -72.874024847000001,
            41.314327360999997,
            -25.9041
          ],
          [
            -72.874026477000001,
            41.314328183000001,
            -25.872199999999999
          ],
          [
            -72.874027704,
            41.314327253000002,
            -25.913900000000002
          ],
          [
            -72.874029153999999,
            41.314327294999998,
            -26.0154
          ],
          [
            -72.874030403999996,
            41.314326903000001,
            -26.077100000000002
          ],
          [
            -72.874030833000006,
            41.31432633,
            -26.193000000000001
          ],
          [
            -72.874030551999994,
            41.314326854999997,
            -26.2943
          ],
          [
            -72.874032634000002,
            41.314326661999999,
            -26.358599999999999
          ],
          [
            -72.874035297999995,
            41.314323619,
            -26.478300000000001
          ],
          [
            -72.874030207000004,
            41.314325728999997,
            -26.549099999999999
          ],
          [
            -72.874029276000002,
            41.314327464000002,
            -26.628699999999998
          ],
          [
            -72.874027643000005,
            41.314325613000001,
            -26.5473
          ],
          [
            -72.874023691000005,
            41.314322734000001,
            -26.5061
          ],
          [
            -72.874024626999997,
            41.314319550999997,
            -26.506699999999999
          ],
          [
            -72.874025226000001,
            41.314317488999997,
            -26.447099999999999
          ],
          [
            -72.874025635999999,
            41.314313386999999,
            -26.492100000000001
          ],
          [
            -72.874025406000001,
            41.314314525,
            -26.475000000000001
          ],
          [
            -72.874023403999999,
            41.314314629000002,
            -26.4678
          ],
          [
            -72.874031852000002,
            41.314315688999997,
            -26.443999999999999
          ],
          [
            -72.874033350999994,
            41.314312014999999,
            -26.361899999999999
          ],
          [
            -72.874028675999995,
            41.314311738000001,
            -26.275200000000002
          ],
          [
            -72.874027792000007,
            41.314309594000001,
            -26.386900000000001
          ],
          [
            -72.874019993999994,
            41.314314009,
            -26.741900000000001
          ],
          [
            -72.874016728000001,
            41.314314865,
            -26.479600000000001
          ],
          [
            -72.874011792000005,
            41.314317922999997,
            -26.395700000000001
          ],
          [
            -72.874006977999997,
            41.314311910999997,
            -27.225100000000001
          ],
          [
            -72.874006844999997,
            41.314311480999997,
            -27.2865
          ],
          [
            -72.873999626,
            41.314308588999999,
            -27.156199999999998
          ],
          [
            -72.873998005000004,
            41.314308304999997,
            -27.011099999999999
          ],
          [
            -72.873995070000007,
            41.314307225,
            -26.874500000000001
          ],
          [
            -72.873997059999994,
            41.314302699000002,
            -26.728999999999999
          ],
          [
            -72.873993780999996,
            41.314295266999999,
            -26.577000000000002
          ],
          [
            -72.873995903999997,
            41.31429258,
            -26.4361
          ],
          [
            -72.873999681000001,
            41.314292211000001,
            -26.463699999999999
          ],
          [
            -72.873997404999997,
            41.314292958000003,
            -26.385100000000001
          ],
          [
            -72.873996418999994,
            41.314293296999999,
            -26.280999999999999
          ],
          [
            -72.873995476000005,
            41.314293392000003,
            -26.1965
          ],
          [
            -72.873992721999997,
            41.314294896,
            -26.072399999999998
          ],
          [
            -72.873992677999993,
            41.314294893000003,
            -26.002700000000001
          ],
          [
            -72.873991496000002,
            41.314295430000001,
            -25.884799999999998
          ],
          [
            -72.873989938999998,
            41.31429584,
            -25.884799999999998
          ],
          [
            -72.873988123999993,
            41.314296204999998,
            -25.578600000000002
          ],
          [
            -72.873987588999995,
            41.314296227,
            -25.4693
          ],
          [
            -72.873987490999994,
            41.314296171000002,
            -25.368300000000001
          ],
          [
            -72.873986939999995,
            41.314296392999999,
            -25.227900000000002
          ],
          [
            -72.873984414000006,
            41.314296826000003,
            -25.151199999999999
          ],
          [
            -72.873982412999993,
            41.314297238999998,
            -25.036100000000001
          ],
          [
            -72.873968758000004,
            41.314301512999997,
            -25.005299999999998
          ],
          [
            -72.873968730000001,
            41.314302701999999,
            -24.9589
          ],
          [
            -72.873971501,
            41.314299658000003,
            -24.9816
          ],
          [
            -72.873973410999994,
            41.314295891999997,
            -24.958200000000001
          ],
          [
            -72.873973336999995,
            41.314295868999999,
            -24.952500000000001
          ],
          [
            -72.873976298000002,
            41.314291066999999,
            -24.939
          ],
          [
            -72.873933898000004,
            41.314316974,
            -24.915900000000001
          ],
          [
            -72.873917012000007,
            41.31432203,
            -24.913399999999999
          ],
          [
            -72.873967809999996,
            41.314299355999999,
            -24.933800000000002
          ],
          [
            -72.873970474000004,
            41.314300295999999,
            -24.966799999999999
          ],
          [
            -72.873973152999994,
            41.314299431000002,
            -25.018699999999999
          ],
          [
            -72.873973231999997,
            41.314299423999998,
            -25.018799999999999
          ],
          [
            -72.873976483999996,
            41.314298973,
            -25.114999999999998
          ],
          [
            -72.873977120999996,
            41.314297080999999,
            -25.0871
          ],
          [
            -72.873978278999999,
            41.314294541000002,
            -25.074200000000001
          ],
          [
            -72.873962376999998,
            41.314307937999999,
            -25.0367
          ],
          [
            -72.873965612000006,
            41.314306545000001,
            -25.0871
          ],
          [
            -72.873977514000003,
            41.314299953999999,
            -25.072500000000002
          ],
          [
            -72.873977132999997,
            41.314299445000003,
            -25.058599999999998
          ],
          [
            -72.873977287000002,
            41.314299917,
            -25.0961
          ],
          [
            -72.873975236000007,
            41.314301309000001,
            -25.076599999999999
          ],
          [
            -72.873975224000006,
            41.314301301999997,
            -25.0747
          ],
          [
            -72.873975224000006,
            41.314301301999997,
            -25.0747
          ],
          [
            -72.873975690999998,
            41.314301055999998,
            -25.0747
          ],
          [
            -72.873975303999998,
            41.314303379999998,
            -24.9908
          ],
          [
            -72.873974825000005,
            41.314303674000001,
            -24.9377
          ],
          [
            -72.873979215000006,
            41.314306385999998,
            -24.9801
          ],
          [
            -72.873976765999998,
            41.314306516000002,
            -24.0822
          ],
          [
            -72.873995695999994,
            41.314314549999999,
            -24.078900000000001
          ],
          [
            -72.873998451000006,
            41.314314791000001,
            -24.2319
          ],
          [
            -72.874003392999995,
            41.314314389000003,
            -24.158899999999999
          ],
          [
            -72.874007165999998,
            41.314310818000003,
            -24.124500000000001
          ],
          [
            -72.874008232999998,
            41.314307069000002,
            -24.2592
          ],
          [
            -72.874015150000005,
            41.314308736999998,
            -24.2607
          ],
          [
            -72.874020039000001,
            41.314309541,
            -24.334599999999998
          ],
          [
            -72.874027273999999,
            41.314317211000002,
            -24.5672
          ],
          [
            -72.874028718000005,
            41.314320381999998,
            -24.59
          ],
          [
            -72.874025914000001,
            41.314325423,
            -24.6812
          ],
          [
            -72.874022384,
            41.314324427999999,
            -24.898399999999999
          ],
          [
            -72.874018437999993,
            41.314320483000003,
            -24.8964
          ],
          [
            -72.874019688000004,
            41.314319849999997,
            -24.940799999999999
          ],
          [
            -72.874024281999993,
            41.314322263999998,
            -24.966000000000001
          ],
          [
            -72.874023090999998,
            41.314318696000001,
            -25.038799999999998
          ],
          [
            -72.874021451000004,
            41.314317392,
            -25.072900000000001
          ],
          [
            -72.874019012000005,
            41.314321122000003,
            -25.066800000000001
          ],
          [
            -72.874021959999993,
            41.31432058,
            -25.159300000000002
          ],
          [
            -72.874022318000002,
            41.314320340999998,
            -25.159300000000002
          ],
          [
            -72.874019845999996,
            41.314322990999997,
            -25.1249
          ],
          [
            -72.874023215999998,
            41.314321290999999,
            -25.1249
          ],
          [
            -72.874022894999996,
            41.314320989000002,
            -25.168299999999999
          ],
          [
            -72.874023350000002,
            41.314321364000001,
            -25.192
          ],
          [
            -72.874024294999998,
            41.31432161,
            -25.191099999999999
          ],
          [
            -72.874023097000006,
            41.314321773000003,
            -25.278199999999998
          ],
          [
            -72.874024556999998,
            41.314321679999999,
            -25.278199999999998
          ],
          [
            -72.874025388000007,
            41.314321626000002,
            -25.278199999999998
          ],
          [
            -72.874026740999994,
            41.314322339999997,
            -25.255600000000001
          ],
          [
            -72.874026787999995,
            41.314322355000002,
            -25.2517
          ],
          [
            -72.874024008999996,
            41.314323332000001,
            -25.3432
          ],
          [
            -72.874024000999995,
            41.31432332,
            -25.343900000000001
          ],
          [
            -72.874029574000005,
            41.314322959999998,
            -25.343900000000001
          ],
          [
            -72.874029840000006,
            41.314323633000001,
            -25.297599999999999
          ],
          [
            -72.874028402999997,
            41.314326025,
            -25.339500000000001
          ],
          [
            -72.874024961000003,
            41.314325629000002,
            -25.322500000000002
          ],
          [
            -72.874025457000002,
            41.314326307000002,
            -25.289300000000001
          ],
          [
            -72.874025904000007,
            41.314328818,
            -25.380099999999999
          ],
          [
            -72.874025892999995,
            41.314328816,
            -25.3828
          ],
          [
            -72.874025892999995,
            41.314328816,
            -25.3828
          ],
          [
            -72.874025892999995,
            41.314328816,
            -25.3828
          ],
          [
            -72.874025681999996,
            41.314328936000003,
            -25.3828
          ],
          [
            -72.874025681999996,
            41.314328936000003,
            -25.3828
          ],
          [
            -72.874029910000004,
            41.314333142999999,
            -25.408899999999999
          ],
          [
            -72.874031207000002,
            41.314335122999999,
            -25.401700000000002
          ],
          [
            -72.874028730999996,
            41.314336818999998,
            -25.447199999999999
          ],
          [
            -72.874029519999993,
            41.314337365,
            -25.446000000000002
          ],
          [
            -72.874029538000002,
            41.314337377000001,
            -25.446000000000002
          ],
          [
            -72.874029539999995,
            41.314337379000001,
            -25.446000000000002
          ],
          [
            -72.874028499000005,
            41.314335264,
            -25.814699999999998
          ],
          [
            -72.874028632999995,
            41.314334578,
            -25.831199999999999
          ],
          [
            -72.874028166000002,
            41.314334637000002,
            -25.8292
          ],
          [
            -72.874027800999997,
            41.314334166000002,
            -25.851400000000002
          ],
          [
            -72.874027147999996,
            41.314329102999999,
            -25.856999999999999
          ],
          [
            -72.874024849999998,
            41.314327740000003,
            -25.761900000000001
          ],
          [
            -72.874024793999993,
            41.314323516000002,
            -25.7651
          ],
          [
            -72.874025509999996,
            41.314323133999999,
            -25.7059
          ],
          [
            -72.874025509999996,
            41.314323133999999,
            -25.7059
          ],
          [
            -72.874025509999996,
            41.314323133999999,
            -25.7059
          ],
          [
            -72.874019035000003,
            41.314325705999998,
            -25.626899999999999
          ],
          [
            -72.874016647999994,
            41.314323924,
            -25.526199999999999
          ],
          [
            -72.874015853000003,
            41.314324069999998,
            -25.496700000000001
          ],
          [
            -72.874015831999998,
            41.314324028000001,
            -25.497800000000002
          ],
          [
            -72.874015831999998,
            41.314324028000001,
            -25.497800000000002
          ],
          [
            -72.874015831999998,
            41.314324028000001,
            -25.497800000000002
          ],
          [
            -72.874015831999998,
            41.314324028000001,
            -25.497800000000002
          ],
          [
            -72.874015831999998,
            41.314324028000001,
            -25.497800000000002
          ],
          [
            -72.874013208999997,
            41.314325103000002,
            -25.497800000000002
          ],
          [
            -72.874013622000007,
            41.314324933999998,
            -25.497800000000002
          ],
          [
            -72.874013622999996,
            41.314324933000002,
            -25.497800000000002
          ],
          [
            -72.874013637999994,
            41.314324927000001,
            -25.497800000000002
          ],
          [
            -72.874014153999994,
            41.314326602999998,
            -25.138100000000001
          ],
          [
            -72.874014810000006,
            41.314327671000001,
            -25.1281
          ],
          [
            -72.874014825000003,
            41.314328011999997,
            -25.146799999999999
          ],
          [
            -72.874018398999993,
            41.314335475999997,
            -25.146799999999999
          ],
          [
            -72.874018235999998,
            41.314333963999999,
            -25.092700000000001
          ],
          [
            -72.874023217000001,
            41.314334113999998,
            -25.103899999999999
          ],
          [
            -72.874028566999996,
            41.314331748000001,
            -25.1508
          ],
          [
            -72.874028546999995,
            41.314331754000001,
            -25.1511
          ],
          [
            -72.874028546999995,
            41.314331754000001,
            -25.1511
          ],
          [
            -72.874028546999995,
            41.314331754000001,
            -25.1511
          ],
          [
            -72.874028546999995,
            41.314331754000001,
            -25.1511
          ],
          [
            -72.874032142999994,
            41.314325003,
            -25.190000000000001
          ],
          [
            -72.874032142999994,
            41.314325003,
            -25.190000000000001
          ],
          [
            -72.874031402,
            41.314324446000001,
            -25.190000000000001
          ],
          [
            -72.874031527,
            41.314324538999998,
            -25.190000000000001
          ],
          [
            -72.874032142999994,
            41.314325003,
            -25.190000000000001
          ],
          [
            -72.874031536000004,
            41.314323076000001,
            -25.2087
          ],
          [
            -72.874032267000004,
            41.314324198000001,
            -25.1142
          ],
          [
            -72.874032365000005,
            41.314324073000002,
            -25.084700000000002
          ],
          [
            -72.874032365000005,
            41.31432349,
            -25.066600000000001
          ],
          [
            -72.874033647999994,
            41.314323317000003,
            -25.075600000000001
          ],
          [
            -72.874035706000001,
            41.314322703999999,
            -25.090199999999999
          ],
          [
            -72.874035706000001,
            41.314322703999999,
            -25.090199999999999
          ],
          [
            -72.874040202000003,
            41.314322316999998,
            -25.122499999999999
          ],
          [
            -72.874040172999997,
            41.314322382,
            -25.109999999999999
          ],
          [
            -72.874043345000004,
            41.314328168999999,
            -25.114899999999999
          ],
          [
            -72.874043368000002,
            41.314328150000001,
            -25.116199999999999
          ],
          [
            -72.874043368000002,
            41.314328150000001,
            -25.116199999999999
          ],
          [
            -72.874043368000002,
            41.314328150000001,
            -25.116199999999999
          ],
          [
            -72.874046433000004,
            41.314329202000003,
            -25.210100000000001
          ],
          [
            -72.874046433000004,
            41.314329202000003,
            -25.210100000000001
          ],
          [
            -72.874047317000006,
            41.314328762999999,
            -25.3139
          ],
          [
            -72.874047102000006,
            41.314328711999998,
            -25.389099999999999
          ],
          [
            -72.874047117999993,
            41.314328721000003,
            -25.389199999999999
          ],
          [
            -72.874047117999993,
            41.314328721000003,
            -25.389199999999999
          ],
          [
            -72.874047117999993,
            41.314328721000003,
            -25.389199999999999
          ],
          [
            -72.874047117999993,
            41.314328721000003,
            -25.389199999999999
          ],
          [
            -72.874046735999997,
            41.314328035999999,
            -25.599799999999998
          ],
          [
            -72.874047755999996,
            41.314326915000002,
            -25.630700000000001
          ],
          [
            -72.874047867000002,
            41.314326967,
            -25.646699999999999
          ],
          [
            -72.874047867000002,
            41.314326967,
            -25.646699999999999
          ],
          [
            -72.874047867000002,
            41.314326967,
            -25.646699999999999
          ],
          [
            -72.874047867000002,
            41.314326967,
            -25.646699999999999
          ],
          [
            -72.874047867000002,
            41.314326967,
            -25.646699999999999
          ],
          [
            -72.874047867000002,
            41.314326967,
            -25.646699999999999
          ],
          [
            -72.874047867000002,
            41.314326967,
            -25.646699999999999
          ],
          [
            -72.874047821000005,
            41.314326858999998,
            -25.646699999999999
          ],
          [
            -72.874047821000005,
            41.314326860000001,
            -25.646699999999999
          ],
          [
            -72.874047821000005,
            41.314326860999998,
            -25.646699999999999
          ],
          [
            -72.874047832000002,
            41.314326886000003,
            -25.646699999999999
          ],
          [
            -72.874048564000006,
            41.314327130999999,
            -25.476299999999998
          ],
          [
            -72.874047107999999,
            41.314327818999999,
            -25.4786
          ],
          [
            -72.874046453999995,
            41.314328199999999,
            -25.422999999999998
          ],
          [
            -72.874046456000002,
            41.314328209000003,
            -25.418299999999999
          ],
          [
            -72.874046753000002,
            41.314328461999999,
            -25.418299999999999
          ],
          [
            -72.874046942999996,
            41.314328623999998,
            -25.418299999999999
          ],
          [
            -72.874045476000006,
            41.314329866000001,
            -25.274999999999999
          ],
          [
            -72.874043025999995,
            41.314333611000002,
            -25.2317
          ],
          [
            -72.874043532000002,
            41.314333865999998,
            -25.2302
          ],
          [
            -72.874044084999994,
            41.314333103999999,
            -25.232199999999999
          ],
          [
            -72.874044096000006,
            41.314333138000002,
            -25.232199999999999
          ],
          [
            -72.874044107000003,
            41.314333171999998,
            -25.232199999999999
          ],
          [
            -72.874044115000004,
            41.314333198999996,
            -25.232199999999999
          ],
          [
            -72.874044412999993,
            41.314333116,
            -25.232199999999999
          ],
          [
            -72.874044412000003,
            41.314333134000002,
            -25.232199999999999
          ],
          [
            -72.874042755999994,
            41.314334617999997,
            -25.232199999999999
          ],
          [
            -72.874042863,
            41.314334572,
            -25.232199999999999
          ],
          [
            -72.874042989000003,
            41.314334518000003,
            -25.232199999999999
          ],
          [
            -72.874043411000002,
            41.314334334999998,
            -25.232199999999999
          ],
          [
            -72.874043436999997,
            41.314334322999997,
            -25.232199999999999
          ],
          [
            -72.874043650000004,
            41.314334230999997,
            -25.232199999999999
          ],
          [
            -72.874043782000001,
            41.314334174000003,
            -25.232199999999999
          ],
          [
            -72.874043373999996,
            41.314333759,
            -25.189399999999999
          ],
          [
            -72.874042293000002,
            41.314333949999998,
            -25.189399999999999
          ],
          [
            -72.874042265,
            41.31433389,
            -25.189399999999999
          ],
          [
            -72.874041660000003,
            41.314332790000002,
            -25.2028
          ],
          [
            -72.874036396999998,
            41.314327194000001,
            -25.1556
          ],
          [
            -72.874034619,
            41.314323895999998,
            -25.134799999999998
          ],
          [
            -72.874028890000005,
            41.314319302000001,
            -25.026700000000002
          ],
          [
            -72.874028674000002,
            41.314319400999999,
            -25.023900000000001
          ],
          [
            -72.874028674000002,
            41.314319400999999,
            -25.023900000000001
          ],
          [
            -72.874028674000002,
            41.314319400999999,
            -25.023900000000001
          ],
          [
            -72.874028674000002,
            41.314319400999999,
            -25.023900000000001
          ],
          [
            -72.874028674000002,
            41.314319400999999,
            -25.023900000000001
          ],
          [
            -72.874019386000001,
            41.314307214000003,
            -24.7332
          ],
          [
            -72.874020451999996,
            41.314314287000002,
            -24.686199999999999
          ],
          [
            -72.87401946,
            41.314312514999997,
            -24.687899999999999
          ],
          [
            -72.874018792000001,
            41.314311320000002,
            -24.687899999999999
          ],
          [
            -72.874018738999993,
            41.314311226000001,
            -24.687899999999999
          ],
          [
            -72.874018738000004,
            41.314311222999997,
            -24.687899999999999
          ],
          [
            -72.874018280000001,
            41.314310405000001,
            -24.687899999999999
          ],
          [
            -72.874017933999994,
            41.314309786999999,
            -24.687899999999999
          ],
          [
            -72.874016881000003,
            41.314308527999998,
            -24.407299999999999
          ],
          [
            -72.874015854000007,
            41.314307231999997,
            -24.445499999999999
          ],
          [
            -72.874013637999994,
            41.314306461999998,
            -24.4526
          ],
          [
            -72.874013606000005,
            41.314306412999997,
            -24.4526
          ],
          [
            -72.874013310999999,
            41.314306483000003,
            -24.447800000000001
          ],
          [
            -72.874013211000005,
            41.314306383999998,
            -24.447800000000001
          ],
          [
            -72.874013184000006,
            41.314306357,
            -24.447800000000001
          ],
          [
            -72.874013438999995,
            41.314306363999997,
            -24.3123
          ],
          [
            -72.874013443999999,
            41.314304856,
            -24.3096
          ],
          [
            -72.874013434000005,
            41.314304847000002,
            -24.3096
          ],
          [
            -72.874012902999993,
            41.314304821,
            -24.3096
          ],
          [
            -72.874011977999999,
            41.314303958000004,
            -24.3096
          ],
          [
            -72.874011382999996,
            41.314304161000003,
            -24.3978
          ],
          [
            -72.873999292999997,
            41.314297252000003,
            -24.4863
          ],
          [
            -72.874002576999999,
            41.314295192000003,
            -24.543900000000001
          ],
          [
            -72.874006276000003,
            41.314284794999999,
            -24.525300000000001
          ],
          [
            -72.874017117999998,
            41.314279874,
            -24.6767
          ],
          [
            -72.874024806999998,
            41.314277386999997,
            -24.767600000000002
          ],
          [
            -72.874028112999994,
            41.314275535999997,
            -24.720099999999999
          ],
          [
            -72.874035031999995,
            41.314271761999997,
            -24.767499999999998
          ],
          [
            -72.874035230000004,
            41.314271613000003,
            -24.768000000000001
          ],
          [
            -72.874035230000004,
            41.314271613000003,
            -24.768000000000001
          ],
          [
            -72.874035659,
            41.314277599999997,
            -24.6816
          ],
          [
            -72.874037771000005,
            41.314279843999998,
            -24.728300000000001
          ],
          [
            -72.874029364999998,
            41.314278260999998,
            -24.729299999999999
          ],
          [
            -72.874028170000003,
            41.314278538000003,
            -24.729299999999999
          ],
          [
            -72.874028218000007,
            41.314278530999999,
            -24.729299999999999
          ],
          [
            -72.874028222000007,
            41.314279714000001,
            -24.6889
          ],
          [
            -72.874027451000003,
            41.314278211999998,
            -24.742799999999999
          ],
          [
            -72.874027276000007,
            41.314277906000001,
            -24.723299999999998
          ],
          [
            -72.874027382999998,
            41.314277967999999,
            -24.726900000000001
          ],
          [
            -72.874027385000005,
            41.314277969000003,
            -24.726900000000001
          ],
          [
            -72.874029602999997,
            41.314279397999996,
            -24.726900000000001
          ],
          [
            -72.874030476000001,
            41.314279673000001,
            -24.795400000000001
          ],
          [
            -72.874030826999999,
            41.314279655999997,
            -24.911799999999999
          ],
          [
            -72.874031259999995,
            41.314279786999997,
            -24.930199999999999
          ],
          [
            -72.874039400000001,
            41.314284172000001,
            -24.910599999999999
          ],
          [
            -72.874039972999995,
            41.314283811999999,
            -24.948899999999998
          ],
          [
            -72.874039929000006,
            41.314283830000001,
            -24.953499999999998
          ],
          [
            -72.874039929000006,
            41.314283830000001,
            -24.953499999999998
          ],
          [
            -72.874039929000006,
            41.314283830000001,
            -24.953499999999998
          ],
          [
            -72.874039929000006,
            41.314283830000001,
            -24.953499999999998
          ],
          [
            -72.874039929000006,
            41.314283830000001,
            -24.953499999999998
          ],
          [
            -72.874039816999996,
            41.314281698000002,
            -24.961300000000001
          ],
          [
            -72.874044623000003,
            41.314280531999998,
            -25.017299999999999
          ],
          [
            -72.874055834999993,
            41.314275449999997,
            -24.970300000000002
          ],
          [
            -72.874058351000002,
            41.314273061000002,
            -25.0441
          ],
          [
            -72.874063813000006,
            41.314266265000001,
            -24.994399999999999
          ],
          [
            -72.874057316999995,
            41.314264532999999,
            -24.949300000000001
          ],
          [
            -72.874046250999996,
            41.314261565999999,
            -24.909400000000002
          ],
          [
            -72.874046813999996,
            41.314253837000003,
            -24.890000000000001
          ],
          [
            -72.874037348000002,
            41.314245946,
            -25.044
          ],
          [
            -72.874029644000004,
            41.314238994,
            -24.901299999999999
          ],
          [
            -72.874024177999999,
            41.314233664,
            -24.8782
          ],
          [
            -72.874023031999997,
            41.314224948000003,
            -24.9087
          ],
          [
            -72.874015951000004,
            41.314220259999999,
            -24.786200000000001
          ],
          [
            -72.874014978999995,
            41.314218343999997,
            -24.6614
          ],
          [
            -72.874015188000001,
            41.314210979999999,
            -24.689800000000002
          ],
          [
            -72.874012804000003,
            41.314213432000003,
            -24.787199999999999
          ],
          [
            -72.874013962999996,
            41.314212318999999,
            -24.790199999999999
          ],
          [
            -72.874010307000006,
            41.314210324000001,
            -24.8935
          ],
          [
            -72.874010292999998,
            41.314210359999997,
            -24.892099999999999
          ],
          [
            -72.874005101999998,
            41.314213877999997,
            -24.947900000000001
          ],
          [
            -72.874005108000006,
            41.314213873999996,
            -24.940799999999999
          ],
          [
            -72.874003336000001,
            41.314214856,
            -25.010400000000001
          ],
          [
            -72.874003336000001,
            41.314214856,
            -25.010400000000001
          ]
        ],
        "type" : "LineString"
      }
    },
    {
      "geometry" : {
        "type" : "LineString",
        "coordinates" : [
          [
            -72.873886046999999,
            41.314442167999999,
            -26.043099999999999
          ],
          [
            -72.873885461,
            41.314441438000003,
            -25.9544
          ],
          [
            -72.873889070999994,
            41.314441291999998,
            -26.003699999999998
          ],
          [
            -72.873897243000002,
            41.31443857,
            -26.0962
          ],
          [
            -72.873904203999999,
            41.314435277999998,
            -26.1433
          ],
          [
            -72.873908380000003,
            41.314430076000001,
            -26.202999999999999
          ],
          [
            -72.873905844999996,
            41.314424058999997,
            -26.121700000000001
          ],
          [
            -72.873900692999996,
            41.314420695000003,
            -25.9788
          ],
          [
            -72.873894633999996,
            41.314416033999997,
            -25.945699999999999
          ],
          [
            -72.873893621999997,
            41.314414005000003,
            -25.815100000000001
          ],
          [
            -72.873897334000006,
            41.314411790000001,
            -25.7607
          ],
          [
            -72.873903545000005,
            41.314416952000002,
            -25.791899999999998
          ],
          [
            -72.873907450999994,
            41.314422288999999,
            -25.526299999999999
          ],
          [
            -72.873912008000005,
            41.314429107000002,
            -25.700099999999999
          ],
          [
            -72.873910985999999,
            41.314431630999998,
            -26.079699999999999
          ],
          [
            -72.873893378000005,
            41.314443781000001,
            -25.885300000000001
          ],
          [
            -72.873883809000006,
            41.314446066000002,
            -25.643799999999999
          ],
          [
            -72.873877008999997,
            41.314436510999997,
            -25.6983
          ],
          [
            -72.873873740999997,
            41.314428372000002,
            -25.867799999999999
          ],
          [
            -72.873868947000005,
            41.314424963999997,
            -25.8323
          ],
          [
            -72.873866687000003,
            41.314425143999998,
            -25.709399999999999
          ],
          [
            -72.873865448999993,
            41.314427795999997,
            -25.779399999999999
          ],
          [
            -72.873864221999995,
            41.314430062,
            -25.876000000000001
          ],
          [
            -72.873863994000004,
            41.314433381999997,
            -25.834900000000001
          ],
          [
            -72.873864260000005,
            41.314433573999999,
            -25.9389
          ],
          [
            -72.873871934999997,
            41.314434251000002,
            -25.936800000000002
          ],
          [
            -72.873880412000005,
            41.314436766999997,
            -25.949200000000001
          ],
          [
            -72.873886068000004,
            41.314441354000003,
            -26.0654
          ],
          [
            -72.873884297999993,
            41.314447309000002,
            -26.172799999999999
          ],
          [
            -72.873870795000002,
            41.314452639999999,
            -26.279
          ],
          [
            -72.873858618,
            41.314453207,
            -26.311800000000002
          ],
          [
            -72.873856207000003,
            41.314449392999997,
            -26.244199999999999
          ],
          [
            -72.873858913999996,
            41.314448910000003,
            -26.2851
          ]
        ]
      },
      "type" : "Feature",
      "properties" : {
        "Remarks" : "",
        "Length" : 20.218281586510511,
        "Name" : "golden alexander 2023~"
      }
    },
    {
      "properties" : {
        "Remarks" : "",
        "Name" : "goldenrod 22",
        "Length" : 27.183042657497182
      },
      "geometry" : {
        "type" : "LineString",
        "coordinates" : [
          [
            -72.873782306999999,
            41.314485967000003,
            -26.004799999999999
          ],
          [
            -72.873782020999997,
            41.314485851000001,
            -25.988800000000001
          ],
          [
            -72.873782168999995,
            41.314486014000003,
            -25.9863
          ],
          [
            -72.873781925000003,
            41.314484237000002,
            -25.932600000000001
          ],
          [
            -72.873783829000004,
            41.314484039,
            -25.952100000000002
          ],
          [
            -72.873781584,
            41.314482503999997,
            -25.853100000000001
          ],
          [
            -72.873777148000002,
            41.314476620000001,
            -25.6661
          ],
          [
            -72.873778709000007,
            41.314478078999997,
            -25.742899999999999
          ],
          [
            -72.873777548999996,
            41.314478282000003,
            -25.801200000000001
          ],
          [
            -72.873775748,
            41.314477773,
            -25.697900000000001
          ],
          [
            -72.873765864000006,
            41.314470641,
            -25.876200000000001
          ],
          [
            -72.873765098999996,
            41.314468955000002,
            -25.7989
          ],
          [
            -72.873763968999995,
            41.314466043000003,
            -26.1401
          ],
          [
            -72.873767514999997,
            41.314462038000002,
            -26.181699999999999
          ],
          [
            -72.873768470000002,
            41.314460056000001,
            -26.061199999999999
          ],
          [
            -72.873767706999999,
            41.314459739,
            -26.127800000000001
          ],
          [
            -72.873770854,
            41.314458434000002,
            -26.149799999999999
          ],
          [
            -72.873771005999998,
            41.314454718,
            -26.044699999999999
          ],
          [
            -72.873771949000002,
            41.314453360000002,
            -25.936399999999999
          ],
          [
            -72.873771140000002,
            41.314447149999999,
            -25.910699999999999
          ],
          [
            -72.873772106000004,
            41.314445335999999,
            -26.1099
          ],
          [
            -72.873770774999997,
            41.314444516999998,
            -26.023499999999999
          ],
          [
            -72.873771149000007,
            41.314443926999999,
            -25.979700000000001
          ],
          [
            -72.873769237999994,
            41.314440347000001,
            -25.962700000000002
          ],
          [
            -72.873771391999995,
            41.314441858999999,
            -25.896000000000001
          ],
          [
            -72.873768792999996,
            41.314438508000002,
            -25.9055
          ],
          [
            -72.873767955000005,
            41.314434998000003,
            -25.8523
          ],
          [
            -72.873767650999994,
            41.314436442999998,
            -25.773199999999999
          ],
          [
            -72.873780878999995,
            41.314434050000003,
            -26.154499999999999
          ],
          [
            -72.873779546999998,
            41.314431069999998,
            -25.924099999999999
          ],
          [
            -72.873780050999997,
            41.314430688000002,
            -25.990300000000001
          ],
          [
            -72.873779069999998,
            41.314430801,
            -25.9497
          ],
          [
            -72.873778556999994,
            41.314431251999999,
            -25.956900000000001
          ],
          [
            -72.873780366000005,
            41.314429640999997,
            -25.697500000000002
          ],
          [
            -72.873779739,
            41.314430053000002,
            -25.6631
          ],
          [
            -72.873780784000004,
            41.314429601000001,
            -25.5869
          ],
          [
            -72.873783235000005,
            41.314430879,
            -25.620000000000001
          ],
          [
            -72.873782856000005,
            41.314431259999999,
            -25.564900000000002
          ],
          [
            -72.873781946999998,
            41.314430481000002,
            -25.5976
          ],
          [
            -72.873780162000003,
            41.314431442,
            -25.591000000000001
          ],
          [
            -72.873780237999995,
            41.314430688999998,
            -25.643599999999999
          ],
          [
            -72.873779757999998,
            41.314431366000001,
            -25.6252
          ],
          [
            -72.873778899000001,
            41.314431669999998,
            -25.685099999999998
          ],
          [
            -72.873779615000004,
            41.314431757999998,
            -25.7438
          ],
          [
            -72.873778232000006,
            41.314431202000002,
            -25.684999999999999
          ],
          [
            -72.873778286999993,
            41.314431012999997,
            -25.796199999999999
          ],
          [
            -72.873777192999995,
            41.314431603000003,
            -25.804400000000001
          ],
          [
            -72.873777497999995,
            41.314431480000003,
            -25.732500000000002
          ],
          [
            -72.873780724,
            41.314431484000004,
            -25.575099999999999
          ],
          [
            -72.873781980999993,
            41.314432754000002,
            -25.575700000000001
          ],
          [
            -72.873783005999996,
            41.314432496000002,
            -25.534700000000001
          ],
          [
            -72.873783927000005,
            41.314430999999999,
            -25.478200000000001
          ],
          [
            -72.873786258999999,
            41.314436882000003,
            -25.390899999999998
          ],
          [
            -72.873787316000005,
            41.314436815000001,
            -25.4724
          ],
          [
            -72.873788503,
            41.314438871,
            -25.549800000000001
          ],
          [
            -72.873794153000006,
            41.314435660000001,
            -25.650700000000001
          ],
          [
            -72.873794324000002,
            41.314438527999997,
            -25.7438
          ],
          [
            -72.873802296999997,
            41.314436387999997,
            -25.781099999999999
          ],
          [
            -72.873803770999999,
            41.314438393000003,
            -25.746400000000001
          ],
          [
            -72.873812893999997,
            41.314435664999998,
            -25.758199999999999
          ],
          [
            -72.873814985999999,
            41.314440161999997,
            -25.886900000000001
          ],
          [
            -72.873823830999996,
            41.314440255999997,
            -25.997699999999998
          ],
          [
            -72.873838194000001,
            41.314442165000003,
            -24.946899999999999
          ],
          [
            -72.873838598000006,
            41.314450897,
            -25.000399999999999
          ],
          [
            -72.873843441000005,
            41.314457357000002,
            -25.058399999999999
          ],
          [
            -72.873844947999999,
            41.314461942999998,
            -25.2653
          ],
          [
            -72.873847670999993,
            41.314464823999998,
            -25.212800000000001
          ],
          [
            -72.873846255000004,
            41.314469750000001,
            -25.557099999999998
          ],
          [
            -72.873840744000006,
            41.314474128999997,
            -25.719999999999999
          ],
          [
            -72.873830768000005,
            41.314482722000001,
            -25.700099999999999
          ],
          [
            -72.873817713999998,
            41.314487274999998,
            -25.514099999999999
          ],
          [
            -72.873806353000006,
            41.314489186000003,
            -25.6844
          ],
          [
            -72.873797030999995,
            41.314487034999999,
            -25.730499999999999
          ],
          [
            -72.873794547000003,
            41.314485234999999,
            -25.920400000000001
          ],
          [
            -72.873798519999994,
            41.314483373999998,
            -25.854199999999999
          ]
        ]
      },
      "type" : "Feature"
    }
  ]
}